zip_path,bytes,sha256,category,reason,replacement_or_source
audit-output/bars.sqlite,82022400,e09a8caffb00f9f459db22ba446fcdc325d47878e3e0e203696cb73d0f5d25f9,cache_derive_binaire,"Base SQLite dérivée, omise pour éviter un binaire de 82 Mo ; reconstruite par replay.py depuis les archives hashées.",README_EXPORT.md : restauration hors production
audit-input/all_buy_emails.json,331857,18ee8917d27965ff5d8f82884128c0891dcdbdf86d405be126aaf9dfacf8b1e9,preuve_privee,Emails/contexte conversationnel privés exclus du dépôt public. La preuve brute privée ne peut pas être reconstituée depuis cet export.,audit-input/mail_availability.json (125 jointures expurgées) ; rapport final pour conclusions
audit-input/chat_evidence.json,12685,f6a25e48638494759eec210c24ec9763baf5277e2750ab08121ba624b7f39a15,preuve_privee,Emails/contexte conversationnel privés exclus du dépôt public. La preuve brute privée ne peut pas être reconstituée depuis cet export.,audit-input/mail_availability.json (125 jointures expurgées) ; rapport final pour conclusions
audit-input/decision_history/2026-09-24/20260924T002537Z-260998c2.json.gz.b64,187137,95c24084f0140941849866fb363c58eabe2421140d974e3eb3468177621f781c,archive_publique_dupliquee,"Archive compressée déjà versionnée ; copie base64 omise, restauration depuis le Git blob immuable.",https://raw.githubusercontent.com/Vadimrom-create/bitvavo-live/0fbc84babfe8567d40979e2a3f695ca57c001182/decision_history/2026-09-24/20260924T002537Z-260998c2.json.gz
audit-input/decision_history/2026-09-25/20260925T215951Z-a7116628.json.gz.b64,169610,872d8701f86fa28e886bb5ab32a2250a931dacfa8dcb558ef7a073d524cb7695,archive_publique_dupliquee,"Archive compressée déjà versionnée ; copie base64 omise, restauration depuis le Git blob immuable.",https://raw.githubusercontent.com/Vadimrom-create/bitvavo-live/0fbc84babfe8567d40979e2a3f695ca57c001182/decision_history/2026-09-25/20260925T215951Z-a7116628.json.gz
audit-input/decision_history/2026-09-27/20260927T002351Z-865925ce.json.gz.b64,162225,03f5b5cbe1edcb2e9a3dd8be740dfa70cf15f56b7bb6acd7c7f08f2787d9a77d,archive_publique_dupliquee,"Archive compressée déjà versionnée ; copie base64 omise, restauration depuis le Git blob immuable.",https://raw.githubusercontent.com/Vadimrom-create/bitvavo-live/0fbc84babfe8567d40979e2a3f695ca57c001182/decision_history/2026-09-27/20260927T002351Z-865925ce.json.gz
audit-input/email_evidence.json,17732,3bbac7bb7dd4bd3acaf236dc4533f033b1b64d6098a9c1ef66435beece672739,preuve_privee,Emails/contexte conversationnel privés exclus du dépôt public. La preuve brute privée ne peut pas être reconstituée depuis cet export.,audit-input/mail_availability.json (125 jointures expurgées) ; rapport final pour conclusions
audit-input/history/2026-09-21/20260920T235850Z-c61e42c7.json.gz.b64,603873,bb11b1dd45d0980ed856f3751192ff57e612ae0c21a735b55202d3fddd1c0b42,archive_publique_dupliquee,"Archive compressée déjà versionnée ; copie base64 omise, restauration depuis le Git blob immuable.",https://raw.githubusercontent.com/Vadimrom-create/bitvavo-live/0fbc84babfe8567d40979e2a3f695ca57c001182/history/2026-09-21/20260920T235850Z-c61e42c7.json.gz
audit-input/history/2026-09-21/20260921T002543Z-3d979fd9.json.gz.b64,655390,dd6dc0aef2db18edd808ecdeca895759d5bef589240d7bfa1e4df79e67692dfc,archive_publique_dupliquee,"Archive compressée déjà versionnée ; copie base64 omise, restauration depuis le Git blob immuable.",https://raw.githubusercontent.com/Vadimrom-create/bitvavo-live/0fbc84babfe8567d40979e2a3f695ca57c001182/history/2026-09-21/20260921T002543Z-3d979fd9.json.gz
audit-input/history/2026-09-21/20260921T004817Z-a6cdddf7.json.gz.b64,632986,281e224eee4a9ba90f8dedf95980564db2066fa2ea7ef66da11ba1ee595da094,archive_publique_dupliquee,"Archive compressée déjà versionnée ; copie base64 omise, restauration depuis le Git blob immuable.",https://raw.githubusercontent.com/Vadimrom-create/bitvavo-live/0fbc84babfe8567d40979e2a3f695ca57c001182/history/2026-09-21/20260921T004817Z-a6cdddf7.json.gz
audit-input/history/2026-09-21/20260921T010135Z-2fd6eaac.json.gz.b64,626972,c1a769ee05c7e3ec3de6b7e21aaf3af68c65c0999fb8440a4b9d6400875b3015,archive_publique_dupliquee,"Archive compressée déjà versionnée ; copie base64 omise, restauration depuis le Git blob immuable.",https://raw.githubusercontent.com/Vadimrom-create/bitvavo-live/0fbc84babfe8567d40979e2a3f695ca57c001182/history/2026-09-21/20260921T010135Z-2fd6eaac.json.gz
audit-input/history/2026-09-21/20260921T012027Z-0f29908b.json.gz.b64,632279,3971801c7a995fb83a3f8aab48a3b8eef899150395455685a0748da979097d14,archive_publique_dupliquee,"Archive compressée déjà versionnée ; copie base64 omise, restauration depuis le Git blob immuable.",https://raw.githubusercontent.com/Vadimrom-create/bitvavo-live/0fbc84babfe8567d40979e2a3f695ca57c001182/history/2026-09-21/20260921T012027Z-0f29908b.json.gz
audit-input/history/2026-09-21/20260921T013732Z-4a0fcd21.json.gz.b64,640095,c762b89cee64ce3f77e23eca3661e73e9ca59e2cc76ee4eb8efad23d4b23a51c,archive_publique_dupliquee,"Archive compressée déjà versionnée ; copie base64 omise, restauration depuis le Git blob immuable.",https://raw.githubusercontent.com/Vadimrom-create/bitvavo-live/0fbc84babfe8567d40979e2a3f695ca57c001182/history/2026-09-21/20260921T013732Z-4a0fcd21.json.gz
audit-input/history/2026-09-21/20260921T015307Z-1b8105f0.json.gz.b64,627118,071181253c414a0565c5728cac5f392644cd9045a849bda07bbb9e22b949cc0d,archive_publique_dupliquee,"Archive compressée déjà versionnée ; copie base64 omise, restauration depuis le Git blob immuable.",https://raw.githubusercontent.com/Vadimrom-create/bitvavo-live/0fbc84babfe8567d40979e2a3f695ca57c001182/history/2026-09-21/20260921T015307Z-1b8105f0.json.gz
audit-input/history/2026-09-21/20260921T021119Z-c825def4.json.gz.b64,633059,c509d86c3afca23f53fc9f3193e6202c9f1c825fd60979dddc67c514ff8e63dc,archive_publique_dupliquee,"Archive compressée déjà versionnée ; copie base64 omise, restauration depuis le Git blob immuable.",https://raw.githubusercontent.com/Vadimrom-create/bitvavo-live/0fbc84babfe8567d40979e2a3f695ca57c001182/history/2026-09-21/20260921T021119Z-c825def4.json.gz
audit-input/history/2026-09-21/20260921T023031Z-e3b6b630.json.gz.b64,622157,899835f360289937b50baf59929e5f7964d91717b70aa80c68f930173d5bf409,archive_publique_dupliquee,"Archive compressée déjà versionnée ; copie base64 omise, restauration depuis le Git blob immuable.",https://raw.githubusercontent.com/Vadimrom-create/bitvavo-live/0fbc84babfe8567d40979e2a3f695ca57c001182/history/2026-09-21/20260921T023031Z-e3b6b630.json.gz
audit-input/history/2026-09-21/20260921T024815Z-5cffaf83.json.gz.b64,609009,ac403738f451b3755088f12b3cc455c51bfdef7350da44594676089222d18f7d,archive_publique_dupliquee,"Archive compressée déjà versionnée ; copie base64 omise, restauration depuis le Git blob immuable.",https://raw.githubusercontent.com/Vadimrom-create/bitvavo-live/0fbc84babfe8567d40979e2a3f695ca57c001182/history/2026-09-21/20260921T024815Z-5cffaf83.json.gz
audit-input/history/2026-09-21/20260921T030041Z-3a005cd9.json.gz.b64,612242,ed7b719defe633c0ddc209241df7a5a6fa70ddd608dc804b79d92ecc634050f9,archive_publique_dupliquee,"Archive compressée déjà versionnée ; copie base64 omise, restauration depuis le Git blob immuable.",https://raw.githubusercontent.com/Vadimrom-create/bitvavo-live/0fbc84babfe8567d40979e2a3f695ca57c001182/history/2026-09-21/20260921T030041Z-3a005cd9.json.gz
audit-input/history/2026-09-21/20260921T032159Z-9136ae13.json.gz.b64,623182,308b755a2fc42e792cf407c0668c02b4afbe7b036d46e5baf6dec94fc9c49509,archive_publique_dupliquee,"Archive compressée déjà versionnée ; copie base64 omise, restauration depuis le Git blob immuable.",https://raw.githubusercontent.com/Vadimrom-create/bitvavo-live/0fbc84babfe8567d40979e2a3f695ca57c001182/history/2026-09-21/20260921T032159Z-9136ae13.json.gz
audit-input/history/2026-09-21/20260921T034131Z-c71cc534.json.gz.b64,621087,d684ada0e1469726fe189cd006846054a1879515bb9ea14f2cc163366b7be14e,archive_publique_dupliquee,"Archive compressée déjà versionnée ; copie base64 omise, restauration depuis le Git blob immuable.",https://raw.githubusercontent.com/Vadimrom-create/bitvavo-live/0fbc84babfe8567d40979e2a3f695ca57c001182/history/2026-09-21/20260921T034131Z-c71cc534.json.gz
audit-input/history/2026-09-21/20260921T035711Z-f877e09a.json.gz.b64,615935,7613541c6caec9d088c524501669f18c2a4bf650e30e26c782089cc0c28ff937,archive_publique_dupliquee,"Archive compressée déjà versionnée ; copie base64 omise, restauration depuis le Git blob immuable.",https://raw.githubusercontent.com/Vadimrom-create/bitvavo-live/0fbc84babfe8567d40979e2a3f695ca57c001182/history/2026-09-21/20260921T035711Z-f877e09a.json.gz
audit-input/history/2026-09-21/20260921T041900Z-e8a5dd8c.json.gz.b64,630717,23b97449c6b17f3d8cf903468ec40fe788a65a7d0e68d1d406518cfee7c0feeb,archive_publique_dupliquee,"Archive compressée déjà versionnée ; copie base64 omise, restauration depuis le Git blob immuable.",https://raw.githubusercontent.com/Vadimrom-create/bitvavo-live/0fbc84babfe8567d40979e2a3f695ca57c001182/history/2026-09-21/20260921T041900Z-e8a5dd8c.json.gz
audit-input/history/2026-09-21/20260921T043759Z-d80d7519.json.gz.b64,619192,a28337bc99a6d769b5fc1c1d67e9a9b60a4e5c3bed788ea9fb41843e73d52467,archive_publique_dupliquee,"Archive compressée déjà versionnée ; copie base64 omise, restauration depuis le Git blob immuable.",https://raw.githubusercontent.com/Vadimrom-create/bitvavo-live/0fbc84babfe8567d40979e2a3f695ca57c001182/history/2026-09-21/20260921T043759Z-d80d7519.json.gz
audit-input/history/2026-09-21/20260921T045416Z-089043b4.json.gz.b64,635528,b4b6af5651c822240c6cbef2e91d8ad3db5023e04f1459c67e7d3d9a5f164876,archive_publique_dupliquee,"Archive compressée déjà versionnée ; copie base64 omise, restauration depuis le Git blob immuable.",https://raw.githubusercontent.com/Vadimrom-create/bitvavo-live/0fbc84babfe8567d40979e2a3f695ca57c001182/history/2026-09-21/20260921T045416Z-089043b4.json.gz
audit-input/history/2026-09-21/20260921T051328Z-61a59abd.json.gz.b64,626264,89613af71e962ead0ae3211907c764f87e58a6fc1f2d67c297767cbea4cf6ae0,archive_publique_dupliquee,"Archive compressée déjà versionnée ; copie base64 omise, restauration depuis le Git blob immuable.",https://raw.githubusercontent.com/Vadimrom-create/bitvavo-live/0fbc84babfe8567d40979e2a3f695ca57c001182/history/2026-09-21/20260921T051328Z-61a59abd.json.gz
audit-input/history/2026-09-21/20260921T053147Z-c1153270.json.gz.b64,629497,1b17bb82ed8b5b078c93f935a36a0b5fbe8a1c7777dd179ac488e3bc329e7a63,archive_publique_dupliquee,"Archive compressée déjà versionnée ; copie base64 omise, restauration depuis le Git blob immuable.",https://raw.githubusercontent.com/Vadimrom-create/bitvavo-live/0fbc84babfe8567d40979e2a3f695ca57c001182/history/2026-09-21/20260921T053147Z-c1153270.json.gz
audit-input/history/2026-09-21/20260921T054801Z-a26edc8c.json.gz.b64,623072,15f446ac4294d4296d642a9d5f1da4a2f4841e61ed51372924fb45115540bbbf,archive_publique_dupliquee,"Archive compressée déjà versionnée ; copie base64 omise, restauration depuis le Git blob immuable.",https://raw.githubusercontent.com/Vadimrom-create/bitvavo-live/0fbc84babfe8567d40979e2a3f695ca57c001182/history/2026-09-21/20260921T054801Z-a26edc8c.json.gz
audit-input/history/2026-09-21/20260921T060045Z-85dc72f7.json.gz.b64,611791,13b7f5420fac1b9c521c31c7751989cf297df252b7d89333b35b90fe762cfad3,archive_publique_dupliquee,"Archive compressée déjà versionnée ; copie base64 omise, restauration depuis le Git blob immuable.",https://raw.githubusercontent.com/Vadimrom-create/bitvavo-live/0fbc84babfe8567d40979e2a3f695ca57c001182/history/2026-09-21/20260921T060045Z-85dc72f7.json.gz
audit-input/history/2026-09-21/20260921T062839Z-cb3068c4.json.gz.b64,645560,7aee1f3e4c1727cc3717695c39c51219fdeb59a4426604caa1995c30e3981cb2,archive_publique_dupliquee,"Archive compressée déjà versionnée ; copie base64 omise, restauration depuis le Git blob immuable.",https://raw.githubusercontent.com/Vadimrom-create/bitvavo-live/0fbc84babfe8567d40979e2a3f695ca57c001182/history/2026-09-21/20260921T062839Z-cb3068c4.json.gz
audit-input/history/2026-09-21/20260921T065206Z-2e5c4560.json.gz.b64,636248,54081eb6ef50e7a2d9d2b01d28130d1ec90334c31cae4efca1ac08f2416b82e4,archive_publique_dupliquee,"Archive compressée déjà versionnée ; copie base64 omise, restauration depuis le Git blob immuable.",https://raw.githubusercontent.com/Vadimrom-create/bitvavo-live/0fbc84babfe8567d40979e2a3f695ca57c001182/history/2026-09-21/20260921T065206Z-2e5c4560.json.gz
audit-input/history/2026-09-21/20260921T071013Z-70c8805d.json.gz.b64,640762,547bcf06238320064e441942e82d5d579388cf997014e2943e7833773796fae4,archive_publique_dupliquee,"Archive compressée déjà versionnée ; copie base64 omise, restauration depuis le Git blob immuable.",https://raw.githubusercontent.com/Vadimrom-create/bitvavo-live/0fbc84babfe8567d40979e2a3f695ca57c001182/history/2026-09-21/20260921T071013Z-70c8805d.json.gz
audit-input/history/2026-09-21/20260921T073058Z-c905cfb8.json.gz.b64,636134,022b70e0656c603d6234039cef796ac88da5b1ed9c8eb0eb5e5bc88895b4c4e8,archive_publique_dupliquee,"Archive compressée déjà versionnée ; copie base64 omise, restauration depuis le Git blob immuable.",https://raw.githubusercontent.com/Vadimrom-create/bitvavo-live/0fbc84babfe8567d40979e2a3f695ca57c001182/history/2026-09-21/20260921T073058Z-c905cfb8.json.gz
audit-input/history/2026-09-21/20260921T074905Z-1afa9a1e.json.gz.b64,637582,18b5f7bbf0b3cc9ebbcca77f04d82458b2014d1cabd33e3b4a8a7d5f86f11fd6,archive_publique_dupliquee,"Archive compressée déjà versionnée ; copie base64 omise, restauration depuis le Git blob immuable.",https://raw.githubusercontent.com/Vadimrom-create/bitvavo-live/0fbc84babfe8567d40979e2a3f695ca57c001182/history/2026-09-21/20260921T074905Z-1afa9a1e.json.gz
audit-input/history/2026-09-21/20260921T080310Z-790bec39.json.gz.b64,621417,3524d31915eeb581d45bd2a2e3ca33da3926b6996dddfc60aed622d4eead513f,archive_publique_dupliquee,"Archive compressée déjà versionnée ; copie base64 omise, restauration depuis le Git blob immuable.",https://raw.githubusercontent.com/Vadimrom-create/bitvavo-live/0fbc84babfe8567d40979e2a3f695ca57c001182/history/2026-09-21/20260921T080310Z-790bec39.json.gz
audit-input/history/2026-09-21/20260921T081252Z-25cb7a65.json.gz.b64,637891,5c3f03cf4ebff2d2fa60e4e3449e065da2f23444da6e2486b1ce43b552f390f7,archive_publique_dupliquee,"Archive compressée déjà versionnée ; copie base64 omise, restauration depuis le Git blob immuable.",https://raw.githubusercontent.com/Vadimrom-create/bitvavo-live/0fbc84babfe8567d40979e2a3f695ca57c001182/history/2026-09-21/20260921T081252Z-25cb7a65.json.gz
audit-input/history/2026-09-21/20260921T082445Z-63818529.json.gz.b64,648789,54a74436b2707698105968f8c6c29d9f32403827637a9652b4003ec446672c82,archive_publique_dupliquee,"Archive compressée déjà versionnée ; copie base64 omise, restauration depuis le Git blob immuable.",https://raw.githubusercontent.com/Vadimrom-create/bitvavo-live/0fbc84babfe8567d40979e2a3f695ca57c001182/history/2026-09-21/20260921T082445Z-63818529.json.gz
audit-input/history/2026-09-21/20260921T084313Z-da48e1fb.json.gz.b64,668354,63e28c7c72010d45a621351413f3949005eec979fd40590d48636865f3c3be50,archive_publique_dupliquee,"Archive compressée déjà versionnée ; copie base64 omise, restauration depuis le Git blob immuable.",https://raw.githubusercontent.com/Vadimrom-create/bitvavo-live/0fbc84babfe8567d40979e2a3f695ca57c001182/history/2026-09-21/20260921T084313Z-da48e1fb.json.gz
audit-input/history/2026-09-21/20260921T085733Z-e8656d1d.json.gz.b64,684365,5d3c098800d32986c224cb9bc1877a6a2652ac72bf54180fa4d0c7b7b4426fb2,archive_publique_dupliquee,"Archive compressée déjà versionnée ; copie base64 omise, restauration depuis le Git blob immuable.",https://raw.githubusercontent.com/Vadimrom-create/bitvavo-live/0fbc84babfe8567d40979e2a3f695ca57c001182/history/2026-09-21/20260921T085733Z-e8656d1d.json.gz
audit-input/history/2026-09-21/20260921T092035Z-ff4d27bd.json.gz.b64,683283,25f2cd673524f8b71db09477e223beafbdd7a17b873c8ea0cc022ed641e65bad,archive_publique_dupliquee,"Archive compressée déjà versionnée ; copie base64 omise, restauration depuis le Git blob immuable.",https://raw.githubusercontent.com/Vadimrom-create/bitvavo-live/0fbc84babfe8567d40979e2a3f695ca57c001182/history/2026-09-21/20260921T092035Z-ff4d27bd.json.gz
audit-input/history/2026-09-21/20260921T093450Z-85675975.json.gz.b64,679741,04578e157929d56495a6a3893410c3c0b9cf4309a138ec9741835ce783e233db,archive_publique_dupliquee,"Archive compressée déjà versionnée ; copie base64 omise, restauration depuis le Git blob immuable.",https://raw.githubusercontent.com/Vadimrom-create/bitvavo-live/0fbc84babfe8567d40979e2a3f695ca57c001182/history/2026-09-21/20260921T093450Z-85675975.json.gz
audit-input/history/2026-09-21/20260921T094115Z-20b84586.json.gz.b64,680054,0d5bc852c52f74f0e254431048242fd54d78fd4792bceac3b8bd1ad8a6dd8ffb,archive_publique_dupliquee,"Archive compressée déjà versionnée ; copie base64 omise, restauration depuis le Git blob immuable.",https://raw.githubusercontent.com/Vadimrom-create/bitvavo-live/0fbc84babfe8567d40979e2a3f695ca57c001182/history/2026-09-21/20260921T094115Z-20b84586.json.gz
audit-input/history/2026-09-21/20260921T095314Z-36bb28d0.json.gz.b64,675910,426951da97161df013ad503e335660457d7ec9422733634c4ca1f495954120e6,archive_publique_dupliquee,"Archive compressée déjà versionnée ; copie base64 omise, restauration depuis le Git blob immuable.",https://raw.githubusercontent.com/Vadimrom-create/bitvavo-live/0fbc84babfe8567d40979e2a3f695ca57c001182/history/2026-09-21/20260921T095314Z-36bb28d0.json.gz
audit-input/history/2026-09-21/20260921T101125Z-bcb641c1.json.gz.b64,682152,7be8d42aeb81a46e6bfde351a6fbf6b90aed675db42af886fbc447a473180614,archive_publique_dupliquee,"Archive compressée déjà versionnée ; copie base64 omise, restauration depuis le Git blob immuable.",https://raw.githubusercontent.com/Vadimrom-create/bitvavo-live/0fbc84babfe8567d40979e2a3f695ca57c001182/history/2026-09-21/20260921T101125Z-bcb641c1.json.gz
audit-input/history/2026-09-21/20260921T102944Z-f6fae54f.json.gz.b64,665341,adb0de88ab137059eb868e790ee82e2fb2dd95434273f817a003b0dcb27dc0d3,archive_publique_dupliquee,"Archive compressée déjà versionnée ; copie base64 omise, restauration depuis le Git blob immuable.",https://raw.githubusercontent.com/Vadimrom-create/bitvavo-live/0fbc84babfe8567d40979e2a3f695ca57c001182/history/2026-09-21/20260921T102944Z-f6fae54f.json.gz
audit-input/history/2026-09-21/20260921T104613Z-3b23030c.json.gz.b64,658712,155ff22d9f13bd618b72dea38078cbe0725da191dfe2c3791c87a555db275fc0,archive_publique_dupliquee,"Archive compressée déjà versionnée ; copie base64 omise, restauration depuis le Git blob immuable.",https://raw.githubusercontent.com/Vadimrom-create/bitvavo-live/0fbc84babfe8567d40979e2a3f695ca57c001182/history/2026-09-21/20260921T104613Z-3b23030c.json.gz
audit-input/history/2026-09-21/20260921T105842Z-5bdee3e2.json.gz.b64,657663,6bdc7aa4a2544b24b06fa0cfccc14af86492522db09e4af28c71714ef0a1e620,archive_publique_dupliquee,"Archive compressée déjà versionnée ; copie base64 omise, restauration depuis le Git blob immuable.",https://raw.githubusercontent.com/Vadimrom-create/bitvavo-live/0fbc84babfe8567d40979e2a3f695ca57c001182/history/2026-09-21/20260921T105842Z-5bdee3e2.json.gz
audit-input/history/2026-09-21/20260921T111949Z-30c99aec.json.gz.b64,683283,c87cf1e4466ea517723428570912c5532d0abff6ed80798e2e3187802c63edaf,archive_publique_dupliquee,"Archive compressée déjà versionnée ; copie base64 omise, restauration depuis le Git blob immuable.",https://raw.githubusercontent.com/Vadimrom-create/bitvavo-live/0fbc84babfe8567d40979e2a3f695ca57c001182/history/2026-09-21/20260921T111949Z-30c99aec.json.gz
audit-input/history/2026-09-21/20260921T113745Z-f4efc0ad.json.gz.b64,676829,aa28b6b57905b7077dd2f19ecb45f40a3069be152af89ee1ddddecf99ee30432,archive_publique_dupliquee,"Archive compressée déjà versionnée ; copie base64 omise, restauration depuis le Git blob immuable.",https://raw.githubusercontent.com/Vadimrom-create/bitvavo-live/0fbc84babfe8567d40979e2a3f695ca57c001182/history/2026-09-21/20260921T113745Z-f4efc0ad.json.gz
audit-input/history/2026-09-21/20260921T115239Z-1e7fb3de.json.gz.b64,678460,16f1427d6a5d229124d7ed8379297db27030dd3282a0961451f9c6d1d7157db0,archive_publique_dupliquee,"Archive compressée déjà versionnée ; copie base64 omise, restauration depuis le Git blob immuable.",https://raw.githubusercontent.com/Vadimrom-create/bitvavo-live/0fbc84babfe8567d40979e2a3f695ca57c001182/history/2026-09-21/20260921T115239Z-1e7fb3de.json.gz
audit-input/history/2026-09-21/20260921T120543Z-3e844a6a.json.gz.b64,669969,522f516b175c26ec8ac1fd0aca75013a70fe1279f3fce7b170a711eb48bb015b,archive_publique_dupliquee,"Archive compressée déjà versionnée ; copie base64 omise, restauration depuis le Git blob immuable.",https://raw.githubusercontent.com/Vadimrom-create/bitvavo-live/0fbc84babfe8567d40979e2a3f695ca57c001182/history/2026-09-21/20260921T120543Z-3e844a6a.json.gz
audit-input/history/2026-09-21/20260921T121215Z-3b024508.json.gz.b64,665422,5ac86048b8bdcf20476b48f81d8f0f2fe18418ee5e4d128d6604d98540153c9a,archive_publique_dupliquee,"Archive compressée déjà versionnée ; copie base64 omise, restauration depuis le Git blob immuable.",https://raw.githubusercontent.com/Vadimrom-create/bitvavo-live/0fbc84babfe8567d40979e2a3f695ca57c001182/history/2026-09-21/20260921T121215Z-3b024508.json.gz
audit-input/history/2026-09-21/20260921T123419Z-c62bc05f.json.gz.b64,677878,4821bb444ab16d4bbc6a85f963be453f465d2e5fdea51ff13a967d5bf5709bef,archive_publique_dupliquee,"Archive compressée déjà versionnée ; copie base64 omise, restauration depuis le Git blob immuable.",https://raw.githubusercontent.com/Vadimrom-create/bitvavo-live/0fbc84babfe8567d40979e2a3f695ca57c001182/history/2026-09-21/20260921T123419Z-c62bc05f.json.gz
audit-input/history/2026-09-21/20260921T125153Z-06fe828c.json.gz.b64,674674,457664f3844d08cb9e28cce23366f5b2ccc0836fadb15c7b1f853058ceaab881,archive_publique_dupliquee,"Archive compressée déjà versionnée ; copie base64 omise, restauration depuis le Git blob immuable.",https://raw.githubusercontent.com/Vadimrom-create/bitvavo-live/0fbc84babfe8567d40979e2a3f695ca57c001182/history/2026-09-21/20260921T125153Z-06fe828c.json.gz
audit-input/history/2026-09-21/20260921T130722Z-178a07d5.json.gz.b64,675125,aa5eec94d8e6d2c4ac1dab5322a82aaba77eee238edc32ffb8b4a5a143f301a7,archive_publique_dupliquee,"Archive compressée déjà versionnée ; copie base64 omise, restauration depuis le Git blob immuable.",https://raw.githubusercontent.com/Vadimrom-create/bitvavo-live/0fbc84babfe8567d40979e2a3f695ca57c001182/history/2026-09-21/20260921T130722Z-178a07d5.json.gz
audit-input/history/2026-09-21/20260921T132615Z-1bf98422.json.gz.b64,689367,798d758bed8a0b802779bf2b5da392c88a8098afd98f58756b4f1f5ee9ff2def,archive_publique_dupliquee,"Archive compressée déjà versionnée ; copie base64 omise, restauration depuis le Git blob immuable.",https://raw.githubusercontent.com/Vadimrom-create/bitvavo-live/0fbc84babfe8567d40979e2a3f695ca57c001182/history/2026-09-21/20260921T132615Z-1bf98422.json.gz
audit-input/history/2026-09-21/20260921T134442Z-85c7ef36.json.gz.b64,669529,ef8ef60840447f039158d0627f95ecac2f951ed262c549e8e893ec991caaad63,archive_publique_dupliquee,"Archive compressée déjà versionnée ; copie base64 omise, restauration depuis le Git blob immuable.",https://raw.githubusercontent.com/Vadimrom-create/bitvavo-live/0fbc84babfe8567d40979e2a3f695ca57c001182/history/2026-09-21/20260921T134442Z-85c7ef36.json.gz
audit-input/history/2026-09-21/20260921T135844Z-58361449.json.gz.b64,667468,d2bb551ba6ba58d22d119775c36c3704baa94482f1bdf27ecda83f02c0017dcf,archive_publique_dupliquee,"Archive compressée déjà versionnée ; copie base64 omise, restauration depuis le Git blob immuable.",https://raw.githubusercontent.com/Vadimrom-create/bitvavo-live/0fbc84babfe8567d40979e2a3f695ca57c001182/history/2026-09-21/20260921T135844Z-58361449.json.gz
audit-input/history/2026-09-21/20260921T142040Z-c16ad25a.json.gz.b64,676544,c6baeb39cd74ddde8ea4ee2458f9f8a41cee563b4ead9b5f178f18166a3e6736,archive_publique_dupliquee,"Archive compressée déjà versionnée ; copie base64 omise, restauration depuis le Git blob immuable.",https://raw.githubusercontent.com/Vadimrom-create/bitvavo-live/0fbc84babfe8567d40979e2a3f695ca57c001182/history/2026-09-21/20260921T142040Z-c16ad25a.json.gz
audit-input/history/2026-09-21/20260921T143842Z-63aa3d44.json.gz.b64,691253,45f406746857533102bd0fc526a2bf0e5bee6fd103c2a484ac6e10d4ab67f952,archive_publique_dupliquee,"Archive compressée déjà versionnée ; copie base64 omise, restauration depuis le Git blob immuable.",https://raw.githubusercontent.com/Vadimrom-create/bitvavo-live/0fbc84babfe8567d40979e2a3f695ca57c001182/history/2026-09-21/20260921T143842Z-63aa3d44.json.gz
audit-input/history/2026-09-21/20260921T145508Z-f171164a.json.gz.b64,684080,554dfa64f4db85fc0ab6d0c977b2c2b440c48c561ede67267df591eedde34e51,archive_publique_dupliquee,"Archive compressée déjà versionnée ; copie base64 omise, restauration depuis le Git blob immuable.",https://raw.githubusercontent.com/Vadimrom-create/bitvavo-live/0fbc84babfe8567d40979e2a3f695ca57c001182/history/2026-09-21/20260921T145508Z-f171164a.json.gz
audit-input/history/2026-09-21/20260921T151310Z-47fc9bb1.json.gz.b64,691428,4fc7717c9caa287088cd0e5813cebab12216a56b5c61879711f5c72ae6a8879f,archive_publique_dupliquee,"Archive compressée déjà versionnée ; copie base64 omise, restauration depuis le Git blob immuable.",https://raw.githubusercontent.com/Vadimrom-create/bitvavo-live/0fbc84babfe8567d40979e2a3f695ca57c001182/history/2026-09-21/20260921T151310Z-47fc9bb1.json.gz
audit-input/history/2026-09-21/20260921T153018Z-dc91f919.json.gz.b64,673950,921e4bbccd5ea740149328d0ba6a8389dc6ad394e387669ffaeba9ca093cd26e,archive_publique_dupliquee,"Archive compressée déjà versionnée ; copie base64 omise, restauration depuis le Git blob immuable.",https://raw.githubusercontent.com/Vadimrom-create/bitvavo-live/0fbc84babfe8567d40979e2a3f695ca57c001182/history/2026-09-21/20260921T153018Z-dc91f919.json.gz
audit-input/history/2026-09-21/20260921T154629Z-ad41ab96.json.gz.b64,680062,1d87f7f2352af294aceeb5c35dd38b6e16360912818e9aead53054c6d247bfb7,archive_publique_dupliquee,"Archive compressée déjà versionnée ; copie base64 omise, restauration depuis le Git blob immuable.",https://raw.githubusercontent.com/Vadimrom-create/bitvavo-live/0fbc84babfe8567d40979e2a3f695ca57c001182/history/2026-09-21/20260921T154629Z-ad41ab96.json.gz
audit-input/history/2026-09-21/20260921T155945Z-c0ac00bb.json.gz.b64,673084,264d8cfadce77200242b84c74550ceb18205a5a71d140db1a07682cd79a7a38c,archive_publique_dupliquee,"Archive compressée déjà versionnée ; copie base64 omise, restauration depuis le Git blob immuable.",https://raw.githubusercontent.com/Vadimrom-create/bitvavo-live/0fbc84babfe8567d40979e2a3f695ca57c001182/history/2026-09-21/20260921T155945Z-c0ac00bb.json.gz
audit-input/history/2026-09-21/20260921T162105Z-72e1f870.json.gz.b64,692351,c8da1e07590848b9f19d8459f9e6f7af6003897d56688b9b6ea26d8e37f7bc17,archive_publique_dupliquee,"Archive compressée déjà versionnée ; copie base64 omise, restauration depuis le Git blob immuable.",https://raw.githubusercontent.com/Vadimrom-create/bitvavo-live/0fbc84babfe8567d40979e2a3f695ca57c001182/history/2026-09-21/20260921T162105Z-72e1f870.json.gz
audit-input/history/2026-09-21/20260921T163909Z-376c4eb2.json.gz.b64,689859,ceb8d3f540d1ef5b05372093ae3c5eee3aa89681994c5e427de778b3c478e464,archive_publique_dupliquee,"Archive compressée déjà versionnée ; copie base64 omise, restauration depuis le Git blob immuable.",https://raw.githubusercontent.com/Vadimrom-create/bitvavo-live/0fbc84babfe8567d40979e2a3f695ca57c001182/history/2026-09-21/20260921T163909Z-376c4eb2.json.gz
audit-input/history/2026-09-21/20260921T165426Z-9aea81c7.json.gz.b64,674430,8063ecdb94e6411ea2fe058e24376a638cfdf26b457fe71a5c66d0cb3a221cc3,archive_publique_dupliquee,"Archive compressée déjà versionnée ; copie base64 omise, restauration depuis le Git blob immuable.",https://raw.githubusercontent.com/Vadimrom-create/bitvavo-live/0fbc84babfe8567d40979e2a3f695ca57c001182/history/2026-09-21/20260921T165426Z-9aea81c7.json.gz
audit-input/history/2026-09-21/20260921T171119Z-6066904b.json.gz.b64,676117,02f6f978bf942d73e7172e69b919bc061a19624420b6c12b1e6f15ca6c3de9d2,archive_publique_dupliquee,"Archive compressée déjà versionnée ; copie base64 omise, restauration depuis le Git blob immuable.",https://raw.githubusercontent.com/Vadimrom-create/bitvavo-live/0fbc84babfe8567d40979e2a3f695ca57c001182/history/2026-09-21/20260921T171119Z-6066904b.json.gz
audit-input/history/2026-09-21/20260921T172709Z-3fe0ab6f.json.gz.b64,672665,19b415deaaf44d611b8cb04f7207799a8616d8fa31acd0f9767ca5374ee39a2e,archive_publique_dupliquee,"Archive compressée déjà versionnée ; copie base64 omise, restauration depuis le Git blob immuable.",https://raw.githubusercontent.com/Vadimrom-create/bitvavo-live/0fbc84babfe8567d40979e2a3f695ca57c001182/history/2026-09-21/20260921T172709Z-3fe0ab6f.json.gz
audit-input/history/2026-09-21/20260921T174337Z-295a6bdb.json.gz.b64,665674,ee53c07d7f34e6658827fd51841aa220ea1f051d0209bfaeacb8641869204ca5,archive_publique_dupliquee,"Archive compressée déjà versionnée ; copie base64 omise, restauration depuis le Git blob immuable.",https://raw.githubusercontent.com/Vadimrom-create/bitvavo-live/0fbc84babfe8567d40979e2a3f695ca57c001182/history/2026-09-21/20260921T174337Z-295a6bdb.json.gz
audit-input/history/2026-09-21/20260921T175014Z-62e7db47.json.gz.b64,650636,05eae47961fb51ad2ec74101391cdedc8d76fa98ff5519baef233765ab5b670a,archive_publique_dupliquee,"Archive compressée déjà versionnée ; copie base64 omise, restauration depuis le Git blob immuable.",https://raw.githubusercontent.com/Vadimrom-create/bitvavo-live/0fbc84babfe8567d40979e2a3f695ca57c001182/history/2026-09-21/20260921T175014Z-62e7db47.json.gz
audit-input/history/2026-09-21/20260921T175659Z-dfb309d2.json.gz.b64,664670,8aa4cec8bc6f4bcb94169b94f9900fd546be23736e673deac2f336cfaa59c52e,archive_publique_dupliquee,"Archive compressée déjà versionnée ; copie base64 omise, restauration depuis le Git blob immuable.",https://raw.githubusercontent.com/Vadimrom-create/bitvavo-live/0fbc84babfe8567d40979e2a3f695ca57c001182/history/2026-09-21/20260921T175659Z-dfb309d2.json.gz
audit-input/history/2026-09-21/20260921T180434Z-8d3d54f9.json.gz.b64,663450,0b07e82809d64962a258fa945bd8db9f8cb13bb877f660372c1bef3ab4772e4b,archive_publique_dupliquee,"Archive compressée déjà versionnée ; copie base64 omise, restauration depuis le Git blob immuable.",https://raw.githubusercontent.com/Vadimrom-create/bitvavo-live/0fbc84babfe8567d40979e2a3f695ca57c001182/history/2026-09-21/20260921T180434Z-8d3d54f9.json.gz
audit-input/history/2026-09-21/20260921T181134Z-6576e0a9.json.gz.b64,664466,60aa21c784cbd47b40a922ff525c3cb5ff1fcfb0d8bfdf07d4c628ab13467257,archive_publique_dupliquee,"Archive compressée déjà versionnée ; copie base64 omise, restauration depuis le Git blob immuable.",https://raw.githubusercontent.com/Vadimrom-create/bitvavo-live/0fbc84babfe8567d40979e2a3f695ca57c001182/history/2026-09-21/20260921T181134Z-6576e0a9.json.gz
audit-input/history/2026-09-21/20260921T182033Z-7ad8184e.json.gz.b64,677423,1603631fe1799243a6232ce77d987ac53f25ae3578dbda99cf545cf7c321c2d4,archive_publique_dupliquee,"Archive compressée déjà versionnée ; copie base64 omise, restauration depuis le Git blob immuable.",https://raw.githubusercontent.com/Vadimrom-create/bitvavo-live/0fbc84babfe8567d40979e2a3f695ca57c001182/history/2026-09-21/20260921T182033Z-7ad8184e.json.gz
audit-input/history/2026-09-21/20260921T184020Z-c1d7af3b.json.gz.b64,672795,9965101b9d14b2e3e5785556ffd4a9761ffb003261c76920475e04e61e642079,archive_publique_dupliquee,"Archive compressée déjà versionnée ; copie base64 omise, restauration depuis le Git blob immuable.",https://raw.githubusercontent.com/Vadimrom-create/bitvavo-live/0fbc84babfe8567d40979e2a3f695ca57c001182/history/2026-09-21/20260921T184020Z-c1d7af3b.json.gz
audit-input/history/2026-09-21/20260921T185110Z-d37aedd6.json.gz.b64,656817,6e5bc34c46b8aa937c53ffa0f76f6ef431112cd55adc74961902ca647b6094e6,archive_publique_dupliquee,"Archive compressée déjà versionnée ; copie base64 omise, restauration depuis le Git blob immuable.",https://raw.githubusercontent.com/Vadimrom-create/bitvavo-live/0fbc84babfe8567d40979e2a3f695ca57c001182/history/2026-09-21/20260921T185110Z-d37aedd6.json.gz
audit-input/history/2026-09-21/20260921T185756Z-a0d4f5b3.json.gz.b64,660493,6ad1b939548e28f1b28df965e155b6183e3c8232c634517d30c97b9c22667057,archive_publique_dupliquee,"Archive compressée déjà versionnée ; copie base64 omise, restauration depuis le Git blob immuable.",https://raw.githubusercontent.com/Vadimrom-create/bitvavo-live/0fbc84babfe8567d40979e2a3f695ca57c001182/history/2026-09-21/20260921T185756Z-a0d4f5b3.json.gz
audit-input/history/2026-09-21/20260921T190450Z-00c5292f.json.gz.b64,665202,b3c28b10266839a38b8edb86625825b555ea6b9b34ac3bed27ebd57df231e08f,archive_publique_dupliquee,"Archive compressée déjà versionnée ; copie base64 omise, restauration depuis le Git blob immuable.",https://raw.githubusercontent.com/Vadimrom-create/bitvavo-live/0fbc84babfe8567d40979e2a3f695ca57c001182/history/2026-09-21/20260921T190450Z-00c5292f.json.gz
audit-input/history/2026-09-21/20260921T191145Z-5d406892.json.gz.b64,660599,89026b172a3949ab25f822b37c3222c0ff1923c921b170e0599add29a2f754d2,archive_publique_dupliquee,"Archive compressée déjà versionnée ; copie base64 omise, restauration depuis le Git blob immuable.",https://raw.githubusercontent.com/Vadimrom-create/bitvavo-live/0fbc84babfe8567d40979e2a3f695ca57c001182/history/2026-09-21/20260921T191145Z-5d406892.json.gz
audit-input/history/2026-09-21/20260921T191846Z-f257e2ef.json.gz.b64,660859,77d7af36199f6a4fa45e9e40f2ad0c5a96ecbf796583eda5f34946d6674a06dc,archive_publique_dupliquee,"Archive compressée déjà versionnée ; copie base64 omise, restauration depuis le Git blob immuable.",https://raw.githubusercontent.com/Vadimrom-create/bitvavo-live/0fbc84babfe8567d40979e2a3f695ca57c001182/history/2026-09-21/20260921T191846Z-f257e2ef.json.gz
audit-input/history/2026-09-21/20260921T193338Z-89639623.json.gz.b64,669005,98f54a9098db344a197d00e3a97988cb302dfadf3216e4e5d79ec218e1c95ef1,archive_publique_dupliquee,"Archive compressée déjà versionnée ; copie base64 omise, restauration depuis le Git blob immuable.",https://raw.githubusercontent.com/Vadimrom-create/bitvavo-live/0fbc84babfe8567d40979e2a3f695ca57c001182/history/2026-09-21/20260921T193338Z-89639623.json.gz
audit-input/history/2026-09-21/20260921T194646Z-fe922817.json.gz.b64,658460,3638d1220f00d77f7ed5d7917f4ce55bd6ad0b289b2d99f50d7981c1618a87a2,archive_publique_dupliquee,"Archive compressée déjà versionnée ; copie base64 omise, restauration depuis le Git blob immuable.",https://raw.githubusercontent.com/Vadimrom-create/bitvavo-live/0fbc84babfe8567d40979e2a3f695ca57c001182/history/2026-09-21/20260921T194646Z-fe922817.json.gz
audit-input/history/2026-09-21/20260921T195927Z-cb0dbbcd.json.gz.b64,658862,0750e2620071d4dc317407c83662a04cb469de102242bc108c4935898afa2d48,archive_publique_dupliquee,"Archive compressée déjà versionnée ; copie base64 omise, restauration depuis le Git blob immuable.",https://raw.githubusercontent.com/Vadimrom-create/bitvavo-live/0fbc84babfe8567d40979e2a3f695ca57c001182/history/2026-09-21/20260921T195927Z-cb0dbbcd.json.gz
audit-input/history/2026-09-21/20260921T201055Z-6e712304.json.gz.b64,671994,453601375b805c832ea9b16be6fb16dedc15783d1ef794d12016587d3c5b0ecf,archive_publique_dupliquee,"Archive compressée déjà versionnée ; copie base64 omise, restauration depuis le Git blob immuable.",https://raw.githubusercontent.com/Vadimrom-create/bitvavo-live/0fbc84babfe8567d40979e2a3f695ca57c001182/history/2026-09-21/20260921T201055Z-6e712304.json.gz
audit-input/history/2026-09-21/20260921T201640Z-9fe021d9.json.gz.b64,659867,9453e71c44f6e11b7b2695bff1c2184a07c75cc2e8850b10a4054de68c6b7170,archive_publique_dupliquee,"Archive compressée déjà versionnée ; copie base64 omise, restauration depuis le Git blob immuable.",https://raw.githubusercontent.com/Vadimrom-create/bitvavo-live/0fbc84babfe8567d40979e2a3f695ca57c001182/history/2026-09-21/20260921T201640Z-9fe021d9.json.gz
audit-input/history/2026-09-21/20260921T202342Z-09157690.json.gz.b64,679745,fbb09de39cf6136bea2ef3a185f140842257e97bd9f8827c8632612e88d3f1e5,archive_publique_dupliquee,"Archive compressée déjà versionnée ; copie base64 omise, restauration depuis le Git blob immuable.",https://raw.githubusercontent.com/Vadimrom-create/bitvavo-live/0fbc84babfe8567d40979e2a3f695ca57c001182/history/2026-09-21/20260921T202342Z-09157690.json.gz
audit-input/history/2026-09-21/20260921T203011Z-9e78aabd.json.gz.b64,672648,5ca68c6cf1967e1f18da3a12d2fb7882d0cb122d98f49cb3d1329ec83746d431,archive_publique_dupliquee,"Archive compressée déjà versionnée ; copie base64 omise, restauration depuis le Git blob immuable.",https://raw.githubusercontent.com/Vadimrom-create/bitvavo-live/0fbc84babfe8567d40979e2a3f695ca57c001182/history/2026-09-21/20260921T203011Z-9e78aabd.json.gz
audit-input/history/2026-09-21/20260921T203807Z-c0fb4601.json.gz.b64,684308,bbb6707a467aeddafaaecc1afc09bc1611568e85c59847025e52ac69536ad982,archive_publique_dupliquee,"Archive compressée déjà versionnée ; copie base64 omise, restauration depuis le Git blob immuable.",https://raw.githubusercontent.com/Vadimrom-create/bitvavo-live/0fbc84babfe8567d40979e2a3f695ca57c001182/history/2026-09-21/20260921T203807Z-c0fb4601.json.gz
audit-input/history/2026-09-21/20260921T204818Z-62260930.json.gz.b64,677337,c5e5aa5ce2fa561463ecbff4688f0af496bade703b6860032e0f935208fd517b,archive_publique_dupliquee,"Archive compressée déjà versionnée ; copie base64 omise, restauration depuis le Git blob immuable.",https://raw.githubusercontent.com/Vadimrom-create/bitvavo-live/0fbc84babfe8567d40979e2a3f695ca57c001182/history/2026-09-21/20260921T204818Z-62260930.json.gz
audit-input/history/2026-09-21/20260921T205511Z-87604773.json.gz.b64,677199,571e4f4c6a26a41fc214de7db068dccabadab265b53acdd82e5a561e85362343,archive_publique_dupliquee,"Archive compressée déjà versionnée ; copie base64 omise, restauration depuis le Git blob immuable.",https://raw.githubusercontent.com/Vadimrom-create/bitvavo-live/0fbc84babfe8567d40979e2a3f695ca57c001182/history/2026-09-21/20260921T205511Z-87604773.json.gz
audit-input/history/2026-09-21/20260921T210309Z-24b35c5e.json.gz.b64,664584,a6c36e77b1a1c3bc48e56afd13852c993aeb0639353cfe8f51d90d872d6e6047,archive_publique_dupliquee,"Archive compressée déjà versionnée ; copie base64 omise, restauration depuis le Git blob immuable.",https://raw.githubusercontent.com/Vadimrom-create/bitvavo-live/0fbc84babfe8567d40979e2a3f695ca57c001182/history/2026-09-21/20260921T210309Z-24b35c5e.json.gz
audit-input/history/2026-09-21/20260921T212159Z-d477fea2.json.gz.b64,668866,3c001a2b1fc5196c87c5e45fd241e23186aff13bd7563d8faf3baa97de865701,archive_publique_dupliquee,"Archive compressée déjà versionnée ; copie base64 omise, restauration depuis le Git blob immuable.",https://raw.githubusercontent.com/Vadimrom-create/bitvavo-live/0fbc84babfe8567d40979e2a3f695ca57c001182/history/2026-09-21/20260921T212159Z-d477fea2.json.gz
audit-input/history/2026-09-21/20260921T212802Z-b3927ee2.json.gz.b64,646610,6c5744775be6e98e91fc946b43f1919240cf2a0f08959279d21e4b977ad875d4,archive_publique_dupliquee,"Archive compressée déjà versionnée ; copie base64 omise, restauration depuis le Git blob immuable.",https://raw.githubusercontent.com/Vadimrom-create/bitvavo-live/0fbc84babfe8567d40979e2a3f695ca57c001182/history/2026-09-21/20260921T212802Z-b3927ee2.json.gz
audit-input/history/2026-09-21/20260921T213434Z-a97da99f.json.gz.b64,659273,41d6c954266b0220f40a94c99d102167e5b9fee104bb6bfe02aff931c852c209,archive_publique_dupliquee,"Archive compressée déjà versionnée ; copie base64 omise, restauration depuis le Git blob immuable.",https://raw.githubusercontent.com/Vadimrom-create/bitvavo-live/0fbc84babfe8567d40979e2a3f695ca57c001182/history/2026-09-21/20260921T213434Z-a97da99f.json.gz
audit-input/history/2026-09-21/20260921T214128Z-322de5bc.json.gz.b64,654064,4f1f9e36772639dc62eac0e4aebf9ad84e859bc1755d168274f043419f619516,archive_publique_dupliquee,"Archive compressée déjà versionnée ; copie base64 omise, restauration depuis le Git blob immuable.",https://raw.githubusercontent.com/Vadimrom-create/bitvavo-live/0fbc84babfe8567d40979e2a3f695ca57c001182/history/2026-09-21/20260921T214128Z-322de5bc.json.gz
audit-input/history/2026-09-21/20260921T214816Z-c51c7315.json.gz.b64,647378,b3c572cdf6b126b29607b4f263d894e8b87b34348035fa4f0c7bbf3fce388ced,archive_publique_dupliquee,"Archive compressée déjà versionnée ; copie base64 omise, restauration depuis le Git blob immuable.",https://raw.githubusercontent.com/Vadimrom-create/bitvavo-live/0fbc84babfe8567d40979e2a3f695ca57c001182/history/2026-09-21/20260921T214816Z-c51c7315.json.gz
audit-input/history/2026-09-21/20260921T215637Z-e9e9ede7.json.gz.b64,653791,297087ce0ba6e8e66e679d3eb0d9cd15ad23e1b784a317f11392c179113b788e,archive_publique_dupliquee,"Archive compressée déjà versionnée ; copie base64 omise, restauration depuis le Git blob immuable.",https://raw.githubusercontent.com/Vadimrom-create/bitvavo-live/0fbc84babfe8567d40979e2a3f695ca57c001182/history/2026-09-21/20260921T215637Z-e9e9ede7.json.gz
audit-input/history/2026-09-21/20260921T220827Z-a54f93f5.json.gz.b64,659716,1f4468e04be2ef8addd62ec64e8599d059131c2213ad9de849bc803d34f92901,archive_publique_dupliquee,"Archive compressée déjà versionnée ; copie base64 omise, restauration depuis le Git blob immuable.",https://raw.githubusercontent.com/Vadimrom-create/bitvavo-live/0fbc84babfe8567d40979e2a3f695ca57c001182/history/2026-09-21/20260921T220827Z-a54f93f5.json.gz
audit-input/history/2026-09-21/20260921T221520Z-37d51e76.json.gz.b64,641311,79a2d966e0879832f07466c50fce6fff7c0df131847643aeb258c4f25dd4aa55,archive_publique_dupliquee,"Archive compressée déjà versionnée ; copie base64 omise, restauration depuis le Git blob immuable.",https://raw.githubusercontent.com/Vadimrom-create/bitvavo-live/0fbc84babfe8567d40979e2a3f695ca57c001182/history/2026-09-21/20260921T221520Z-37d51e76.json.gz
audit-input/history/2026-09-21/20260921T222249Z-94dab115.json.gz.b64,653767,ebc0bf98039b0968df4e9c2719a24ea0f056f460920e759abbd982ba25a4db3b,archive_publique_dupliquee,"Archive compressée déjà versionnée ; copie base64 omise, restauration depuis le Git blob immuable.",https://raw.githubusercontent.com/Vadimrom-create/bitvavo-live/0fbc84babfe8567d40979e2a3f695ca57c001182/history/2026-09-21/20260921T222249Z-94dab115.json.gz
audit-input/history/2026-09-21/20260921T222926Z-292dc047.json.gz.b64,644320,3e0908f8b8e80b4b0cec806cde3c69f6c8c557007d8508e9596f326924173e13,archive_publique_dupliquee,"Archive compressée déjà versionnée ; copie base64 omise, restauration depuis le Git blob immuable.",https://raw.githubusercontent.com/Vadimrom-create/bitvavo-live/0fbc84babfe8567d40979e2a3f695ca57c001182/history/2026-09-21/20260921T222926Z-292dc047.json.gz
audit-input/history/2026-09-21/20260921T223602Z-90b6c423.json.gz.b64,642226,f190748587ef2d2c05005c3d8b30f05ce11e7236b1cc20348b9fe82819e74160,archive_publique_dupliquee,"Archive compressée déjà versionnée ; copie base64 omise, restauration depuis le Git blob immuable.",https://raw.githubusercontent.com/Vadimrom-create/bitvavo-live/0fbc84babfe8567d40979e2a3f695ca57c001182/history/2026-09-21/20260921T223602Z-90b6c423.json.gz
audit-input/history/2026-09-21/20260921T224307Z-8c164c43.json.gz.b64,643734,2902292eff16a0a34d7f03a6de7038624add4a68c02134f6f3499c7691aef212,archive_publique_dupliquee,"Archive compressée déjà versionnée ; copie base64 omise, restauration depuis le Git blob immuable.",https://raw.githubusercontent.com/Vadimrom-create/bitvavo-live/0fbc84babfe8567d40979e2a3f695ca57c001182/history/2026-09-21/20260921T224307Z-8c164c43.json.gz
audit-input/history/2026-09-21/20260921T225555Z-f378c4a0.json.gz.b64,649570,de1ac26277943fc811ae08d818c785dbf51821501ff18ea5b51f8b8e5481ca47,archive_publique_dupliquee,"Archive compressée déjà versionnée ; copie base64 omise, restauration depuis le Git blob immuable.",https://raw.githubusercontent.com/Vadimrom-create/bitvavo-live/0fbc84babfe8567d40979e2a3f695ca57c001182/history/2026-09-21/20260921T225555Z-f378c4a0.json.gz
audit-input/history/2026-09-21/20260921T231534Z-ec316aa1.json.gz.b64,658610,941789b753a2d3ddb293ba4806ba68288118f5b50a373ddac05ef6bc185fc378,archive_publique_dupliquee,"Archive compressée déjà versionnée ; copie base64 omise, restauration depuis le Git blob immuable.",https://raw.githubusercontent.com/Vadimrom-create/bitvavo-live/0fbc84babfe8567d40979e2a3f695ca57c001182/history/2026-09-21/20260921T231534Z-ec316aa1.json.gz
audit-input/history/2026-09-21/20260921T233227Z-81e89fe6.json.gz.b64,639643,aab6cbbd48085863dbca78d34b4ab4188e3edc21df60c440e52731672487e168,archive_publique_dupliquee,"Archive compressée déjà versionnée ; copie base64 omise, restauration depuis le Git blob immuable.",https://raw.githubusercontent.com/Vadimrom-create/bitvavo-live/0fbc84babfe8567d40979e2a3f695ca57c001182/history/2026-09-21/20260921T233227Z-81e89fe6.json.gz
audit-input/history/2026-09-21/20260921T234623Z-9d190eb5.json.gz.b64,637207,43b25f8bb8790966f6751b3c50a98217fb45884e8fa5ae1209e3d378a8f3b786,archive_publique_dupliquee,"Archive compressée déjà versionnée ; copie base64 omise, restauration depuis le Git blob immuable.",https://raw.githubusercontent.com/Vadimrom-create/bitvavo-live/0fbc84babfe8567d40979e2a3f695ca57c001182/history/2026-09-21/20260921T234623Z-9d190eb5.json.gz
audit-input/history/2026-09-22/20260921T235916Z-55de7140.json.gz.b64,646492,6de04be513893ffb908cb8c3e73b117e29f46a50b6f09f9bffe64541e16a4469,archive_publique_dupliquee,"Archive compressée déjà versionnée ; copie base64 omise, restauration depuis le Git blob immuable.",https://raw.githubusercontent.com/Vadimrom-create/bitvavo-live/0fbc84babfe8567d40979e2a3f695ca57c001182/history/2026-09-22/20260921T235916Z-55de7140.json.gz
audit-input/history/2026-09-22/20260922T002614Z-48bfda2d.json.gz.b64,660318,412b5731ee26a5ac300746bbcc0e753ad76118d68492331d21cf7be28c7783f0,archive_publique_dupliquee,"Archive compressée déjà versionnée ; copie base64 omise, restauration depuis le Git blob immuable.",https://raw.githubusercontent.com/Vadimrom-create/bitvavo-live/0fbc84babfe8567d40979e2a3f695ca57c001182/history/2026-09-22/20260922T002614Z-48bfda2d.json.gz
audit-input/history/2026-09-22/20260922T004827Z-f07a59c1.json.gz.b64,659281,8b5de811a9e405ee49b9906909bd5885cd3dbdfc887b994e88255ef3b40e177f,archive_publique_dupliquee,"Archive compressée déjà versionnée ; copie base64 omise, restauration depuis le Git blob immuable.",https://raw.githubusercontent.com/Vadimrom-create/bitvavo-live/0fbc84babfe8567d40979e2a3f695ca57c001182/history/2026-09-22/20260922T004827Z-f07a59c1.json.gz
audit-input/history/2026-09-22/20260922T010124Z-445bee83.json.gz.b64,651510,b536c6341914499c5df712a2980c1be776e522d2924d01371fa4975abc95f306,archive_publique_dupliquee,"Archive compressée déjà versionnée ; copie base64 omise, restauration depuis le Git blob immuable.",https://raw.githubusercontent.com/Vadimrom-create/bitvavo-live/0fbc84babfe8567d40979e2a3f695ca57c001182/history/2026-09-22/20260922T010124Z-445bee83.json.gz
audit-input/history/2026-09-22/20260922T011913Z-a36781a4.json.gz.b64,663881,682af5513422bfcec3523c4272515779c72d6e8d3158b283d2bc7de2659de5fc,archive_publique_dupliquee,"Archive compressée déjà versionnée ; copie base64 omise, restauration depuis le Git blob immuable.",https://raw.githubusercontent.com/Vadimrom-create/bitvavo-live/0fbc84babfe8567d40979e2a3f695ca57c001182/history/2026-09-22/20260922T011913Z-a36781a4.json.gz
audit-input/history/2026-09-22/20260922T013512Z-6ff688b3.json.gz.b64,670619,3884a7b481f865edab69fae5eb51d8e4550611437d34ea75f139f1777727d95c,archive_publique_dupliquee,"Archive compressée déjà versionnée ; copie base64 omise, restauration depuis le Git blob immuable.",https://raw.githubusercontent.com/Vadimrom-create/bitvavo-live/0fbc84babfe8567d40979e2a3f695ca57c001182/history/2026-09-22/20260922T013512Z-6ff688b3.json.gz
audit-input/history/2026-09-22/20260922T014901Z-fb941728.json.gz.b64,652287,57c18f5d1bbde2621d366b32d0313117411a88c14119e860018e4e2fe4268beb,archive_publique_dupliquee,"Archive compressée déjà versionnée ; copie base64 omise, restauration depuis le Git blob immuable.",https://raw.githubusercontent.com/Vadimrom-create/bitvavo-live/0fbc84babfe8567d40979e2a3f695ca57c001182/history/2026-09-22/20260922T014901Z-fb941728.json.gz
audit-input/history/2026-09-22/20260922T020231Z-150d115e.json.gz.b64,637216,d23ae47b26b5d4cf1aa669fd2b2b0fbca9aa61599733701dd2298918d4d1b01f,archive_publique_dupliquee,"Archive compressée déjà versionnée ; copie base64 omise, restauration depuis le Git blob immuable.",https://raw.githubusercontent.com/Vadimrom-create/bitvavo-live/0fbc84babfe8567d40979e2a3f695ca57c001182/history/2026-09-22/20260922T020231Z-150d115e.json.gz
audit-input/history/2026-09-22/20260922T022206Z-7e4f93d1.json.gz.b64,660139,f3f2a7c4ff036548825ca1818412e38f57d15fb95abaccff7e0fb4c27d8a8b5b,archive_publique_dupliquee,"Archive compressée déjà versionnée ; copie base64 omise, restauration depuis le Git blob immuable.",https://raw.githubusercontent.com/Vadimrom-create/bitvavo-live/0fbc84babfe8567d40979e2a3f695ca57c001182/history/2026-09-22/20260922T022206Z-7e4f93d1.json.gz
audit-input/history/2026-09-22/20260922T023941Z-5cf19fd3.json.gz.b64,661978,6b27b6ffd45e96763bde850da47cc28239f4b26744d682a155ebe561314663fa,archive_publique_dupliquee,"Archive compressée déjà versionnée ; copie base64 omise, restauration depuis le Git blob immuable.",https://raw.githubusercontent.com/Vadimrom-create/bitvavo-live/0fbc84babfe8567d40979e2a3f695ca57c001182/history/2026-09-22/20260922T023941Z-5cf19fd3.json.gz
audit-input/history/2026-09-22/20260922T025426Z-f70cb4a2.json.gz.b64,656329,7aff25809839e6a5ca8fa49fce9a5a4732d6b412b4be2ddf1dbd2aa58ef28808,archive_publique_dupliquee,"Archive compressée déjà versionnée ; copie base64 omise, restauration depuis le Git blob immuable.",https://raw.githubusercontent.com/Vadimrom-create/bitvavo-live/0fbc84babfe8567d40979e2a3f695ca57c001182/history/2026-09-22/20260922T025426Z-f70cb4a2.json.gz
audit-input/history/2026-09-22/20260922T031403Z-7c00bbb1.json.gz.b64,649822,a6ef0e0d7718bdbedaf4b57dcc83f537abeb69e7cac96b66d01bbcb1b5a8136b,archive_publique_dupliquee,"Archive compressée déjà versionnée ; copie base64 omise, restauration depuis le Git blob immuable.",https://raw.githubusercontent.com/Vadimrom-create/bitvavo-live/0fbc84babfe8567d40979e2a3f695ca57c001182/history/2026-09-22/20260922T031403Z-7c00bbb1.json.gz
audit-input/history/2026-09-22/20260922T033241Z-826a553f.json.gz.b64,652868,d682528181bfb01bd37f61ff5a481fc3bc32aed43de51a1eeb31e028b5f88f02,archive_publique_dupliquee,"Archive compressée déjà versionnée ; copie base64 omise, restauration depuis le Git blob immuable.",https://raw.githubusercontent.com/Vadimrom-create/bitvavo-live/0fbc84babfe8567d40979e2a3f695ca57c001182/history/2026-09-22/20260922T033241Z-826a553f.json.gz
audit-input/history/2026-09-22/20260922T034831Z-f537a19d.json.gz.b64,651563,382a19cb492300c8fffbb2f92f3aff23eefcfaae79b5d00d645571ff7fcc2c8d,archive_publique_dupliquee,"Archive compressée déjà versionnée ; copie base64 omise, restauration depuis le Git blob immuable.",https://raw.githubusercontent.com/Vadimrom-create/bitvavo-live/0fbc84babfe8567d40979e2a3f695ca57c001182/history/2026-09-22/20260922T034831Z-f537a19d.json.gz
audit-input/history/2026-09-22/20260922T040149Z-2cbd52e1.json.gz.b64,636691,087e0f7e50aede02438385fd90838d1ee9b5e4734dd9e124b451046beff2069f,archive_publique_dupliquee,"Archive compressée déjà versionnée ; copie base64 omise, restauration depuis le Git blob immuable.",https://raw.githubusercontent.com/Vadimrom-create/bitvavo-live/0fbc84babfe8567d40979e2a3f695ca57c001182/history/2026-09-22/20260922T040149Z-2cbd52e1.json.gz
audit-input/history/2026-09-22/20260922T042144Z-306a1f9f.json.gz.b64,665731,cb099b713c4f817697b902505e886fdaca14ed326ab7899c8099100e33f45d37,archive_publique_dupliquee,"Archive compressée déjà versionnée ; copie base64 omise, restauration depuis le Git blob immuable.",https://raw.githubusercontent.com/Vadimrom-create/bitvavo-live/0fbc84babfe8567d40979e2a3f695ca57c001182/history/2026-09-22/20260922T042144Z-306a1f9f.json.gz
audit-input/history/2026-09-22/20260922T044002Z-6a26f7ea.json.gz.b64,667484,00db3dfe9a0c2b8f4476c2b3cc99eb2d54af8241898e72a1f948033fc8feffd7,archive_publique_dupliquee,"Archive compressée déjà versionnée ; copie base64 omise, restauration depuis le Git blob immuable.",https://raw.githubusercontent.com/Vadimrom-create/bitvavo-live/0fbc84babfe8567d40979e2a3f695ca57c001182/history/2026-09-22/20260922T044002Z-6a26f7ea.json.gz
audit-input/history/2026-09-22/20260922T045413Z-41c29e45.json.gz.b64,653978,12a555b23f0a510369f46d1ff85e591ff5e00a659dc3404046e26a3a4618a26c,archive_publique_dupliquee,"Archive compressée déjà versionnée ; copie base64 omise, restauration depuis le Git blob immuable.",https://raw.githubusercontent.com/Vadimrom-create/bitvavo-live/0fbc84babfe8567d40979e2a3f695ca57c001182/history/2026-09-22/20260922T045413Z-41c29e45.json.gz
audit-input/history/2026-09-22/20260922T051248Z-f1b0bf2b.json.gz.b64,661876,2ec1a95beb423996afd65708eb3186ba92c3b5b0a99a0e5501da3f226df7e1b8,archive_publique_dupliquee,"Archive compressée déjà versionnée ; copie base64 omise, restauration depuis le Git blob immuable.",https://raw.githubusercontent.com/Vadimrom-create/bitvavo-live/0fbc84babfe8567d40979e2a3f695ca57c001182/history/2026-09-22/20260922T051248Z-f1b0bf2b.json.gz
audit-input/history/2026-09-22/20260922T053050Z-c25c6b79.json.gz.b64,655556,032bb841289924ac612f7b5cb5491bbc78e61e18c57b222ccd44cb35db6384ca,archive_publique_dupliquee,"Archive compressée déjà versionnée ; copie base64 omise, restauration depuis le Git blob immuable.",https://raw.githubusercontent.com/Vadimrom-create/bitvavo-live/0fbc84babfe8567d40979e2a3f695ca57c001182/history/2026-09-22/20260922T053050Z-c25c6b79.json.gz
audit-input/history/2026-09-22/20260922T054629Z-42874ec2.json.gz.b64,660949,90f668e029ff8666e871becb7d4800c22844a15e99963227b6d854f7d7bbc74c,archive_publique_dupliquee,"Archive compressée déjà versionnée ; copie base64 omise, restauration depuis le Git blob immuable.",https://raw.githubusercontent.com/Vadimrom-create/bitvavo-live/0fbc84babfe8567d40979e2a3f695ca57c001182/history/2026-09-22/20260922T054629Z-42874ec2.json.gz
audit-input/history/2026-09-22/20260922T055929Z-83b9659a.json.gz.b64,667610,1874a313653fe5416ab7b2d5cd4c0c0fd84d9471a03a45ac3c3245b913dbd063,archive_publique_dupliquee,"Archive compressée déjà versionnée ; copie base64 omise, restauration depuis le Git blob immuable.",https://raw.githubusercontent.com/Vadimrom-create/bitvavo-live/0fbc84babfe8567d40979e2a3f695ca57c001182/history/2026-09-22/20260922T055929Z-83b9659a.json.gz
audit-input/history/2026-09-22/20260922T062219Z-87864ada.json.gz.b64,661079,0f199fe4fe945c7e63831905c43b054735af39c2f33ff5016291383df3d50e09,archive_publique_dupliquee,"Archive compressée déjà versionnée ; copie base64 omise, restauration depuis le Git blob immuable.",https://raw.githubusercontent.com/Vadimrom-create/bitvavo-live/0fbc84babfe8567d40979e2a3f695ca57c001182/history/2026-09-22/20260922T062219Z-87864ada.json.gz
audit-input/history/2026-09-22/20260922T062900Z-3e641a24.json.gz.b64,642547,99da189b27865fa4fe81e685eb5596ba5363a783bc15ec825103d27cef67fb8d,archive_publique_dupliquee,"Archive compressée déjà versionnée ; copie base64 omise, restauration depuis le Git blob immuable.",https://raw.githubusercontent.com/Vadimrom-create/bitvavo-live/0fbc84babfe8567d40979e2a3f695ca57c001182/history/2026-09-22/20260922T062900Z-3e641a24.json.gz
audit-input/history/2026-09-22/20260922T063553Z-c2d7d48b.json.gz.b64,654389,1de4f2c3fad3279746b1fee49c2636474176b2a2867a13846628a70a98b2edbc,archive_publique_dupliquee,"Archive compressée déjà versionnée ; copie base64 omise, restauration depuis le Git blob immuable.",https://raw.githubusercontent.com/Vadimrom-create/bitvavo-live/0fbc84babfe8567d40979e2a3f695ca57c001182/history/2026-09-22/20260922T063553Z-c2d7d48b.json.gz
audit-input/history/2026-09-22/20260922T064259Z-bf33291c.json.gz.b64,657764,8cb3fdd33c057e9f1306af4a51266cfa1c09ae234f765c5de0c96c22f56769cf,archive_publique_dupliquee,"Archive compressée déjà versionnée ; copie base64 omise, restauration depuis le Git blob immuable.",https://raw.githubusercontent.com/Vadimrom-create/bitvavo-live/0fbc84babfe8567d40979e2a3f695ca57c001182/history/2026-09-22/20260922T064259Z-bf33291c.json.gz
audit-input/history/2026-09-22/20260922T065145Z-8b1e1fd9.json.gz.b64,665186,2cfbb3dc3f985a354d02290f93eff84cf3afa1bf40290044e6e217d25da92c06,archive_publique_dupliquee,"Archive compressée déjà versionnée ; copie base64 omise, restauration depuis le Git blob immuable.",https://raw.githubusercontent.com/Vadimrom-create/bitvavo-live/0fbc84babfe8567d40979e2a3f695ca57c001182/history/2026-09-22/20260922T065145Z-8b1e1fd9.json.gz
audit-input/history/2026-09-22/20260922T070228Z-792de1d5.json.gz.b64,651266,7347306c69a1e58e25fbe3e2e269981131f6942e63f4016da9a738b4fbe685a4,archive_publique_dupliquee,"Archive compressée déjà versionnée ; copie base64 omise, restauration depuis le Git blob immuable.",https://raw.githubusercontent.com/Vadimrom-create/bitvavo-live/0fbc84babfe8567d40979e2a3f695ca57c001182/history/2026-09-22/20260922T070228Z-792de1d5.json.gz
audit-input/history/2026-09-22/20260922T072226Z-1f9bfd6f.json.gz.b64,668895,f5e2b388ffd6226fdbadd303d07f1307933ccd3ace1e275fec86205e893efc56,archive_publique_dupliquee,"Archive compressée déjà versionnée ; copie base64 omise, restauration depuis le Git blob immuable.",https://raw.githubusercontent.com/Vadimrom-create/bitvavo-live/0fbc84babfe8567d40979e2a3f695ca57c001182/history/2026-09-22/20260922T072226Z-1f9bfd6f.json.gz
audit-input/history/2026-09-22/20260922T074003Z-60e9ad1b.json.gz.b64,670310,b23d7f3fd07b360d518b636265c5c9781eb9d1f93f8966af0933f9efd9f24667,archive_publique_dupliquee,"Archive compressée déjà versionnée ; copie base64 omise, restauration depuis le Git blob immuable.",https://raw.githubusercontent.com/Vadimrom-create/bitvavo-live/0fbc84babfe8567d40979e2a3f695ca57c001182/history/2026-09-22/20260922T074003Z-60e9ad1b.json.gz
audit-input/history/2026-09-22/20260922T074806Z-1f940039.json.gz.b64,641982,c6071237ab31fe1afbf1fd086f7ebe5e63b62f8f3a33a3b5aa46cd1780710d87,archive_publique_dupliquee,"Archive compressée déjà versionnée ; copie base64 omise, restauration depuis le Git blob immuable.",https://raw.githubusercontent.com/Vadimrom-create/bitvavo-live/0fbc84babfe8567d40979e2a3f695ca57c001182/history/2026-09-22/20260922T074806Z-1f940039.json.gz
audit-input/history/2026-09-22/20260922T075514Z-24e4d636.json.gz.b64,663442,92900732d8d46033c77692780d0410d276fe62d40f7d645f1406f8ea04f449e1,archive_publique_dupliquee,"Archive compressée déjà versionnée ; copie base64 omise, restauration depuis le Git blob immuable.",https://raw.githubusercontent.com/Vadimrom-create/bitvavo-live/0fbc84babfe8567d40979e2a3f695ca57c001182/history/2026-09-22/20260922T075514Z-24e4d636.json.gz
audit-input/history/2026-09-22/20260922T080210Z-94ca76e6.json.gz.b64,652937,10a2ce2d4e3bf51d9fbbd7bbf3f65a455fc60eaf0ee9c485b7e526792f148325,archive_publique_dupliquee,"Archive compressée déjà versionnée ; copie base64 omise, restauration depuis le Git blob immuable.",https://raw.githubusercontent.com/Vadimrom-create/bitvavo-live/0fbc84babfe8567d40979e2a3f695ca57c001182/history/2026-09-22/20260922T080210Z-94ca76e6.json.gz
audit-input/history/2026-09-22/20260922T081653Z-f69535e9.json.gz.b64,664779,884377e796b3b6012cd69e2c871f9457a2806e19eb217f30cd072e2809bb5a8c,archive_publique_dupliquee,"Archive compressée déjà versionnée ; copie base64 omise, restauration depuis le Git blob immuable.",https://raw.githubusercontent.com/Vadimrom-create/bitvavo-live/0fbc84babfe8567d40979e2a3f695ca57c001182/history/2026-09-22/20260922T081653Z-f69535e9.json.gz
audit-input/history/2026-09-22/20260922T082831Z-1c89b457.json.gz.b64,659578,88c384edcbf28678d76509b88295231aae057642e39739205aa7253f54a135a9,archive_publique_dupliquee,"Archive compressée déjà versionnée ; copie base64 omise, restauration depuis le Git blob immuable.",https://raw.githubusercontent.com/Vadimrom-create/bitvavo-live/0fbc84babfe8567d40979e2a3f695ca57c001182/history/2026-09-22/20260922T082831Z-1c89b457.json.gz
audit-input/history/2026-09-22/20260922T083521Z-6af53b23.json.gz.b64,655471,a183556dbb681816657713cb45c5b7fde899ac7f4872644c027829ea2b187212,archive_publique_dupliquee,"Archive compressée déjà versionnée ; copie base64 omise, restauration depuis le Git blob immuable.",https://raw.githubusercontent.com/Vadimrom-create/bitvavo-live/0fbc84babfe8567d40979e2a3f695ca57c001182/history/2026-09-22/20260922T083521Z-6af53b23.json.gz
audit-input/history/2026-09-22/20260922T085149Z-db262173.json.gz.b64,692046,5485ab565e696a0b85b4b3a750fa398b986c35ba921653af4ab46a242e061f70,archive_publique_dupliquee,"Archive compressée déjà versionnée ; copie base64 omise, restauration depuis le Git blob immuable.",https://raw.githubusercontent.com/Vadimrom-create/bitvavo-live/0fbc84babfe8567d40979e2a3f695ca57c001182/history/2026-09-22/20260922T085149Z-db262173.json.gz
audit-input/history/2026-09-22/20260922T090835Z-5b37f5af.json.gz.b64,683177,536d7135f84e70bbc034847cd8bca3c80819b7d08186ddb43437e833fc005f04,archive_publique_dupliquee,"Archive compressée déjà versionnée ; copie base64 omise, restauration depuis le Git blob immuable.",https://raw.githubusercontent.com/Vadimrom-create/bitvavo-live/0fbc84babfe8567d40979e2a3f695ca57c001182/history/2026-09-22/20260922T090835Z-5b37f5af.json.gz
audit-input/history/2026-09-22/20260922T092640Z-4781f6ee.json.gz.b64,681502,695a35ba88d0aea7200fbcc6fff85ee90918decbe0e32fcae898b6d45e410746,archive_publique_dupliquee,"Archive compressée déjà versionnée ; copie base64 omise, restauration depuis le Git blob immuable.",https://raw.githubusercontent.com/Vadimrom-create/bitvavo-live/0fbc84babfe8567d40979e2a3f695ca57c001182/history/2026-09-22/20260922T092640Z-4781f6ee.json.gz
audit-input/history/2026-09-22/20260922T094407Z-c4474ad9.json.gz.b64,658017,43eab9ed1a62c7fc36e7e82c82017bccefc2ede2805feccfac6b6efedfeb4bdf,archive_publique_dupliquee,"Archive compressée déjà versionnée ; copie base64 omise, restauration depuis le Git blob immuable.",https://raw.githubusercontent.com/Vadimrom-create/bitvavo-live/0fbc84babfe8567d40979e2a3f695ca57c001182/history/2026-09-22/20260922T094407Z-c4474ad9.json.gz
audit-input/history/2026-09-22/20260922T095715Z-1f660a92.json.gz.b64,651835,52720db123d7ed37bde885a2277160a8851a0c74e70d978641d0f8fc97928d3e,archive_publique_dupliquee,"Archive compressée déjà versionnée ; copie base64 omise, restauration depuis le Git blob immuable.",https://raw.githubusercontent.com/Vadimrom-create/bitvavo-live/0fbc84babfe8567d40979e2a3f695ca57c001182/history/2026-09-22/20260922T095715Z-1f660a92.json.gz
audit-input/history/2026-09-22/20260922T101955Z-0e67068c.json.gz.b64,652803,5a37c1e2c0a1b6b4d1b81a1186a8b6ac3ffe8c2423c13540cc7cd244612217d8,archive_publique_dupliquee,"Archive compressée déjà versionnée ; copie base64 omise, restauration depuis le Git blob immuable.",https://raw.githubusercontent.com/Vadimrom-create/bitvavo-live/0fbc84babfe8567d40979e2a3f695ca57c001182/history/2026-09-22/20260922T101955Z-0e67068c.json.gz
audit-input/history/2026-09-22/20260922T103728Z-48a5d8e7.json.gz.b64,649123,f89d09ae11dabce55bf255e5f7e64bd241af1a386bcf10f2d57098dc67433f23,archive_publique_dupliquee,"Archive compressée déjà versionnée ; copie base64 omise, restauration depuis le Git blob immuable.",https://raw.githubusercontent.com/Vadimrom-create/bitvavo-live/0fbc84babfe8567d40979e2a3f695ca57c001182/history/2026-09-22/20260922T103728Z-48a5d8e7.json.gz
audit-input/history/2026-09-22/20260922T105248Z-f96aa8e5.json.gz.b64,654743,2d4454a652fc292a2eb848b86e7783dd75c15c2030873aac801e66d134b8130c,archive_publique_dupliquee,"Archive compressée déjà versionnée ; copie base64 omise, restauration depuis le Git blob immuable.",https://raw.githubusercontent.com/Vadimrom-create/bitvavo-live/0fbc84babfe8567d40979e2a3f695ca57c001182/history/2026-09-22/20260922T105248Z-f96aa8e5.json.gz
audit-input/history/2026-09-22/20260922T111045Z-a59a2093.json.gz.b64,658139,85088d2534b4333ac279ba5f08b66bf3fad9864da5c2c14ea17d91d2d4fec2cb,archive_publique_dupliquee,"Archive compressée déjà versionnée ; copie base64 omise, restauration depuis le Git blob immuable.",https://raw.githubusercontent.com/Vadimrom-create/bitvavo-live/0fbc84babfe8567d40979e2a3f695ca57c001182/history/2026-09-22/20260922T111045Z-a59a2093.json.gz
audit-input/history/2026-09-22/20260922T112837Z-7c8b8524.json.gz.b64,655552,cc614a5fda55e2bf67c267a31c0b596ddfc5f439df31032637776b505633492f,archive_publique_dupliquee,"Archive compressée déjà versionnée ; copie base64 omise, restauration depuis le Git blob immuable.",https://raw.githubusercontent.com/Vadimrom-create/bitvavo-live/0fbc84babfe8567d40979e2a3f695ca57c001182/history/2026-09-22/20260922T112837Z-7c8b8524.json.gz
audit-input/history/2026-09-22/20260922T114500Z-c73ed3ca.json.gz.b64,646951,31e64d68ea765b1b1a304b4d12ab5203b1ed0479d79c90eebf8e705e38ee1b59,archive_publique_dupliquee,"Archive compressée déjà versionnée ; copie base64 omise, restauration depuis le Git blob immuable.",https://raw.githubusercontent.com/Vadimrom-create/bitvavo-live/0fbc84babfe8567d40979e2a3f695ca57c001182/history/2026-09-22/20260922T114500Z-c73ed3ca.json.gz
audit-input/history/2026-09-22/20260922T115805Z-2d106dda.json.gz.b64,652323,0d31a069d2991cf321425d9e1bb7b17efe022a7e4a37884d488d893035a3e945,archive_publique_dupliquee,"Archive compressée déjà versionnée ; copie base64 omise, restauration depuis le Git blob immuable.",https://raw.githubusercontent.com/Vadimrom-create/bitvavo-live/0fbc84babfe8567d40979e2a3f695ca57c001182/history/2026-09-22/20260922T115805Z-2d106dda.json.gz
audit-input/history/2026-09-22/20260922T121550Z-cb4b890e.json.gz.b64,660091,17cb47b4c7f487d4e2adc6250b0ce7a1500ac93004a3dce8fb4a5579624cb8ef,archive_publique_dupliquee,"Archive compressée déjà versionnée ; copie base64 omise, restauration depuis le Git blob immuable.",https://raw.githubusercontent.com/Vadimrom-create/bitvavo-live/0fbc84babfe8567d40979e2a3f695ca57c001182/history/2026-09-22/20260922T121550Z-cb4b890e.json.gz
audit-input/history/2026-09-22/20260922T122300Z-5870867d.json.gz.b64,644369,87ad76fe1a34adf3ed7dd498f7eeb1b60672726a28b1ed35ed01416e178fcddc,archive_publique_dupliquee,"Archive compressée déjà versionnée ; copie base64 omise, restauration depuis le Git blob immuable.",https://raw.githubusercontent.com/Vadimrom-create/bitvavo-live/0fbc84babfe8567d40979e2a3f695ca57c001182/history/2026-09-22/20260922T122300Z-5870867d.json.gz
audit-input/history/2026-09-22/20260922T123009Z-2eafbb39.json.gz.b64,655695,26b9a4ded70e647656caf36d3e91eae7d8fa1ae40b96bec866bd0c0e3940b831,archive_publique_dupliquee,"Archive compressée déjà versionnée ; copie base64 omise, restauration depuis le Git blob immuable.",https://raw.githubusercontent.com/Vadimrom-create/bitvavo-live/0fbc84babfe8567d40979e2a3f695ca57c001182/history/2026-09-22/20260922T123009Z-2eafbb39.json.gz
audit-input/history/2026-09-22/20260922T123649Z-6eeae64d.json.gz.b64,664430,43937c5f3b772ae80a62101fc70f2f7aaa128ab262c561764a71d1568c5ce728,archive_publique_dupliquee,"Archive compressée déjà versionnée ; copie base64 omise, restauration depuis le Git blob immuable.",https://raw.githubusercontent.com/Vadimrom-create/bitvavo-live/0fbc84babfe8567d40979e2a3f695ca57c001182/history/2026-09-22/20260922T123649Z-6eeae64d.json.gz
audit-input/history/2026-09-22/20260922T124516Z-1bfd8b52.json.gz.b64,669550,e1b5fa8986bf589219da63fce97dff876cb069eee4e21c8c69d77f0b6a1b779a,archive_publique_dupliquee,"Archive compressée déjà versionnée ; copie base64 omise, restauration depuis le Git blob immuable.",https://raw.githubusercontent.com/Vadimrom-create/bitvavo-live/0fbc84babfe8567d40979e2a3f695ca57c001182/history/2026-09-22/20260922T124516Z-1bfd8b52.json.gz
audit-input/history/2026-09-22/20260922T130011Z-406fa6a0.json.gz.b64,675190,3eb4e8e8c2154ce09ffdfbb159c8531e7c1abebc1ce17cf00c3c865f6a537796,archive_publique_dupliquee,"Archive compressée déjà versionnée ; copie base64 omise, restauration depuis le Git blob immuable.",https://raw.githubusercontent.com/Vadimrom-create/bitvavo-live/0fbc84babfe8567d40979e2a3f695ca57c001182/history/2026-09-22/20260922T130011Z-406fa6a0.json.gz
audit-input/history/2026-09-22/20260922T131746Z-636c17c6.json.gz.b64,690733,7ba2a9205062809136d2d5af42aeb9039c854642da017c70d91f232e3c19a495,archive_publique_dupliquee,"Archive compressée déjà versionnée ; copie base64 omise, restauration depuis le Git blob immuable.",https://raw.githubusercontent.com/Vadimrom-create/bitvavo-live/0fbc84babfe8567d40979e2a3f695ca57c001182/history/2026-09-22/20260922T131746Z-636c17c6.json.gz
audit-input/history/2026-09-22/20260922T132532Z-56bda04b.json.gz.b64,678846,21d7b19b95c9ac5113bb51c8ecf63ab9155dcd9febef01ddef26d601991598f9,archive_publique_dupliquee,"Archive compressée déjà versionnée ; copie base64 omise, restauration depuis le Git blob immuable.",https://raw.githubusercontent.com/Vadimrom-create/bitvavo-live/0fbc84babfe8567d40979e2a3f695ca57c001182/history/2026-09-22/20260922T132532Z-56bda04b.json.gz
audit-input/history/2026-09-22/20260922T134035Z-a2d7815a.json.gz.b64,682433,ffb9f08977ce6228e0837f4d83c6201b8284af9d5e1044ab5048cb7c223589f8,archive_publique_dupliquee,"Archive compressée déjà versionnée ; copie base64 omise, restauration depuis le Git blob immuable.",https://raw.githubusercontent.com/Vadimrom-create/bitvavo-live/0fbc84babfe8567d40979e2a3f695ca57c001182/history/2026-09-22/20260922T134035Z-a2d7815a.json.gz
audit-input/history/2026-09-22/20260922T135623Z-d8eede1c.json.gz.b64,678687,986a1f69b90dd61ea49371495607a732552ed7a1e720e53fc85e0e753c871c10,archive_publique_dupliquee,"Archive compressée déjà versionnée ; copie base64 omise, restauration depuis le Git blob immuable.",https://raw.githubusercontent.com/Vadimrom-create/bitvavo-live/0fbc84babfe8567d40979e2a3f695ca57c001182/history/2026-09-22/20260922T135623Z-d8eede1c.json.gz
audit-input/history/2026-09-22/20260922T141800Z-3b0b7b4d.json.gz.b64,680111,7c356ff722cca602a95e483eacb7613f34d5325a83b644906ca34a9e246dc1b9,archive_publique_dupliquee,"Archive compressée déjà versionnée ; copie base64 omise, restauration depuis le Git blob immuable.",https://raw.githubusercontent.com/Vadimrom-create/bitvavo-live/0fbc84babfe8567d40979e2a3f695ca57c001182/history/2026-09-22/20260922T141800Z-3b0b7b4d.json.gz
audit-input/history/2026-09-22/20260922T143640Z-399fa311.json.gz.b64,672616,7806a61b2fc8888f5e2ef02755dbe1969e87d424b40d55fb191a1716100336cd,archive_publique_dupliquee,"Archive compressée déjà versionnée ; copie base64 omise, restauration depuis le Git blob immuable.",https://raw.githubusercontent.com/Vadimrom-create/bitvavo-live/0fbc84babfe8567d40979e2a3f695ca57c001182/history/2026-09-22/20260922T143640Z-399fa311.json.gz
audit-input/history/2026-09-22/20260922T145413Z-8765f7ca.json.gz.b64,670827,e573202889c2962c7c8934110b4aed91e3c56b6e8ec9e999110b7eb041a288f0,archive_publique_dupliquee,"Archive compressée déjà versionnée ; copie base64 omise, restauration depuis le Git blob immuable.",https://raw.githubusercontent.com/Vadimrom-create/bitvavo-live/0fbc84babfe8567d40979e2a3f695ca57c001182/history/2026-09-22/20260922T145413Z-8765f7ca.json.gz
audit-input/history/2026-09-22/20260922T151312Z-6bb8b8d8.json.gz.b64,670160,72c139d68ca6852bf7d1214c71b79ae831be8b0b6b9cdc430d05cddd3d62112e,archive_publique_dupliquee,"Archive compressée déjà versionnée ; copie base64 omise, restauration depuis le Git blob immuable.",https://raw.githubusercontent.com/Vadimrom-create/bitvavo-live/0fbc84babfe8567d40979e2a3f695ca57c001182/history/2026-09-22/20260922T151312Z-6bb8b8d8.json.gz
audit-input/history/2026-09-22/20260922T153028Z-df038946.json.gz.b64,664653,c4559f39191a02bdbb6ae859b43e7fdf84ba7720d1720e196fe1b18580871822,archive_publique_dupliquee,"Archive compressée déjà versionnée ; copie base64 omise, restauration depuis le Git blob immuable.",https://raw.githubusercontent.com/Vadimrom-create/bitvavo-live/0fbc84babfe8567d40979e2a3f695ca57c001182/history/2026-09-22/20260922T153028Z-df038946.json.gz
audit-input/history/2026-09-22/20260922T154610Z-b6c50a3a.json.gz.b64,671193,c8eac92d827551e2b70c2b3e2c9ae4ec73f04f95c877c7cf0be1623954008193,archive_publique_dupliquee,"Archive compressée déjà versionnée ; copie base64 omise, restauration depuis le Git blob immuable.",https://raw.githubusercontent.com/Vadimrom-create/bitvavo-live/0fbc84babfe8567d40979e2a3f695ca57c001182/history/2026-09-22/20260922T154610Z-b6c50a3a.json.gz
audit-input/history/2026-09-22/20260922T162043Z-125de486.json.gz.b64,698557,28990fb058be9555382dacd87b7231064a8927296abc331a6e7a0760cf8eef12,archive_publique_dupliquee,"Archive compressée déjà versionnée ; copie base64 omise, restauration depuis le Git blob immuable.",https://raw.githubusercontent.com/Vadimrom-create/bitvavo-live/0fbc84babfe8567d40979e2a3f695ca57c001182/history/2026-09-22/20260922T162043Z-125de486.json.gz
audit-input/history/2026-09-22/20260922T163908Z-2d210b74.json.gz.b64,668155,379c66b14127f00c079e5a3b029f45fc4adc0fe919d371e5b5bb02a6a56cf3d7,archive_publique_dupliquee,"Archive compressée déjà versionnée ; copie base64 omise, restauration depuis le Git blob immuable.",https://raw.githubusercontent.com/Vadimrom-create/bitvavo-live/0fbc84babfe8567d40979e2a3f695ca57c001182/history/2026-09-22/20260922T163908Z-2d210b74.json.gz
audit-input/history/2026-09-22/20260922T165419Z-dfd244c6.json.gz.b64,674389,eccb99cc6b49eb6a03199adb6d203e8b087f093cbc5c156dcf89976dd376e945,archive_publique_dupliquee,"Archive compressée déjà versionnée ; copie base64 omise, restauration depuis le Git blob immuable.",https://raw.githubusercontent.com/Vadimrom-create/bitvavo-live/0fbc84babfe8567d40979e2a3f695ca57c001182/history/2026-09-22/20260922T165419Z-dfd244c6.json.gz
audit-input/history/2026-09-22/20260922T171254Z-302eca5b.json.gz.b64,677581,43df6ef9c6fb0b43156fbb22519adc56c96e51542596d6bcd74ff5799168ab7a,archive_publique_dupliquee,"Archive compressée déjà versionnée ; copie base64 omise, restauration depuis le Git blob immuable.",https://raw.githubusercontent.com/Vadimrom-create/bitvavo-live/0fbc84babfe8567d40979e2a3f695ca57c001182/history/2026-09-22/20260922T171254Z-302eca5b.json.gz
audit-input/history/2026-09-22/20260922T173003Z-4e4364f3.json.gz.b64,676975,d062d319f6c6050aa07abf793029465b06594328cf716ed221838a774c281a6a,archive_publique_dupliquee,"Archive compressée déjà versionnée ; copie base64 omise, restauration depuis le Git blob immuable.",https://raw.githubusercontent.com/Vadimrom-create/bitvavo-live/0fbc84babfe8567d40979e2a3f695ca57c001182/history/2026-09-22/20260922T173003Z-4e4364f3.json.gz
audit-input/history/2026-09-22/20260922T174428Z-231951fc.json.gz.b64,660668,bc8d57a40bfe39bed465ae34918eddbddde3a0d7f3a7a56b6f6f7d57d75adef7,archive_publique_dupliquee,"Archive compressée déjà versionnée ; copie base64 omise, restauration depuis le Git blob immuable.",https://raw.githubusercontent.com/Vadimrom-create/bitvavo-live/0fbc84babfe8567d40979e2a3f695ca57c001182/history/2026-09-22/20260922T174428Z-231951fc.json.gz
audit-input/history/2026-09-22/20260922T175711Z-2a8299ee.json.gz.b64,664385,d79387603327dcaca3d6aad98e76c562653b66438d71fe9402ab7feb449d2ac0,archive_publique_dupliquee,"Archive compressée déjà versionnée ; copie base64 omise, restauration depuis le Git blob immuable.",https://raw.githubusercontent.com/Vadimrom-create/bitvavo-live/0fbc84babfe8567d40979e2a3f695ca57c001182/history/2026-09-22/20260922T175711Z-2a8299ee.json.gz
audit-input/history/2026-09-22/20260922T182226Z-365c93ab.json.gz.b64,669745,8d8397ff7bdc9fd1959ece41db01ee1ec63e7b71e049e7d5693bc575eb7e0ead,archive_publique_dupliquee,"Archive compressée déjà versionnée ; copie base64 omise, restauration depuis le Git blob immuable.",https://raw.githubusercontent.com/Vadimrom-create/bitvavo-live/0fbc84babfe8567d40979e2a3f695ca57c001182/history/2026-09-22/20260922T182226Z-365c93ab.json.gz
audit-input/history/2026-09-22/20260922T184156Z-4a11f75c.json.gz.b64,666235,a8acadbd1a8dccc7eced2ee3bba5f11b202c8d4a8dcc51cabb025df5091655d9,archive_publique_dupliquee,"Archive compressée déjà versionnée ; copie base64 omise, restauration depuis le Git blob immuable.",https://raw.githubusercontent.com/Vadimrom-create/bitvavo-live/0fbc84babfe8567d40979e2a3f695ca57c001182/history/2026-09-22/20260922T184156Z-4a11f75c.json.gz
audit-input/history/2026-09-22/20260922T185440Z-41349d83.json.gz.b64,659273,b42896b17252ca44b9ac39d0fe0ce0b7dd95583a2735b7f2511df13b5eb60069,archive_publique_dupliquee,"Archive compressée déjà versionnée ; copie base64 omise, restauration depuis le Git blob immuable.",https://raw.githubusercontent.com/Vadimrom-create/bitvavo-live/0fbc84babfe8567d40979e2a3f695ca57c001182/history/2026-09-22/20260922T185440Z-41349d83.json.gz
audit-input/history/2026-09-22/20260922T190227Z-17519940.json.gz.b64,643661,b48d95b397df0409532b7b3e8c03a5d9cc52dd3767cdfb38bf55a33d2a561c6d,archive_publique_dupliquee,"Archive compressée déjà versionnée ; copie base64 omise, restauration depuis le Git blob immuable.",https://raw.githubusercontent.com/Vadimrom-create/bitvavo-live/0fbc84babfe8567d40979e2a3f695ca57c001182/history/2026-09-22/20260922T190227Z-17519940.json.gz
audit-input/history/2026-09-22/20260922T191601Z-8ec176a8.json.gz.b64,657276,21231c335734fc5ac4faa898419fef06216526928fa252addac37be01749e473,archive_publique_dupliquee,"Archive compressée déjà versionnée ; copie base64 omise, restauration depuis le Git blob immuable.",https://raw.githubusercontent.com/Vadimrom-create/bitvavo-live/0fbc84babfe8567d40979e2a3f695ca57c001182/history/2026-09-22/20260922T191601Z-8ec176a8.json.gz
audit-input/history/2026-09-22/20260922T192341Z-66ee13a5.json.gz.b64,669123,a1964d8e2d1ee8755b1916fe1f49261330c618c72558ff71e8d4a5f2740f39d4,archive_publique_dupliquee,"Archive compressée déjà versionnée ; copie base64 omise, restauration depuis le Git blob immuable.",https://raw.githubusercontent.com/Vadimrom-create/bitvavo-live/0fbc84babfe8567d40979e2a3f695ca57c001182/history/2026-09-22/20260922T192341Z-66ee13a5.json.gz
audit-input/history/2026-09-22/20260922T193108Z-bb2ef03a.json.gz.b64,659180,e776e5b2a6b5c03756756ebaa3dc7e655f1e77e4236f959397443b3927d794ec,archive_publique_dupliquee,"Archive compressée déjà versionnée ; copie base64 omise, restauration depuis le Git blob immuable.",https://raw.githubusercontent.com/Vadimrom-create/bitvavo-live/0fbc84babfe8567d40979e2a3f695ca57c001182/history/2026-09-22/20260922T193108Z-bb2ef03a.json.gz
audit-input/history/2026-09-22/20260922T194618Z-78046cf2.json.gz.b64,651335,ee1734189e3589025b4c7435f3f523534bfff5de6f9ffd9aaa8aa6dbdfb01e3a,archive_publique_dupliquee,"Archive compressée déjà versionnée ; copie base64 omise, restauration depuis le Git blob immuable.",https://raw.githubusercontent.com/Vadimrom-create/bitvavo-live/0fbc84babfe8567d40979e2a3f695ca57c001182/history/2026-09-22/20260922T194618Z-78046cf2.json.gz
audit-input/history/2026-09-22/20260922T195923Z-04d3a105.json.gz.b64,645239,2096ca3790f43fd5fe31f76e48d147e9c3e3897e21ae51d118274cbff856205a,archive_publique_dupliquee,"Archive compressée déjà versionnée ; copie base64 omise, restauration depuis le Git blob immuable.",https://raw.githubusercontent.com/Vadimrom-create/bitvavo-live/0fbc84babfe8567d40979e2a3f695ca57c001182/history/2026-09-22/20260922T195923Z-04d3a105.json.gz
audit-input/history/2026-09-22/20260922T201854Z-7fa391ef.json.gz.b64,663938,f476c52a4f03c5c6dea72dfc585443c1103faa7a8a8f2d1dc7d00f455f1896ec,archive_publique_dupliquee,"Archive compressée déjà versionnée ; copie base64 omise, restauration depuis le Git blob immuable.",https://raw.githubusercontent.com/Vadimrom-create/bitvavo-live/0fbc84babfe8567d40979e2a3f695ca57c001182/history/2026-09-22/20260922T201854Z-7fa391ef.json.gz
audit-input/history/2026-09-22/20260922T203510Z-d2d339a7.json.gz.b64,664706,dfda98e461af261399e65cc243c7f32e2f33f23644318d198d74143cf4484219,archive_publique_dupliquee,"Archive compressée déjà versionnée ; copie base64 omise, restauration depuis le Git blob immuable.",https://raw.githubusercontent.com/Vadimrom-create/bitvavo-live/0fbc84babfe8567d40979e2a3f695ca57c001182/history/2026-09-22/20260922T203510Z-d2d339a7.json.gz
audit-input/history/2026-09-22/20260922T205020Z-a813ee2e.json.gz.b64,660558,c97a1a8e7ec27577dce64440cbd04390074936865ae5353ef56366797f4b1bf7,archive_publique_dupliquee,"Archive compressée déjà versionnée ; copie base64 omise, restauration depuis le Git blob immuable.",https://raw.githubusercontent.com/Vadimrom-create/bitvavo-live/0fbc84babfe8567d40979e2a3f695ca57c001182/history/2026-09-22/20260922T205020Z-a813ee2e.json.gz
audit-input/history/2026-09-22/20260922T210512Z-d5a042f0.json.gz.b64,657146,899729bb47086d5148070d376c7b6141dc1e254f6c71c425bf3dbdda4d708e56,archive_publique_dupliquee,"Archive compressée déjà versionnée ; copie base64 omise, restauration depuis le Git blob immuable.",https://raw.githubusercontent.com/Vadimrom-create/bitvavo-live/0fbc84babfe8567d40979e2a3f695ca57c001182/history/2026-09-22/20260922T210512Z-d5a042f0.json.gz
audit-input/history/2026-09-22/20260922T212217Z-bdceb26c.json.gz.b64,655609,bc2872441ceed2f96dba288e01e8ac64e64da45983f5874cc40fd1f1f417f75c,archive_publique_dupliquee,"Archive compressée déjà versionnée ; copie base64 omise, restauration depuis le Git blob immuable.",https://raw.githubusercontent.com/Vadimrom-create/bitvavo-live/0fbc84babfe8567d40979e2a3f695ca57c001182/history/2026-09-22/20260922T212217Z-bdceb26c.json.gz
audit-input/history/2026-09-22/20260922T213844Z-5bdd9f6a.json.gz.b64,663470,d0f8df51cef18ce31a2eb96fb273d0ed9c1173651d47a1ccd9acf3e906a20b78,archive_publique_dupliquee,"Archive compressée déjà versionnée ; copie base64 omise, restauration depuis le Git blob immuable.",https://raw.githubusercontent.com/Vadimrom-create/bitvavo-live/0fbc84babfe8567d40979e2a3f695ca57c001182/history/2026-09-22/20260922T213844Z-5bdd9f6a.json.gz
audit-input/history/2026-09-22/20260922T215244Z-b963171c.json.gz.b64,643734,b012aeb52fa5005cf0df356a19769a4543c6a48f226bf9494822bc2a8cbefbe7,archive_publique_dupliquee,"Archive compressée déjà versionnée ; copie base64 omise, restauration depuis le Git blob immuable.",https://raw.githubusercontent.com/Vadimrom-create/bitvavo-live/0fbc84babfe8567d40979e2a3f695ca57c001182/history/2026-09-22/20260922T215244Z-b963171c.json.gz
audit-input/history/2026-09-22/20260922T220918Z-4d22b47e.json.gz.b64,654958,30cd63a274926c4c37bcfba68db01b1592695e971ef2016f8caca921df6895e4,archive_publique_dupliquee,"Archive compressée déjà versionnée ; copie base64 omise, restauration depuis le Git blob immuable.",https://raw.githubusercontent.com/Vadimrom-create/bitvavo-live/0fbc84babfe8567d40979e2a3f695ca57c001182/history/2026-09-22/20260922T220918Z-4d22b47e.json.gz
audit-input/history/2026-09-22/20260922T222627Z-dfc2002b.json.gz.b64,650489,5c22f09a9a30a500e27add1c20c0d1c9b34f6b6e0f892a5d2567554a3447155e,archive_publique_dupliquee,"Archive compressée déjà versionnée ; copie base64 omise, restauration depuis le Git blob immuable.",https://raw.githubusercontent.com/Vadimrom-create/bitvavo-live/0fbc84babfe8567d40979e2a3f695ca57c001182/history/2026-09-22/20260922T222627Z-dfc2002b.json.gz
audit-input/history/2026-09-22/20260922T224254Z-7318a3ce.json.gz.b64,655605,75bee393e110d54f8238712dbc8892e503d0216f0b7cdb685e4de0be5c39f137,archive_publique_dupliquee,"Archive compressée déjà versionnée ; copie base64 omise, restauration depuis le Git blob immuable.",https://raw.githubusercontent.com/Vadimrom-create/bitvavo-live/0fbc84babfe8567d40979e2a3f695ca57c001182/history/2026-09-22/20260922T224254Z-7318a3ce.json.gz
audit-input/history/2026-09-22/20260922T225539Z-2ed18faa.json.gz.b64,658826,c11e2b2545fa487f2bac59281dffc7dac316b32b3dfdd6f6903d2511d1907888,archive_publique_dupliquee,"Archive compressée déjà versionnée ; copie base64 omise, restauration depuis le Git blob immuable.",https://raw.githubusercontent.com/Vadimrom-create/bitvavo-live/0fbc84babfe8567d40979e2a3f695ca57c001182/history/2026-09-22/20260922T225539Z-2ed18faa.json.gz
audit-input/history/2026-09-22/20260922T231419Z-76cc16d7.json.gz.b64,665341,a1e5e24af86250821d936cf8e2c6711ef53ab2ca122ec40c335ce57c4290c72c,archive_publique_dupliquee,"Archive compressée déjà versionnée ; copie base64 omise, restauration depuis le Git blob immuable.",https://raw.githubusercontent.com/Vadimrom-create/bitvavo-live/0fbc84babfe8567d40979e2a3f695ca57c001182/history/2026-09-22/20260922T231419Z-76cc16d7.json.gz
audit-input/history/2026-09-22/20260922T232950Z-3c545bc8.json.gz.b64,655137,1afe023119bc0bd27400d3d8aab81594cdab9231121cfe566127f0d9a88a6802,archive_publique_dupliquee,"Archive compressée déjà versionnée ; copie base64 omise, restauration depuis le Git blob immuable.",https://raw.githubusercontent.com/Vadimrom-create/bitvavo-live/0fbc84babfe8567d40979e2a3f695ca57c001182/history/2026-09-22/20260922T232950Z-3c545bc8.json.gz
audit-input/history/2026-09-22/20260922T234405Z-3145d771.json.gz.b64,642872,3abafd8325db3c5cfa378709b1bf07578e0e94f79059ed5dafe9bb29e06e7d34,archive_publique_dupliquee,"Archive compressée déjà versionnée ; copie base64 omise, restauration depuis le Git blob immuable.",https://raw.githubusercontent.com/Vadimrom-create/bitvavo-live/0fbc84babfe8567d40979e2a3f695ca57c001182/history/2026-09-22/20260922T234405Z-3145d771.json.gz
audit-input/history/2026-09-22/20260922T235658Z-eab5272a.json.gz.b64,643795,fe4847de6708d98e0f41d604e0ba922b9646b275567720b2dba94530c6a8a0b8,archive_publique_dupliquee,"Archive compressée déjà versionnée ; copie base64 omise, restauration depuis le Git blob immuable.",https://raw.githubusercontent.com/Vadimrom-create/bitvavo-live/0fbc84babfe8567d40979e2a3f695ca57c001182/history/2026-09-22/20260922T235658Z-eab5272a.json.gz
audit-input/history/2026-09-23/20260923T002339Z-361267b6.json.gz.b64,670005,f1eee1488af3a19bd77004b9d51978dd28fb2c42473ac4b1889d035161c2ba68,archive_publique_dupliquee,"Archive compressée déjà versionnée ; copie base64 omise, restauration depuis le Git blob immuable.",https://raw.githubusercontent.com/Vadimrom-create/bitvavo-live/0fbc84babfe8567d40979e2a3f695ca57c001182/history/2026-09-23/20260923T002339Z-361267b6.json.gz
audit-input/history/2026-09-23/20260923T004418Z-7e7473ed.json.gz.b64,633425,08a71c00affbd07196db70362f155cc9c409f1a16e3077ba6a538f6e1a83d9f9,archive_publique_dupliquee,"Archive compressée déjà versionnée ; copie base64 omise, restauration depuis le Git blob immuable.",https://raw.githubusercontent.com/Vadimrom-create/bitvavo-live/0fbc84babfe8567d40979e2a3f695ca57c001182/history/2026-09-23/20260923T004418Z-7e7473ed.json.gz
audit-input/history/2026-09-23/20260923T005918Z-74077010.json.gz.b64,624328,8e0f22637ac05b018f0334f3deaca0c9eda78a0c9454db070866e08007ac59b7,archive_publique_dupliquee,"Archive compressée déjà versionnée ; copie base64 omise, restauration depuis le Git blob immuable.",https://raw.githubusercontent.com/Vadimrom-create/bitvavo-live/0fbc84babfe8567d40979e2a3f695ca57c001182/history/2026-09-23/20260923T005918Z-74077010.json.gz
audit-input/history/2026-09-23/20260923T011850Z-683070aa.json.gz.b64,641949,0d849c01fb6a003ca980a43b0f0b617756ed1d53e3c56b2dcd6388cdcfbc41e0,archive_publique_dupliquee,"Archive compressée déjà versionnée ; copie base64 omise, restauration depuis le Git blob immuable.",https://raw.githubusercontent.com/Vadimrom-create/bitvavo-live/0fbc84babfe8567d40979e2a3f695ca57c001182/history/2026-09-23/20260923T011850Z-683070aa.json.gz
audit-input/history/2026-09-23/20260923T013440Z-08d02716.json.gz.b64,634450,da7cf80ead8110abcdf30b5576ad5ec8731d1e28c48d76cddc83502727dd1610,archive_publique_dupliquee,"Archive compressée déjà versionnée ; copie base64 omise, restauration depuis le Git blob immuable.",https://raw.githubusercontent.com/Vadimrom-create/bitvavo-live/0fbc84babfe8567d40979e2a3f695ca57c001182/history/2026-09-23/20260923T013440Z-08d02716.json.gz
audit-input/history/2026-09-23/20260923T014844Z-88fac763.json.gz.b64,632372,4445e7c43cbe7f3d3caff322794169829343e658965aea7b0d3b1d2ef26c2c34,archive_publique_dupliquee,"Archive compressée déjà versionnée ; copie base64 omise, restauration depuis le Git blob immuable.",https://raw.githubusercontent.com/Vadimrom-create/bitvavo-live/0fbc84babfe8567d40979e2a3f695ca57c001182/history/2026-09-23/20260923T014844Z-88fac763.json.gz
audit-input/history/2026-09-23/20260923T020213Z-3bbd652e.json.gz.b64,627386,f15e79602046eaf6d0f06ee142ba7d6a3e76517e1bc34c471d6cf29bbcc55622,archive_publique_dupliquee,"Archive compressée déjà versionnée ; copie base64 omise, restauration depuis le Git blob immuable.",https://raw.githubusercontent.com/Vadimrom-create/bitvavo-live/0fbc84babfe8567d40979e2a3f695ca57c001182/history/2026-09-23/20260923T020213Z-3bbd652e.json.gz
audit-input/history/2026-09-23/20260923T022217Z-369c8c61.json.gz.b64,642933,2eabbedaa35044a6bddda4ef013ab8e36a93d2612f56c9d63f3b4208b7d7ebdd,archive_publique_dupliquee,"Archive compressée déjà versionnée ; copie base64 omise, restauration depuis le Git blob immuable.",https://raw.githubusercontent.com/Vadimrom-create/bitvavo-live/0fbc84babfe8567d40979e2a3f695ca57c001182/history/2026-09-23/20260923T022217Z-369c8c61.json.gz
audit-input/history/2026-09-23/20260923T024003Z-b4ba3320.json.gz.b64,644686,565b85c073fb5af1b06d74039b19d158e0e37f7dcd2f416d17cf35d3c5fac62a,archive_publique_dupliquee,"Archive compressée déjà versionnée ; copie base64 omise, restauration depuis le Git blob immuable.",https://raw.githubusercontent.com/Vadimrom-create/bitvavo-live/0fbc84babfe8567d40979e2a3f695ca57c001182/history/2026-09-23/20260923T024003Z-b4ba3320.json.gz
audit-input/history/2026-09-23/20260923T025446Z-7bdfb4fc.json.gz.b64,639082,d37e6f0d89c839fcd9823433b1d5cffa664d7d19d82b5a8eb50e9ea8cc76baae,archive_publique_dupliquee,"Archive compressée déjà versionnée ; copie base64 omise, restauration depuis le Git blob immuable.",https://raw.githubusercontent.com/Vadimrom-create/bitvavo-live/0fbc84babfe8567d40979e2a3f695ca57c001182/history/2026-09-23/20260923T025446Z-7bdfb4fc.json.gz
audit-input/history/2026-09-23/20260923T031526Z-d52cf0dc.json.gz.b64,651542,9fb940227ef237e1377e3e99c4b7f199f09068f4998f23cc7ab1c64bb0753d04,archive_publique_dupliquee,"Archive compressée déjà versionnée ; copie base64 omise, restauration depuis le Git blob immuable.",https://raw.githubusercontent.com/Vadimrom-create/bitvavo-live/0fbc84babfe8567d40979e2a3f695ca57c001182/history/2026-09-23/20260923T031526Z-d52cf0dc.json.gz
audit-input/history/2026-09-23/20260923T033334Z-86e009c9.json.gz.b64,659025,5392afb90080b9b98bc1aff33671f748a260aae72e62abe313328136e6703f46,archive_publique_dupliquee,"Archive compressée déjà versionnée ; copie base64 omise, restauration depuis le Git blob immuable.",https://raw.githubusercontent.com/Vadimrom-create/bitvavo-live/0fbc84babfe8567d40979e2a3f695ca57c001182/history/2026-09-23/20260923T033334Z-86e009c9.json.gz
audit-input/history/2026-09-23/20260923T034926Z-6db12361.json.gz.b64,662116,17d38cf8f26ce1fe98a323ba45383d8f3babab5fee1e1cd8e04bbcca668033ee,archive_publique_dupliquee,"Archive compressée déjà versionnée ; copie base64 omise, restauration depuis le Git blob immuable.",https://raw.githubusercontent.com/Vadimrom-create/bitvavo-live/0fbc84babfe8567d40979e2a3f695ca57c001182/history/2026-09-23/20260923T034926Z-6db12361.json.gz
audit-input/history/2026-09-23/20260923T040336Z-bed79834.json.gz.b64,656561,0e8c338002edc2b44f96f3b0494a779ca6c781c64daa5a958ffb1763d78edc7e,archive_publique_dupliquee,"Archive compressée déjà versionnée ; copie base64 omise, restauration depuis le Git blob immuable.",https://raw.githubusercontent.com/Vadimrom-create/bitvavo-live/0fbc84babfe8567d40979e2a3f695ca57c001182/history/2026-09-23/20260923T040336Z-bed79834.json.gz
audit-input/history/2026-09-23/20260923T042342Z-6005b65a.json.gz.b64,671050,8d923bc3d33a0098acb8230081308cdce8e9e828f823c4f38c93a271323e46aa,archive_publique_dupliquee,"Archive compressée déjà versionnée ; copie base64 omise, restauration depuis le Git blob immuable.",https://raw.githubusercontent.com/Vadimrom-create/bitvavo-live/0fbc84babfe8567d40979e2a3f695ca57c001182/history/2026-09-23/20260923T042342Z-6005b65a.json.gz
audit-input/history/2026-09-23/20260923T044155Z-fadf37ee.json.gz.b64,671811,9ff55ef87ea64a301a975541cc679a51d61aef69da53ee3958dfd18fdff5f574,archive_publique_dupliquee,"Archive compressée déjà versionnée ; copie base64 omise, restauration depuis le Git blob immuable.",https://raw.githubusercontent.com/Vadimrom-create/bitvavo-live/0fbc84babfe8567d40979e2a3f695ca57c001182/history/2026-09-23/20260923T044155Z-fadf37ee.json.gz
audit-input/history/2026-09-23/20260923T045641Z-53827c9b.json.gz.b64,668289,07da810c962eb9fc4c5f83414eb6e7d3c52961b6eef65c449f96af51efe65a7b,archive_publique_dupliquee,"Archive compressée déjà versionnée ; copie base64 omise, restauration depuis le Git blob immuable.",https://raw.githubusercontent.com/Vadimrom-create/bitvavo-live/0fbc84babfe8567d40979e2a3f695ca57c001182/history/2026-09-23/20260923T045641Z-53827c9b.json.gz
audit-input/history/2026-09-23/20260923T051649Z-0d658cf1.json.gz.b64,667142,e4088e011b9c96a9779eb52b021b2c9ef87238a90fbbd06b8bc93f29db9cd853,archive_publique_dupliquee,"Archive compressée déjà versionnée ; copie base64 omise, restauration depuis le Git blob immuable.",https://raw.githubusercontent.com/Vadimrom-create/bitvavo-live/0fbc84babfe8567d40979e2a3f695ca57c001182/history/2026-09-23/20260923T051649Z-0d658cf1.json.gz
audit-input/history/2026-09-23/20260923T053351Z-44286296.json.gz.b64,665125,6fa01cf67b813d195223bdffaf0478aafa4ea7a8ac6a04ffdd49024e19d6e9b1,archive_publique_dupliquee,"Archive compressée déjà versionnée ; copie base64 omise, restauration depuis le Git blob immuable.",https://raw.githubusercontent.com/Vadimrom-create/bitvavo-live/0fbc84babfe8567d40979e2a3f695ca57c001182/history/2026-09-23/20260923T053351Z-44286296.json.gz
audit-input/history/2026-09-23/20260923T054912Z-784ed719.json.gz.b64,658570,91281db6e335706a8e8f10db69f3351c3cac378021a45c8ced1e40d4fec63cd6,archive_publique_dupliquee,"Archive compressée déjà versionnée ; copie base64 omise, restauration depuis le Git blob immuable.",https://raw.githubusercontent.com/Vadimrom-create/bitvavo-live/0fbc84babfe8567d40979e2a3f695ca57c001182/history/2026-09-23/20260923T054912Z-784ed719.json.gz
audit-input/history/2026-09-23/20260923T060353Z-f89ebe18.json.gz.b64,654617,d68f3fdab0cd99ef2e31e333e682bbf1c9a788766d73bc18abb5ac4cfccb52de,archive_publique_dupliquee,"Archive compressée déjà versionnée ; copie base64 omise, restauration depuis le Git blob immuable.",https://raw.githubusercontent.com/Vadimrom-create/bitvavo-live/0fbc84babfe8567d40979e2a3f695ca57c001182/history/2026-09-23/20260923T060353Z-f89ebe18.json.gz
audit-input/history/2026-09-23/20260923T062906Z-92cf6830.json.gz.b64,661107,93177a716df4047dea0d46d9b42a9b5dd99de4d93bdb7001da0e85b0ffde1b6e,archive_publique_dupliquee,"Archive compressée déjà versionnée ; copie base64 omise, restauration depuis le Git blob immuable.",https://raw.githubusercontent.com/Vadimrom-create/bitvavo-live/0fbc84babfe8567d40979e2a3f695ca57c001182/history/2026-09-23/20260923T062906Z-92cf6830.json.gz
audit-input/history/2026-09-23/20260923T065026Z-ebf58cff.json.gz.b64,677984,6663ee1a1f7507e3a71d29a545cc83872fb90f09fcf09107d74e88c7a81b0864,archive_publique_dupliquee,"Archive compressée déjà versionnée ; copie base64 omise, restauration depuis le Git blob immuable.",https://raw.githubusercontent.com/Vadimrom-create/bitvavo-live/0fbc84babfe8567d40979e2a3f695ca57c001182/history/2026-09-23/20260923T065026Z-ebf58cff.json.gz
audit-input/history/2026-09-23/20260923T070628Z-34ff5a6d.json.gz.b64,671872,4f0d6df6ddcf7b33836bd2d828186a5cf9b2f89035b013af3cf646b2274b82fb,archive_publique_dupliquee,"Archive compressée déjà versionnée ; copie base64 omise, restauration depuis le Git blob immuable.",https://raw.githubusercontent.com/Vadimrom-create/bitvavo-live/0fbc84babfe8567d40979e2a3f695ca57c001182/history/2026-09-23/20260923T070628Z-34ff5a6d.json.gz
audit-input/history/2026-09-23/20260923T072650Z-cfa42019.json.gz.b64,681835,8a64cabe3bdb49ea3661cb4d40fd6682c4802f16cd8401453b05fc63f2c5a1a6,archive_publique_dupliquee,"Archive compressée déjà versionnée ; copie base64 omise, restauration depuis le Git blob immuable.",https://raw.githubusercontent.com/Vadimrom-create/bitvavo-live/0fbc84babfe8567d40979e2a3f695ca57c001182/history/2026-09-23/20260923T072650Z-cfa42019.json.gz
audit-input/history/2026-09-23/20260923T074522Z-56cdfd33.json.gz.b64,667614,d74a9d1db31deded3d4a6e8bc2d86e743662cf876f63f8343d7483efc78c44c3,archive_publique_dupliquee,"Archive compressée déjà versionnée ; copie base64 omise, restauration depuis le Git blob immuable.",https://raw.githubusercontent.com/Vadimrom-create/bitvavo-live/0fbc84babfe8567d40979e2a3f695ca57c001182/history/2026-09-23/20260923T074522Z-56cdfd33.json.gz
audit-input/history/2026-09-23/20260923T075844Z-141b187a.json.gz.b64,655821,ef22f97a29342e31758db26ea64ae2be1b2fbce7b4896f61cb3931aaf416301e,archive_publique_dupliquee,"Archive compressée déjà versionnée ; copie base64 omise, restauration depuis le Git blob immuable.",https://raw.githubusercontent.com/Vadimrom-create/bitvavo-live/0fbc84babfe8567d40979e2a3f695ca57c001182/history/2026-09-23/20260923T075844Z-141b187a.json.gz
audit-input/history/2026-09-23/20260923T082115Z-18dadf68.json.gz.b64,677846,8ef396e54e7c79f2ceb4857cd5f736efd6102e0105abf6631330558d2fa86412,archive_publique_dupliquee,"Archive compressée déjà versionnée ; copie base64 omise, restauration depuis le Git blob immuable.",https://raw.githubusercontent.com/Vadimrom-create/bitvavo-live/0fbc84babfe8567d40979e2a3f695ca57c001182/history/2026-09-23/20260923T082115Z-18dadf68.json.gz
audit-input/history/2026-09-23/20260923T083955Z-f2341c74.json.gz.b64,684714,651bf9c2cedbecca623af6a22405f1b25ae861ef9f532b8e5a03075894db4284,archive_publique_dupliquee,"Archive compressée déjà versionnée ; copie base64 omise, restauration depuis le Git blob immuable.",https://raw.githubusercontent.com/Vadimrom-create/bitvavo-live/0fbc84babfe8567d40979e2a3f695ca57c001182/history/2026-09-23/20260923T083955Z-f2341c74.json.gz
audit-input/history/2026-09-23/20260923T085544Z-0c555f83.json.gz.b64,684999,7903afc965a4c15c574b16c77b8f36a2e5f4962bde7ca79771dbd991eaec8c82,archive_publique_dupliquee,"Archive compressée déjà versionnée ; copie base64 omise, restauration depuis le Git blob immuable.",https://raw.githubusercontent.com/Vadimrom-create/bitvavo-live/0fbc84babfe8567d40979e2a3f695ca57c001182/history/2026-09-23/20260923T085544Z-0c555f83.json.gz
audit-input/history/2026-09-23/20260923T091628Z-a1fd9f81.json.gz.b64,683616,f4d3600e285cb8e0156fc0e177078c5456d7ddf7b3dcce2ad5b0305145f006b4,archive_publique_dupliquee,"Archive compressée déjà versionnée ; copie base64 omise, restauration depuis le Git blob immuable.",https://raw.githubusercontent.com/Vadimrom-create/bitvavo-live/0fbc84babfe8567d40979e2a3f695ca57c001182/history/2026-09-23/20260923T091628Z-a1fd9f81.json.gz
audit-input/history/2026-09-23/20260923T093421Z-78be2ed1.json.gz.b64,680660,e49d969af8f4eec378c3a321af9ca726aae0b0d12bbf65c51496645b900dad41,archive_publique_dupliquee,"Archive compressée déjà versionnée ; copie base64 omise, restauration depuis le Git blob immuable.",https://raw.githubusercontent.com/Vadimrom-create/bitvavo-live/0fbc84babfe8567d40979e2a3f695ca57c001182/history/2026-09-23/20260923T093421Z-78be2ed1.json.gz
audit-input/history/2026-09-23/20260923T095037Z-a94277cd.json.gz.b64,659460,1b467cb50984afcfb961c9cd0544302829295a50c079624cec54cab8df8c7afb,archive_publique_dupliquee,"Archive compressée déjà versionnée ; copie base64 omise, restauration depuis le Git blob immuable.",https://raw.githubusercontent.com/Vadimrom-create/bitvavo-live/0fbc84babfe8567d40979e2a3f695ca57c001182/history/2026-09-23/20260923T095037Z-a94277cd.json.gz
audit-input/history/2026-09-23/20260923T100550Z-e499cd6b.json.gz.b64,666670,3d21787ca72b8f68facd50632453303a2a7b4c37ecbd0386bc8e9f9e182af3ea,archive_publique_dupliquee,"Archive compressée déjà versionnée ; copie base64 omise, restauration depuis le Git blob immuable.",https://raw.githubusercontent.com/Vadimrom-create/bitvavo-live/0fbc84babfe8567d40979e2a3f695ca57c001182/history/2026-09-23/20260923T100550Z-e499cd6b.json.gz
audit-input/history/2026-09-23/20260923T102516Z-6ce98d3b.json.gz.b64,671469,e52ef7582f7ac891cfb27686015afaaa9bdb2a091aee358451db962a774bcbcd,archive_publique_dupliquee,"Archive compressée déjà versionnée ; copie base64 omise, restauration depuis le Git blob immuable.",https://raw.githubusercontent.com/Vadimrom-create/bitvavo-live/0fbc84babfe8567d40979e2a3f695ca57c001182/history/2026-09-23/20260923T102516Z-6ce98d3b.json.gz
audit-input/history/2026-09-23/20260923T104339Z-8598364f.json.gz.b64,670879,47773255b726d24d88fdaf178833427d2ef7622c551f02fa2ce742b4004db7d8,archive_publique_dupliquee,"Archive compressée déjà versionnée ; copie base64 omise, restauration depuis le Git blob immuable.",https://raw.githubusercontent.com/Vadimrom-create/bitvavo-live/0fbc84babfe8567d40979e2a3f695ca57c001182/history/2026-09-23/20260923T104339Z-8598364f.json.gz
audit-input/history/2026-09-23/20260923T105742Z-1500d7c8.json.gz.b64,665272,97ae23ccc68f9cc1703cd0329bd2a543bf7477e6964e1d5407ca8be83c02450a,archive_publique_dupliquee,"Archive compressée déjà versionnée ; copie base64 omise, restauration depuis le Git blob immuable.",https://raw.githubusercontent.com/Vadimrom-create/bitvavo-live/0fbc84babfe8567d40979e2a3f695ca57c001182/history/2026-09-23/20260923T105742Z-1500d7c8.json.gz
audit-input/history/2026-09-23/20260923T111837Z-75c7b678.json.gz.b64,669359,ea64b4d9c32729b2f8636ce414a1e0d4b302e67b679be16dd7bf165c2d42eeec,archive_publique_dupliquee,"Archive compressée déjà versionnée ; copie base64 omise, restauration depuis le Git blob immuable.",https://raw.githubusercontent.com/Vadimrom-create/bitvavo-live/0fbc84babfe8567d40979e2a3f695ca57c001182/history/2026-09-23/20260923T111837Z-75c7b678.json.gz
audit-input/history/2026-09-23/20260923T113512Z-d4287908.json.gz.b64,657996,f55f9e23a8126a53bb6c6dbc54c26ff415f14ad897fb2de43b16e65b8046c9b5,archive_publique_dupliquee,"Archive compressée déjà versionnée ; copie base64 omise, restauration depuis le Git blob immuable.",https://raw.githubusercontent.com/Vadimrom-create/bitvavo-live/0fbc84babfe8567d40979e2a3f695ca57c001182/history/2026-09-23/20260923T113512Z-d4287908.json.gz
audit-input/history/2026-09-23/20260923T115111Z-aae00348.json.gz.b64,663458,1000b93b7db33faa7c9f7764a33c7046920a44f96503d6302cf0932e69567237,archive_publique_dupliquee,"Archive compressée déjà versionnée ; copie base64 omise, restauration depuis le Git blob immuable.",https://raw.githubusercontent.com/Vadimrom-create/bitvavo-live/0fbc84babfe8567d40979e2a3f695ca57c001182/history/2026-09-23/20260923T115111Z-aae00348.json.gz
audit-input/history/2026-09-23/20260923T120949Z-d1d36294.json.gz.b64,681420,e3b83ade6f2e451280450b6a9ebd0c4b1530be0d3c74b1854577bec2595cda55,archive_publique_dupliquee,"Archive compressée déjà versionnée ; copie base64 omise, restauration depuis le Git blob immuable.",https://raw.githubusercontent.com/Vadimrom-create/bitvavo-live/0fbc84babfe8567d40979e2a3f695ca57c001182/history/2026-09-23/20260923T120949Z-d1d36294.json.gz
audit-input/history/2026-09-23/20260923T123355Z-b3327a22.json.gz.b64,677366,cfbb1ace5672b352b2436f8b784c6e15f3b6a90a4d5fd296d158220210b4debd,archive_publique_dupliquee,"Archive compressée déjà versionnée ; copie base64 omise, restauration depuis le Git blob immuable.",https://raw.githubusercontent.com/Vadimrom-create/bitvavo-live/0fbc84babfe8567d40979e2a3f695ca57c001182/history/2026-09-23/20260923T123355Z-b3327a22.json.gz
audit-input/history/2026-09-23/20260923T125331Z-6510d669.json.gz.b64,676825,8ace4633b9443995cc38e7ea51750725745c78f764bb4e970da858abea768419,archive_publique_dupliquee,"Archive compressée déjà versionnée ; copie base64 omise, restauration depuis le Git blob immuable.",https://raw.githubusercontent.com/Vadimrom-create/bitvavo-live/0fbc84babfe8567d40979e2a3f695ca57c001182/history/2026-09-23/20260923T125331Z-6510d669.json.gz
audit-input/history/2026-09-23/20260923T131242Z-7c2d0629.json.gz.b64,669066,0daa904cd4cf8d4152db49e08018a42540dc0d63ff9dab3a3a53806b9fb4d346,archive_publique_dupliquee,"Archive compressée déjà versionnée ; copie base64 omise, restauration depuis le Git blob immuable.",https://raw.githubusercontent.com/Vadimrom-create/bitvavo-live/0fbc84babfe8567d40979e2a3f695ca57c001182/history/2026-09-23/20260923T131242Z-7c2d0629.json.gz
audit-input/history/2026-09-23/20260923T133238Z-1d0f6eb5.json.gz.b64,673405,6ed733911ff6de12e37aa82590909751bfa38f61104f2b40b49006cf7efbc1d4,archive_publique_dupliquee,"Archive compressée déjà versionnée ; copie base64 omise, restauration depuis le Git blob immuable.",https://raw.githubusercontent.com/Vadimrom-create/bitvavo-live/0fbc84babfe8567d40979e2a3f695ca57c001182/history/2026-09-23/20260923T133238Z-1d0f6eb5.json.gz
audit-input/history/2026-09-23/20260923T134935Z-7f6e7e82.json.gz.b64,672120,70192d06ab15dd9eacc4c7f88f328efba260f695bd31d83d9c7f2741b679097c,archive_publique_dupliquee,"Archive compressée déjà versionnée ; copie base64 omise, restauration depuis le Git blob immuable.",https://raw.githubusercontent.com/Vadimrom-create/bitvavo-live/0fbc84babfe8567d40979e2a3f695ca57c001182/history/2026-09-23/20260923T134935Z-7f6e7e82.json.gz
audit-input/history/2026-09-23/20260923T140437Z-d40d40b7.json.gz.b64,661603,7a1c04baa31a22d3b1e81261a3e74dfd69fce75359f677245056181c9f67201b,archive_publique_dupliquee,"Archive compressée déjà versionnée ; copie base64 omise, restauration depuis le Git blob immuable.",https://raw.githubusercontent.com/Vadimrom-create/bitvavo-live/0fbc84babfe8567d40979e2a3f695ca57c001182/history/2026-09-23/20260923T140437Z-d40d40b7.json.gz
audit-input/history/2026-09-23/20260923T142514Z-5c968ff2.json.gz.b64,691510,d1c95ea577641d5c9e9f3fa3ea4d219606fdae102e84bcd35019450f7cf6045d,archive_publique_dupliquee,"Archive compressée déjà versionnée ; copie base64 omise, restauration depuis le Git blob immuable.",https://raw.githubusercontent.com/Vadimrom-create/bitvavo-live/0fbc84babfe8567d40979e2a3f695ca57c001182/history/2026-09-23/20260923T142514Z-5c968ff2.json.gz
audit-input/history/2026-09-23/20260923T144432Z-9d1a134e.json.gz.b64,682779,8d049b55d2cdad2c9e6ef06a4545b5a433b50b51e31f2dd089c9eed289e22a19,archive_publique_dupliquee,"Archive compressée déjà versionnée ; copie base64 omise, restauration depuis le Git blob immuable.",https://raw.githubusercontent.com/Vadimrom-create/bitvavo-live/0fbc84babfe8567d40979e2a3f695ca57c001182/history/2026-09-23/20260923T144432Z-9d1a134e.json.gz
audit-input/history/2026-09-23/20260923T145923Z-1f7f1c7c.json.gz.b64,667431,5ce77261967db10312c3816ca8c9d0a3ecafa2fefd6354c80f02af3f807524e8,archive_publique_dupliquee,"Archive compressée déjà versionnée ; copie base64 omise, restauration depuis le Git blob immuable.",https://raw.githubusercontent.com/Vadimrom-create/bitvavo-live/0fbc84babfe8567d40979e2a3f695ca57c001182/history/2026-09-23/20260923T145923Z-1f7f1c7c.json.gz
audit-input/history/2026-09-23/20260923T152101Z-38336ca1.json.gz.b64,688801,1bdcc35ee5c45b51f6242e96498d1549766e21db5865dbac0942b8fa20ba7235,archive_publique_dupliquee,"Archive compressée déjà versionnée ; copie base64 omise, restauration depuis le Git blob immuable.",https://raw.githubusercontent.com/Vadimrom-create/bitvavo-live/0fbc84babfe8567d40979e2a3f695ca57c001182/history/2026-09-23/20260923T152101Z-38336ca1.json.gz
audit-input/history/2026-09-23/20260923T153936Z-ba0eb8c8.json.gz.b64,678163,2a3fad748a3066dc04a3a7eda9d823c468dcf8b4827759b56d495f1e121782b2,archive_publique_dupliquee,"Archive compressée déjà versionnée ; copie base64 omise, restauration depuis le Git blob immuable.",https://raw.githubusercontent.com/Vadimrom-create/bitvavo-live/0fbc84babfe8567d40979e2a3f695ca57c001182/history/2026-09-23/20260923T153936Z-ba0eb8c8.json.gz
audit-input/history/2026-09-23/20260923T155442Z-cc5dae26.json.gz.b64,667581,c84a03999857207006340a9c98f7548d2bf0afe8866adf28408877cb9354f2d7,archive_publique_dupliquee,"Archive compressée déjà versionnée ; copie base64 omise, restauration depuis le Git blob immuable.",https://raw.githubusercontent.com/Vadimrom-create/bitvavo-live/0fbc84babfe8567d40979e2a3f695ca57c001182/history/2026-09-23/20260923T155442Z-cc5dae26.json.gz
audit-input/history/2026-09-23/20260923T161600Z-4c5338ca.json.gz.b64,686878,4a9d12b5b21cd415b3369a61eb9e143feedcad75eb19575e70cce8e92c73df97,archive_publique_dupliquee,"Archive compressée déjà versionnée ; copie base64 omise, restauration depuis le Git blob immuable.",https://raw.githubusercontent.com/Vadimrom-create/bitvavo-live/0fbc84babfe8567d40979e2a3f695ca57c001182/history/2026-09-23/20260923T161600Z-4c5338ca.json.gz
audit-input/history/2026-09-23/20260923T163523Z-8c659aba.json.gz.b64,670627,b0967cbb4ee43b44b3b7b7717eebebbf90cddb143ad9dee4f6d6b81013d2f591,archive_publique_dupliquee,"Archive compressée déjà versionnée ; copie base64 omise, restauration depuis le Git blob immuable.",https://raw.githubusercontent.com/Vadimrom-create/bitvavo-live/0fbc84babfe8567d40979e2a3f695ca57c001182/history/2026-09-23/20260923T163523Z-8c659aba.json.gz
audit-input/history/2026-09-23/20260923T165202Z-8e1c3143.json.gz.b64,668228,8c9eb1d260faf420e6cd22fdfcdf290012bf8f03fe67c59479fa9a35b2cc1a97,archive_publique_dupliquee,"Archive compressée déjà versionnée ; copie base64 omise, restauration depuis le Git blob immuable.",https://raw.githubusercontent.com/Vadimrom-create/bitvavo-live/0fbc84babfe8567d40979e2a3f695ca57c001182/history/2026-09-23/20260923T165202Z-8e1c3143.json.gz
audit-input/history/2026-09-23/20260923T170909Z-060803ce.json.gz.b64,678106,36f79932c71e1cfd49d7ac2ec68a3d8fb439fc83ebe9b564c24d464a24733b4f,archive_publique_dupliquee,"Archive compressée déjà versionnée ; copie base64 omise, restauration depuis le Git blob immuable.",https://raw.githubusercontent.com/Vadimrom-create/bitvavo-live/0fbc84babfe8567d40979e2a3f695ca57c001182/history/2026-09-23/20260923T170909Z-060803ce.json.gz
audit-input/history/2026-09-23/20260923T172748Z-3729eb5a.json.gz.b64,663393,20582bb7c07bdb8a372670ae5b49a293a9795f21a2f278cdd215454769dbd99e,archive_publique_dupliquee,"Archive compressée déjà versionnée ; copie base64 omise, restauration depuis le Git blob immuable.",https://raw.githubusercontent.com/Vadimrom-create/bitvavo-live/0fbc84babfe8567d40979e2a3f695ca57c001182/history/2026-09-23/20260923T172748Z-3729eb5a.json.gz
audit-input/history/2026-09-23/20260923T174356Z-26759f00.json.gz.b64,652311,089cc26e1405d4fcf180b2b7fead18ea8d1756512f7a855861706ef728f533f5,archive_publique_dupliquee,"Archive compressée déjà versionnée ; copie base64 omise, restauration depuis le Git blob immuable.",https://raw.githubusercontent.com/Vadimrom-create/bitvavo-live/0fbc84babfe8567d40979e2a3f695ca57c001182/history/2026-09-23/20260923T174356Z-26759f00.json.gz
audit-input/history/2026-09-23/20260923T175645Z-04615e42.json.gz.b64,646732,ba20aadb68419687b79d5539164dee228355310ba8c10d65c4280c586fe7da81,archive_publique_dupliquee,"Archive compressée déjà versionnée ; copie base64 omise, restauration depuis le Git blob immuable.",https://raw.githubusercontent.com/Vadimrom-create/bitvavo-live/0fbc84babfe8567d40979e2a3f695ca57c001182/history/2026-09-23/20260923T175645Z-04615e42.json.gz
audit-input/history/2026-09-23/20260923T182202Z-19dd0f40.json.gz.b64,655182,723590ee3690d51f9f925080f62aaf7edf89635c434de20d1119e6e88aac4961,archive_publique_dupliquee,"Archive compressée déjà versionnée ; copie base64 omise, restauration depuis le Git blob immuable.",https://raw.githubusercontent.com/Vadimrom-create/bitvavo-live/0fbc84babfe8567d40979e2a3f695ca57c001182/history/2026-09-23/20260923T182202Z-19dd0f40.json.gz
audit-input/history/2026-09-23/20260923T184114Z-15fec9db.json.gz.b64,653242,edcb5b5e249fb45b16f6fd13c082a0bfa52ea1d015b787e86da37c60944dd03c,archive_publique_dupliquee,"Archive compressée déjà versionnée ; copie base64 omise, restauration depuis le Git blob immuable.",https://raw.githubusercontent.com/Vadimrom-create/bitvavo-live/0fbc84babfe8567d40979e2a3f695ca57c001182/history/2026-09-23/20260923T184114Z-15fec9db.json.gz
audit-input/history/2026-09-23/20260923T185639Z-c5fd36ef.json.gz.b64,649765,a2719a6a67ccbaab774d888b5df651d44b3e355aa7a673c89f5aa290fbbddab8,archive_publique_dupliquee,"Archive compressée déjà versionnée ; copie base64 omise, restauration depuis le Git blob immuable.",https://raw.githubusercontent.com/Vadimrom-create/bitvavo-live/0fbc84babfe8567d40979e2a3f695ca57c001182/history/2026-09-23/20260923T185639Z-c5fd36ef.json.gz
audit-input/history/2026-09-23/20260923T191600Z-e49fb0a6.json.gz.b64,647118,ec7ad137755369f1958d239e304211c11d8b219a5f650de1818d39a409cc62ed,archive_publique_dupliquee,"Archive compressée déjà versionnée ; copie base64 omise, restauration depuis le Git blob immuable.",https://raw.githubusercontent.com/Vadimrom-create/bitvavo-live/0fbc84babfe8567d40979e2a3f695ca57c001182/history/2026-09-23/20260923T191600Z-e49fb0a6.json.gz
audit-input/history/2026-09-23/20260923T193252Z-e52b6e3f.json.gz.b64,650449,0f16dfa8c09e38b7b22dba1a9e9bb279e62502ad45b656f586859758b0c7f458,archive_publique_dupliquee,"Archive compressée déjà versionnée ; copie base64 omise, restauration depuis le Git blob immuable.",https://raw.githubusercontent.com/Vadimrom-create/bitvavo-live/0fbc84babfe8567d40979e2a3f695ca57c001182/history/2026-09-23/20260923T193252Z-e52b6e3f.json.gz
audit-input/history/2026-09-23/20260923T194738Z-10fb98d8.json.gz.b64,646256,ab9e2296a8722933e1026a2192b6d405565c575ffd09595232002e98df7473fd,archive_publique_dupliquee,"Archive compressée déjà versionnée ; copie base64 omise, restauration depuis le Git blob immuable.",https://raw.githubusercontent.com/Vadimrom-create/bitvavo-live/0fbc84babfe8567d40979e2a3f695ca57c001182/history/2026-09-23/20260923T194738Z-10fb98d8.json.gz
audit-input/history/2026-09-23/20260923T200043Z-8ae0c736.json.gz.b64,640038,dd445eb945fbf4013a84dfc1bd45ff764bbc109df2553121ada815e34f7e702d,archive_publique_dupliquee,"Archive compressée déjà versionnée ; copie base64 omise, restauration depuis le Git blob immuable.",https://raw.githubusercontent.com/Vadimrom-create/bitvavo-live/0fbc84babfe8567d40979e2a3f695ca57c001182/history/2026-09-23/20260923T200043Z-8ae0c736.json.gz
audit-input/history/2026-09-23/20260923T202155Z-521b16fb.json.gz.b64,653100,55c897c1c73bd7d46d82e189b9fd38fd659cd45a3cacc655e8dc9052b6922fa2,archive_publique_dupliquee,"Archive compressée déjà versionnée ; copie base64 omise, restauration depuis le Git blob immuable.",https://raw.githubusercontent.com/Vadimrom-create/bitvavo-live/0fbc84babfe8567d40979e2a3f695ca57c001182/history/2026-09-23/20260923T202155Z-521b16fb.json.gz
audit-input/history/2026-09-23/20260923T203841Z-9b9d16a3.json.gz.b64,651368,87fea5b18e9ac9f2376ad0a0109ad22767c3fb1743ccf65b3d87231c1e002b2f,archive_publique_dupliquee,"Archive compressée déjà versionnée ; copie base64 omise, restauration depuis le Git blob immuable.",https://raw.githubusercontent.com/Vadimrom-create/bitvavo-live/0fbc84babfe8567d40979e2a3f695ca57c001182/history/2026-09-23/20260923T203841Z-9b9d16a3.json.gz
audit-input/history/2026-09-23/20260923T205224Z-396f464d.json.gz.b64,636528,58dcd581868299289f9bdbe8b0972bfe4e26a02387720aef0a2dbc4f3d278a9f,archive_publique_dupliquee,"Archive compressée déjà versionnée ; copie base64 omise, restauration depuis le Git blob immuable.",https://raw.githubusercontent.com/Vadimrom-create/bitvavo-live/0fbc84babfe8567d40979e2a3f695ca57c001182/history/2026-09-23/20260923T205224Z-396f464d.json.gz
audit-input/history/2026-09-23/20260923T210950Z-b505f4a4.json.gz.b64,647183,07ba0030c851ae1fd531386fb3eff8eb52366a4dbd9a4723ca5328d35ab7d907,archive_publique_dupliquee,"Archive compressée déjà versionnée ; copie base64 omise, restauration depuis le Git blob immuable.",https://raw.githubusercontent.com/Vadimrom-create/bitvavo-live/0fbc84babfe8567d40979e2a3f695ca57c001182/history/2026-09-23/20260923T210950Z-b505f4a4.json.gz
audit-input/history/2026-09-23/20260923T212805Z-5c16c178.json.gz.b64,646174,1c2eb79d9d9c39151f0975aa97eb487b439bc33ebbdbd8810249e6b18e647fe0,archive_publique_dupliquee,"Archive compressée déjà versionnée ; copie base64 omise, restauration depuis le Git blob immuable.",https://raw.githubusercontent.com/Vadimrom-create/bitvavo-live/0fbc84babfe8567d40979e2a3f695ca57c001182/history/2026-09-23/20260923T212805Z-5c16c178.json.gz
audit-input/history/2026-09-23/20260923T214337Z-9dfc0019.json.gz.b64,643454,e53bb2efc634a8643ae6c2932e5f14c48d3d64a31c8f3d82e4fd6fb4b300522f,archive_publique_dupliquee,"Archive compressée déjà versionnée ; copie base64 omise, restauration depuis le Git blob immuable.",https://raw.githubusercontent.com/Vadimrom-create/bitvavo-live/0fbc84babfe8567d40979e2a3f695ca57c001182/history/2026-09-23/20260923T214337Z-9dfc0019.json.gz
audit-input/history/2026-09-23/20260923T215629Z-a088f8b3.json.gz.b64,643096,612ed756a26dc1855dc64287deddb5130542576cf977105017a3d3287362b352,archive_publique_dupliquee,"Archive compressée déjà versionnée ; copie base64 omise, restauration depuis le Git blob immuable.",https://raw.githubusercontent.com/Vadimrom-create/bitvavo-live/0fbc84babfe8567d40979e2a3f695ca57c001182/history/2026-09-23/20260923T215629Z-a088f8b3.json.gz
audit-input/history/2026-09-23/20260923T220817Z-473aa845.json.gz.b64,643450,abe88db0857340c43349d0b5ae1e4eba6e801de7ac8acf29a01d2ef52ed4dc89,archive_publique_dupliquee,"Archive compressée déjà versionnée ; copie base64 omise, restauration depuis le Git blob immuable.",https://raw.githubusercontent.com/Vadimrom-create/bitvavo-live/0fbc84babfe8567d40979e2a3f695ca57c001182/history/2026-09-23/20260923T220817Z-473aa845.json.gz
audit-input/history/2026-09-23/20260923T221713Z-7b6355a7.json.gz.b64,653466,072821e00478b5d64fe6504a03d6e1f7af271fbea95821d1aff5d51b41a0e350,archive_publique_dupliquee,"Archive compressée déjà versionnée ; copie base64 omise, restauration depuis le Git blob immuable.",https://raw.githubusercontent.com/Vadimrom-create/bitvavo-live/0fbc84babfe8567d40979e2a3f695ca57c001182/history/2026-09-23/20260923T221713Z-7b6355a7.json.gz
audit-input/history/2026-09-23/20260923T223237Z-bb663f97.json.gz.b64,642811,1351eb7f1dde8bf7937235c1224022dc1578169df5f2df3de40543b6f79bec43,archive_publique_dupliquee,"Archive compressée déjà versionnée ; copie base64 omise, restauration depuis le Git blob immuable.",https://raw.githubusercontent.com/Vadimrom-create/bitvavo-live/0fbc84babfe8567d40979e2a3f695ca57c001182/history/2026-09-23/20260923T223237Z-bb663f97.json.gz
audit-input/history/2026-09-23/20260923T224643Z-48281551.json.gz.b64,636114,7e1fb6eb719f816d35296ae31e9d9044e042ce75ebcb17be205c833559900565,archive_publique_dupliquee,"Archive compressée déjà versionnée ; copie base64 omise, restauration depuis le Git blob immuable.",https://raw.githubusercontent.com/Vadimrom-create/bitvavo-live/0fbc84babfe8567d40979e2a3f695ca57c001182/history/2026-09-23/20260923T224643Z-48281551.json.gz
audit-input/history/2026-09-23/20260923T225927Z-3b3833d4.json.gz.b64,634178,bff6a091b3630a553bed509cc62efd145dc8fbc95159d70331c37d5172ecbff3,archive_publique_dupliquee,"Archive compressée déjà versionnée ; copie base64 omise, restauration depuis le Git blob immuable.",https://raw.githubusercontent.com/Vadimrom-create/bitvavo-live/0fbc84babfe8567d40979e2a3f695ca57c001182/history/2026-09-23/20260923T225927Z-3b3833d4.json.gz
audit-input/history/2026-09-23/20260923T230722Z-0d957bba.json.gz.b64,635687,2f7dbcc86e920a40c1beeeb5537b4755e6dc8918f6b3933b88ab35bea0441e83,archive_publique_dupliquee,"Archive compressée déjà versionnée ; copie base64 omise, restauration depuis le Git blob immuable.",https://raw.githubusercontent.com/Vadimrom-create/bitvavo-live/0fbc84babfe8567d40979e2a3f695ca57c001182/history/2026-09-23/20260923T230722Z-0d957bba.json.gz
audit-input/history/2026-09-23/20260923T231642Z-f6c68173.json.gz.b64,623096,ec45404b99d1f0dd74226d0517ba1ad39b6147d4c2d2fda48a50ae7742039bcc,archive_publique_dupliquee,"Archive compressée déjà versionnée ; copie base64 omise, restauration depuis le Git blob immuable.",https://raw.githubusercontent.com/Vadimrom-create/bitvavo-live/0fbc84babfe8567d40979e2a3f695ca57c001182/history/2026-09-23/20260923T231642Z-f6c68173.json.gz
audit-input/history/2026-09-23/20260923T232511Z-7704bb30.json.gz.b64,627895,e8394de3727ea9f6e3fce14731c4d683173b359ff02183940b6a0ecf2b365560,archive_publique_dupliquee,"Archive compressée déjà versionnée ; copie base64 omise, restauration depuis le Git blob immuable.",https://raw.githubusercontent.com/Vadimrom-create/bitvavo-live/0fbc84babfe8567d40979e2a3f695ca57c001182/history/2026-09-23/20260923T232511Z-7704bb30.json.gz
audit-input/history/2026-09-23/20260923T233324Z-43e52ac4.json.gz.b64,618379,7c5af9a6f07c7c24d77309aa118f4acf1ddda18900549c141cf9442568f0c136,archive_publique_dupliquee,"Archive compressée déjà versionnée ; copie base64 omise, restauration depuis le Git blob immuable.",https://raw.githubusercontent.com/Vadimrom-create/bitvavo-live/0fbc84babfe8567d40979e2a3f695ca57c001182/history/2026-09-23/20260923T233324Z-43e52ac4.json.gz
audit-input/history/2026-09-23/20260923T234124Z-01e333df.json.gz.b64,626077,5b60189a0f8821832ead36f4b47c5c41d64422be8fca46bec3a52d1712e917a4,archive_publique_dupliquee,"Archive compressée déjà versionnée ; copie base64 omise, restauration depuis le Git blob immuable.",https://raw.githubusercontent.com/Vadimrom-create/bitvavo-live/0fbc84babfe8567d40979e2a3f695ca57c001182/history/2026-09-23/20260923T234124Z-01e333df.json.gz
audit-input/history/2026-09-23/20260923T234804Z-069803e8.json.gz.b64,614552,2b0c79f31904d17863ec190416430b909fafacdfd2067c342a9ab920ef72b8e9,archive_publique_dupliquee,"Archive compressée déjà versionnée ; copie base64 omise, restauration depuis le Git blob immuable.",https://raw.githubusercontent.com/Vadimrom-create/bitvavo-live/0fbc84babfe8567d40979e2a3f695ca57c001182/history/2026-09-23/20260923T234804Z-069803e8.json.gz
audit-input/history/2026-09-23/20260923T235738Z-931d31e0.json.gz.b64,623926,6e699909e59a5e78152a0d4628c55db56875f35317e28961b437240ff4385ef8,archive_publique_dupliquee,"Archive compressée déjà versionnée ; copie base64 omise, restauration depuis le Git blob immuable.",https://raw.githubusercontent.com/Vadimrom-create/bitvavo-live/0fbc84babfe8567d40979e2a3f695ca57c001182/history/2026-09-23/20260923T235738Z-931d31e0.json.gz
audit-input/history/2026-09-24/20260924T002537Z-260998c2.json.gz.b64,651961,37eda884cefd15dcdaf604b0f7c0fd8bf8519b35ac8d7d42f8450882aa732369,archive_publique_dupliquee,"Archive compressée déjà versionnée ; copie base64 omise, restauration depuis le Git blob immuable.",https://raw.githubusercontent.com/Vadimrom-create/bitvavo-live/0fbc84babfe8567d40979e2a3f695ca57c001182/history/2026-09-24/20260924T002537Z-260998c2.json.gz
audit-input/history/2026-09-24/20260924T004808Z-61771133.json.gz.b64,630327,5d04a777ec69d7a1a871dc79767de4bc23a3f1b9d49bb8b1d9e4b418fef267dd,archive_publique_dupliquee,"Archive compressée déjà versionnée ; copie base64 omise, restauration depuis le Git blob immuable.",https://raw.githubusercontent.com/Vadimrom-create/bitvavo-live/0fbc84babfe8567d40979e2a3f695ca57c001182/history/2026-09-24/20260924T004808Z-61771133.json.gz
audit-input/history/2026-09-24/20260924T010126Z-bf7eafcf.json.gz.b64,637537,b3cf72eb58a7cc12987c5142eb9e91771ed264786879db3377f0af106628e60c,archive_publique_dupliquee,"Archive compressée déjà versionnée ; copie base64 omise, restauration depuis le Git blob immuable.",https://raw.githubusercontent.com/Vadimrom-create/bitvavo-live/0fbc84babfe8567d40979e2a3f695ca57c001182/history/2026-09-24/20260924T010126Z-bf7eafcf.json.gz
audit-input/history/2026-09-24/20260924T012020Z-31c2618f.json.gz.b64,639318,03bb909dfbc55ffaa5d69d2db740bd5dde7e060de8b6ec4c0b40cb53f1e7b24f,archive_publique_dupliquee,"Archive compressée déjà versionnée ; copie base64 omise, restauration depuis le Git blob immuable.",https://raw.githubusercontent.com/Vadimrom-create/bitvavo-live/0fbc84babfe8567d40979e2a3f695ca57c001182/history/2026-09-24/20260924T012020Z-31c2618f.json.gz
audit-input/history/2026-09-24/20260924T013653Z-9ad4eaca.json.gz.b64,638021,8afa2cf3ba53457e2bc1718b154d39b039dd58a0f59aaa6cbc0314f3400f9088,archive_publique_dupliquee,"Archive compressée déjà versionnée ; copie base64 omise, restauration depuis le Git blob immuable.",https://raw.githubusercontent.com/Vadimrom-create/bitvavo-live/0fbc84babfe8567d40979e2a3f695ca57c001182/history/2026-09-24/20260924T013653Z-9ad4eaca.json.gz
audit-input/history/2026-09-24/20260924T015234Z-ad3b7b70.json.gz.b64,635621,ba78b83f22107d90cb44201f340bd4bc529678d31541e4c8d8fbaefb6191a518,archive_publique_dupliquee,"Archive compressée déjà versionnée ; copie base64 omise, restauration depuis le Git blob immuable.",https://raw.githubusercontent.com/Vadimrom-create/bitvavo-live/0fbc84babfe8567d40979e2a3f695ca57c001182/history/2026-09-24/20260924T015234Z-ad3b7b70.json.gz
audit-input/history/2026-09-24/20260924T021000Z-b1328eb2.json.gz.b64,639973,35b370f96efb61b61fcf1d45890cfa3615a39d0d3b92e227182ba14ea2034faa,archive_publique_dupliquee,"Archive compressée déjà versionnée ; copie base64 omise, restauration depuis le Git blob immuable.",https://raw.githubusercontent.com/Vadimrom-create/bitvavo-live/0fbc84babfe8567d40979e2a3f695ca57c001182/history/2026-09-24/20260924T021000Z-b1328eb2.json.gz
audit-input/history/2026-09-24/20260924T022919Z-87965533.json.gz.b64,647073,8e43282367e13e8e30e3ab19cf16ab2ae7a04fcfb2757ca4a2993c4faf279170,archive_publique_dupliquee,"Archive compressée déjà versionnée ; copie base64 omise, restauration depuis le Git blob immuable.",https://raw.githubusercontent.com/Vadimrom-create/bitvavo-live/0fbc84babfe8567d40979e2a3f695ca57c001182/history/2026-09-24/20260924T022919Z-87965533.json.gz
audit-input/history/2026-09-24/20260924T024646Z-7543bd44.json.gz.b64,639314,03217bd7b74cc08dda81bc7e324e0b945d2a9f87366aa7dc8134cca0b63250d3,archive_publique_dupliquee,"Archive compressée déjà versionnée ; copie base64 omise, restauration depuis le Git blob immuable.",https://raw.githubusercontent.com/Vadimrom-create/bitvavo-live/0fbc84babfe8567d40979e2a3f695ca57c001182/history/2026-09-24/20260924T024646Z-7543bd44.json.gz
audit-input/history/2026-09-24/20260924T025930Z-31f446df.json.gz.b64,638102,be123d44a8352c257da97435bd565570699cf4156fba9b099ec490be4e4c2868,archive_publique_dupliquee,"Archive compressée déjà versionnée ; copie base64 omise, restauration depuis le Git blob immuable.",https://raw.githubusercontent.com/Vadimrom-create/bitvavo-live/0fbc84babfe8567d40979e2a3f695ca57c001182/history/2026-09-24/20260924T025930Z-31f446df.json.gz
audit-input/history/2026-09-24/20260924T032045Z-c0f7caa9.json.gz.b64,650310,10c669a992bff34cf6a35413762052bd32a331ad80558ed85c20280a2b70c10a,archive_publique_dupliquee,"Archive compressée déjà versionnée ; copie base64 omise, restauration depuis le Git blob immuable.",https://raw.githubusercontent.com/Vadimrom-create/bitvavo-live/0fbc84babfe8567d40979e2a3f695ca57c001182/history/2026-09-24/20260924T032045Z-c0f7caa9.json.gz
audit-input/history/2026-09-24/20260924T033907Z-7622aeb1.json.gz.b64,640339,38c7e9470a239452832c1897ae57f340619e0e477500cd0f00f51aa7e8b7826a,archive_publique_dupliquee,"Archive compressée déjà versionnée ; copie base64 omise, restauration depuis le Git blob immuable.",https://raw.githubusercontent.com/Vadimrom-create/bitvavo-live/0fbc84babfe8567d40979e2a3f695ca57c001182/history/2026-09-24/20260924T033907Z-7622aeb1.json.gz
audit-input/history/2026-09-24/20260924T035411Z-4dc773e6.json.gz.b64,627069,b43c28007c2a7504ff3562578db1d46746c4064059630c5f28da87759d102ef2,archive_publique_dupliquee,"Archive compressée déjà versionnée ; copie base64 omise, restauration depuis le Git blob immuable.",https://raw.githubusercontent.com/Vadimrom-create/bitvavo-live/0fbc84babfe8567d40979e2a3f695ca57c001182/history/2026-09-24/20260924T035411Z-4dc773e6.json.gz
audit-input/history/2026-09-24/20260924T041318Z-bb3fe5cd.json.gz.b64,630786,c07dcfc0f9316eb4f66e3b205ae6034d14cdd8e8492b7cbb846458a3694c249c,archive_publique_dupliquee,"Archive compressée déjà versionnée ; copie base64 omise, restauration depuis le Git blob immuable.",https://raw.githubusercontent.com/Vadimrom-create/bitvavo-live/0fbc84babfe8567d40979e2a3f695ca57c001182/history/2026-09-24/20260924T041318Z-bb3fe5cd.json.gz
audit-input/history/2026-09-24/20260924T043232Z-fc934232.json.gz.b64,634031,4b20446a3d8823b4d666ae28b03e9fdffb668ae04984f7f3e5e9ab87eef086ce,archive_publique_dupliquee,"Archive compressée déjà versionnée ; copie base64 omise, restauration depuis le Git blob immuable.",https://raw.githubusercontent.com/Vadimrom-create/bitvavo-live/0fbc84babfe8567d40979e2a3f695ca57c001182/history/2026-09-24/20260924T043232Z-fc934232.json.gz
audit-input/history/2026-09-24/20260924T044841Z-fdcb824d.json.gz.b64,638716,c9911d1fb825d21face84a5197140a818a39cdf5179c276ccb18604eef8fd5b9,archive_publique_dupliquee,"Archive compressée déjà versionnée ; copie base64 omise, restauration depuis le Git blob immuable.",https://raw.githubusercontent.com/Vadimrom-create/bitvavo-live/0fbc84babfe8567d40979e2a3f695ca57c001182/history/2026-09-24/20260924T044841Z-fdcb824d.json.gz
audit-input/history/2026-09-24/20260924T050146Z-c3b1e90d.json.gz.b64,637151,8d18e622fb62f4b3c627189b5e6f78aca451f61e1dfe08e88a32af731c689b21,archive_publique_dupliquee,"Archive compressée déjà versionnée ; copie base64 omise, restauration depuis le Git blob immuable.",https://raw.githubusercontent.com/Vadimrom-create/bitvavo-live/0fbc84babfe8567d40979e2a3f695ca57c001182/history/2026-09-24/20260924T050146Z-c3b1e90d.json.gz
audit-input/history/2026-09-24/20260924T052123Z-339fb58e.json.gz.b64,667728,bf1f13694193368abebf022c471eec900adde34e47d7a72f4ca3b33736167b51,archive_publique_dupliquee,"Archive compressée déjà versionnée ; copie base64 omise, restauration depuis le Git blob immuable.",https://raw.githubusercontent.com/Vadimrom-create/bitvavo-live/0fbc84babfe8567d40979e2a3f695ca57c001182/history/2026-09-24/20260924T052123Z-339fb58e.json.gz
audit-input/history/2026-09-24/20260924T053859Z-e91daeaa.json.gz.b64,654629,11ce26b27c53a63c6bff12fb2fcf7c2a9d5d0ff453886797dc144e7ec09603d3,archive_publique_dupliquee,"Archive compressée déjà versionnée ; copie base64 omise, restauration depuis le Git blob immuable.",https://raw.githubusercontent.com/Vadimrom-create/bitvavo-live/0fbc84babfe8567d40979e2a3f695ca57c001182/history/2026-09-24/20260924T053859Z-e91daeaa.json.gz
audit-input/history/2026-09-24/20260924T055405Z-a7e5afbd.json.gz.b64,647781,4697b67bf84ca04545726cf2abe53c5e82bc2ddf0d831f3c8108830b843a9a3e,archive_publique_dupliquee,"Archive compressée déjà versionnée ; copie base64 omise, restauration depuis le Git blob immuable.",https://raw.githubusercontent.com/Vadimrom-create/bitvavo-live/0fbc84babfe8567d40979e2a3f695ca57c001182/history/2026-09-24/20260924T055405Z-a7e5afbd.json.gz
audit-input/history/2026-09-24/20260924T061656Z-ed2fa319.json.gz.b64,628708,a82c3ab47fedc9d275fec2ff68beca0ca9c2d1b491116e6441aad46c931edb68,archive_publique_dupliquee,"Archive compressée déjà versionnée ; copie base64 omise, restauration depuis le Git blob immuable.",https://raw.githubusercontent.com/Vadimrom-create/bitvavo-live/0fbc84babfe8567d40979e2a3f695ca57c001182/history/2026-09-24/20260924T061656Z-ed2fa319.json.gz
audit-input/history/2026-09-24/20260924T063934Z-51612bf9.json.gz.b64,644938,4cc0946abf42ab70541cbb23933a244facaf2203b61ae9551199695bab0121cc,archive_publique_dupliquee,"Archive compressée déjà versionnée ; copie base64 omise, restauration depuis le Git blob immuable.",https://raw.githubusercontent.com/Vadimrom-create/bitvavo-live/0fbc84babfe8567d40979e2a3f695ca57c001182/history/2026-09-24/20260924T063934Z-51612bf9.json.gz
audit-input/history/2026-09-24/20260924T065808Z-41399eb3.json.gz.b64,639277,30f89ca36a1943e549ff961e70c6c69fa94f5f381a0498c4235e2593c75cd214,archive_publique_dupliquee,"Archive compressée déjà versionnée ; copie base64 omise, restauration depuis le Git blob immuable.",https://raw.githubusercontent.com/Vadimrom-create/bitvavo-live/0fbc84babfe8567d40979e2a3f695ca57c001182/history/2026-09-24/20260924T065808Z-41399eb3.json.gz
audit-input/history/2026-09-24/20260924T072029Z-a4805768.json.gz.b64,640131,96431f13c7d4a7ed9dc947c5b458957cac99b1cb80a49ab597746d217fb553d1,archive_publique_dupliquee,"Archive compressée déjà versionnée ; copie base64 omise, restauration depuis le Git blob immuable.",https://raw.githubusercontent.com/Vadimrom-create/bitvavo-live/0fbc84babfe8567d40979e2a3f695ca57c001182/history/2026-09-24/20260924T072029Z-a4805768.json.gz
audit-input/history/2026-09-24/20260924T073812Z-d2874689.json.gz.b64,657500,37b8d4248655d704b6ceafcd1646545f27cd70ce951bb32e9df6b301fa4c88c1,archive_publique_dupliquee,"Archive compressée déjà versionnée ; copie base64 omise, restauration depuis le Git blob immuable.",https://raw.githubusercontent.com/Vadimrom-create/bitvavo-live/0fbc84babfe8567d40979e2a3f695ca57c001182/history/2026-09-24/20260924T073812Z-d2874689.json.gz
audit-input/history/2026-09-24/20260924T075339Z-7a0b1618.json.gz.b64,645524,12c576efaa651d8691870c0fd29087a1055e1622f28fee4907d8cf1e83dfb777,archive_publique_dupliquee,"Archive compressée déjà versionnée ; copie base64 omise, restauration depuis le Git blob immuable.",https://raw.githubusercontent.com/Vadimrom-create/bitvavo-live/0fbc84babfe8567d40979e2a3f695ca57c001182/history/2026-09-24/20260924T075339Z-7a0b1618.json.gz
audit-input/history/2026-09-24/20260924T081401Z-86b00eed.json.gz.b64,642482,b4bcd9c94917891b5c24dd23a763fc1e75e62e83b7e5ce137d983147fdc8395b,archive_publique_dupliquee,"Archive compressée déjà versionnée ; copie base64 omise, restauration depuis le Git blob immuable.",https://raw.githubusercontent.com/Vadimrom-create/bitvavo-live/0fbc84babfe8567d40979e2a3f695ca57c001182/history/2026-09-24/20260924T081401Z-86b00eed.json.gz
audit-input/history/2026-09-24/20260924T083425Z-e582defe.json.gz.b64,641648,0f0d2dafa17e805fc9a68ece487634e1aa40cf7096f7491c3a51217b56aff8f7,archive_publique_dupliquee,"Archive compressée déjà versionnée ; copie base64 omise, restauration depuis le Git blob immuable.",https://raw.githubusercontent.com/Vadimrom-create/bitvavo-live/0fbc84babfe8567d40979e2a3f695ca57c001182/history/2026-09-24/20260924T083425Z-e582defe.json.gz
audit-input/history/2026-09-24/20260924T085200Z-799da571.json.gz.b64,640721,c93e361d2199d76dea89108b21623e22ec3e8f8bff7fd4b8e0ce734ae8f2435a,archive_publique_dupliquee,"Archive compressée déjà versionnée ; copie base64 omise, restauration depuis le Git blob immuable.",https://raw.githubusercontent.com/Vadimrom-create/bitvavo-live/0fbc84babfe8567d40979e2a3f695ca57c001182/history/2026-09-24/20260924T085200Z-799da571.json.gz
audit-input/history/2026-09-24/20260924T090846Z-9acac9dc.json.gz.b64,651205,09c561edbb34c4213c1a396fbf75e5a83e38ba59ae4f565ee43f3374563ca9df,archive_publique_dupliquee,"Archive compressée déjà versionnée ; copie base64 omise, restauration depuis le Git blob immuable.",https://raw.githubusercontent.com/Vadimrom-create/bitvavo-live/0fbc84babfe8567d40979e2a3f695ca57c001182/history/2026-09-24/20260924T090846Z-9acac9dc.json.gz
audit-input/history/2026-09-24/20260924T092849Z-de6f893b.json.gz.b64,629058,84aae07fd0d4c9ec366008bbb396f8f6b556aa09fafae4be392d5a122ec1bc77,archive_publique_dupliquee,"Archive compressée déjà versionnée ; copie base64 omise, restauration depuis le Git blob immuable.",https://raw.githubusercontent.com/Vadimrom-create/bitvavo-live/0fbc84babfe8567d40979e2a3f695ca57c001182/history/2026-09-24/20260924T092849Z-de6f893b.json.gz
audit-input/history/2026-09-24/20260924T094640Z-05467d9f.json.gz.b64,640697,c493648d9825c36c1456b9f9a7fb4cb51fac2ade4fb1e0766f0f8a9e19b72bc5,archive_publique_dupliquee,"Archive compressée déjà versionnée ; copie base64 omise, restauration depuis le Git blob immuable.",https://raw.githubusercontent.com/Vadimrom-create/bitvavo-live/0fbc84babfe8567d40979e2a3f695ca57c001182/history/2026-09-24/20260924T094640Z-05467d9f.json.gz
audit-input/history/2026-09-24/20260924T100012Z-a66f37b2.json.gz.b64,632685,45c4fdaaa7be7a4fc061793a0fcec36c9a534ecf7225ed161b5ea07dc98044b4,archive_publique_dupliquee,"Archive compressée déjà versionnée ; copie base64 omise, restauration depuis le Git blob immuable.",https://raw.githubusercontent.com/Vadimrom-create/bitvavo-live/0fbc84babfe8567d40979e2a3f695ca57c001182/history/2026-09-24/20260924T100012Z-a66f37b2.json.gz
audit-input/history/2026-09-24/20260924T102137Z-c6f77c59.json.gz.b64,645040,d7b84b007d256a52fd2e97d871978b6c873b0fd8af2c4e6a95511e79ee0822b5,archive_publique_dupliquee,"Archive compressée déjà versionnée ; copie base64 omise, restauration depuis le Git blob immuable.",https://raw.githubusercontent.com/Vadimrom-create/bitvavo-live/0fbc84babfe8567d40979e2a3f695ca57c001182/history/2026-09-24/20260924T102137Z-c6f77c59.json.gz
audit-input/history/2026-09-24/20260924T103950Z-5ddc8b8e.json.gz.b64,644523,6eb4ba0f874e9767a447be2521e657768b13b10bb7676a7eef5b1552deba84c4,archive_publique_dupliquee,"Archive compressée déjà versionnée ; copie base64 omise, restauration depuis le Git blob immuable.",https://raw.githubusercontent.com/Vadimrom-create/bitvavo-live/0fbc84babfe8567d40979e2a3f695ca57c001182/history/2026-09-24/20260924T103950Z-5ddc8b8e.json.gz
audit-input/history/2026-09-24/20260924T105524Z-15d33d25.json.gz.b64,648143,5358d627468a76caaefe00917fda3cb1c7c7d6d6da6f2b83086087ffb0b950c1,archive_publique_dupliquee,"Archive compressée déjà versionnée ; copie base64 omise, restauration depuis le Git blob immuable.",https://raw.githubusercontent.com/Vadimrom-create/bitvavo-live/0fbc84babfe8567d40979e2a3f695ca57c001182/history/2026-09-24/20260924T105524Z-15d33d25.json.gz
audit-input/history/2026-09-24/20260924T111519Z-6366cf7c.json.gz.b64,644548,e2161347adb9330099feae28d4cb0d041f319caec8b49b76b1784447953ce01f,archive_publique_dupliquee,"Archive compressée déjà versionnée ; copie base64 omise, restauration depuis le Git blob immuable.",https://raw.githubusercontent.com/Vadimrom-create/bitvavo-live/0fbc84babfe8567d40979e2a3f695ca57c001182/history/2026-09-24/20260924T111519Z-6366cf7c.json.gz
audit-input/history/2026-09-24/20260924T113340Z-ef4dd5a7.json.gz.b64,642185,1785e1addb9dec37e593cd57b0d6225236dd6111b3add0a2cc90bba93bf5f06c,archive_publique_dupliquee,"Archive compressée déjà versionnée ; copie base64 omise, restauration depuis le Git blob immuable.",https://raw.githubusercontent.com/Vadimrom-create/bitvavo-live/0fbc84babfe8567d40979e2a3f695ca57c001182/history/2026-09-24/20260924T113340Z-ef4dd5a7.json.gz
audit-input/history/2026-09-24/20260924T114922Z-f8a709bc.json.gz.b64,630876,a38d85b4e50b2f6a4e0f50ae076e91c29dd0b69bb033d0e2261060c8ca4774f9,archive_publique_dupliquee,"Archive compressée déjà versionnée ; copie base64 omise, restauration depuis le Git blob immuable.",https://raw.githubusercontent.com/Vadimrom-create/bitvavo-live/0fbc84babfe8567d40979e2a3f695ca57c001182/history/2026-09-24/20260924T114922Z-f8a709bc.json.gz
audit-input/history/2026-09-24/20260924T115833Z-8c70d476.json.gz.b64,626158,58d94713d5c64b8ccbb2459569296145dfecd4f4e42993e4b70526d44d437255,archive_publique_dupliquee,"Archive compressée déjà versionnée ; copie base64 omise, restauration depuis le Git blob immuable.",https://raw.githubusercontent.com/Vadimrom-create/bitvavo-live/0fbc84babfe8567d40979e2a3f695ca57c001182/history/2026-09-24/20260924T115833Z-8c70d476.json.gz
audit-input/history/2026-09-24/20260924T120619Z-042649fc.json.gz.b64,629574,6f82abd782ed9b8c6df008799bd812f6f79ac265ee9aafeacdea594eec62b806,archive_publique_dupliquee,"Archive compressée déjà versionnée ; copie base64 omise, restauration depuis le Git blob immuable.",https://raw.githubusercontent.com/Vadimrom-create/bitvavo-live/0fbc84babfe8567d40979e2a3f695ca57c001182/history/2026-09-24/20260924T120619Z-042649fc.json.gz
audit-input/history/2026-09-24/20260924T122913Z-9cce07e0.json.gz.b64,633934,6fe58be3a21a241150686e409d6863a4892dfc5fa90ab896bac8d361bf9b39c2,archive_publique_dupliquee,"Archive compressée déjà versionnée ; copie base64 omise, restauration depuis le Git blob immuable.",https://raw.githubusercontent.com/Vadimrom-create/bitvavo-live/0fbc84babfe8567d40979e2a3f695ca57c001182/history/2026-09-24/20260924T122913Z-9cce07e0.json.gz
audit-input/history/2026-09-24/20260924T125121Z-9e62bbd2.json.gz.b64,630807,cbc50e9ce4fded508f3b25c29bb9cabf2334d8f031704a5778ce923341b8b5c8,archive_publique_dupliquee,"Archive compressée déjà versionnée ; copie base64 omise, restauration depuis le Git blob immuable.",https://raw.githubusercontent.com/Vadimrom-create/bitvavo-live/0fbc84babfe8567d40979e2a3f695ca57c001182/history/2026-09-24/20260924T125121Z-9e62bbd2.json.gz
audit-input/history/2026-09-24/20260924T130850Z-11823a0e.json.gz.b64,663242,6b949e716e2122bac85950869f2d9c68c1d4ecb2c98238fe56033a94004bdca9,archive_publique_dupliquee,"Archive compressée déjà versionnée ; copie base64 omise, restauration depuis le Git blob immuable.",https://raw.githubusercontent.com/Vadimrom-create/bitvavo-live/0fbc84babfe8567d40979e2a3f695ca57c001182/history/2026-09-24/20260924T130850Z-11823a0e.json.gz
audit-input/history/2026-09-24/20260924T132937Z-e15c611f.json.gz.b64,659420,f861063d1913d80d2cf89050f6d5c85c7038f0fbede546fc99f549609bcfbbfc,archive_publique_dupliquee,"Archive compressée déjà versionnée ; copie base64 omise, restauration depuis le Git blob immuable.",https://raw.githubusercontent.com/Vadimrom-create/bitvavo-live/0fbc84babfe8567d40979e2a3f695ca57c001182/history/2026-09-24/20260924T132937Z-e15c611f.json.gz
audit-input/history/2026-09-24/20260924T134837Z-cfb64cae.json.gz.b64,686158,011d6e5012d4b9e5c4d347fd1826eec6e6b33d69b6811f26bd96e3de311c79a8,archive_publique_dupliquee,"Archive compressée déjà versionnée ; copie base64 omise, restauration depuis le Git blob immuable.",https://raw.githubusercontent.com/Vadimrom-create/bitvavo-live/0fbc84babfe8567d40979e2a3f695ca57c001182/history/2026-09-24/20260924T134837Z-cfb64cae.json.gz
audit-input/history/2026-09-24/20260924T140220Z-4f1d4fec.json.gz.b64,656854,498662dc81be9643bf6aee2e0cfc5608fa63c483c8936a91a1db5392dd7f3c77,archive_publique_dupliquee,"Archive compressée déjà versionnée ; copie base64 omise, restauration depuis le Git blob immuable.",https://raw.githubusercontent.com/Vadimrom-create/bitvavo-live/0fbc84babfe8567d40979e2a3f695ca57c001182/history/2026-09-24/20260924T140220Z-4f1d4fec.json.gz
audit-input/history/2026-09-24/20260924T142340Z-de8e62fe.json.gz.b64,702278,ac790549f64bdba3337fcce9c8414229aab66d5f91f3f00e991683042772febf,archive_publique_dupliquee,"Archive compressée déjà versionnée ; copie base64 omise, restauration depuis le Git blob immuable.",https://raw.githubusercontent.com/Vadimrom-create/bitvavo-live/0fbc84babfe8567d40979e2a3f695ca57c001182/history/2026-09-24/20260924T142340Z-de8e62fe.json.gz
audit-input/history/2026-09-24/20260924T144405Z-a053fb58.json.gz.b64,681388,7201f67a3fee7c3e0a7f5e2e9d4c3b06b944c6ccad05f4899c211dbf3a2c638b,archive_publique_dupliquee,"Archive compressée déjà versionnée ; copie base64 omise, restauration depuis le Git blob immuable.",https://raw.githubusercontent.com/Vadimrom-create/bitvavo-live/0fbc84babfe8567d40979e2a3f695ca57c001182/history/2026-09-24/20260924T144405Z-a053fb58.json.gz
audit-input/history/2026-09-24/20260924T145949Z-5debf0ed.json.gz.b64,658517,56566f1326fab4e689cc57e835109795493dffb70de128c800d93bc85da6ecb7,archive_publique_dupliquee,"Archive compressée déjà versionnée ; copie base64 omise, restauration depuis le Git blob immuable.",https://raw.githubusercontent.com/Vadimrom-create/bitvavo-live/0fbc84babfe8567d40979e2a3f695ca57c001182/history/2026-09-24/20260924T145949Z-5debf0ed.json.gz
audit-input/history/2026-09-24/20260924T152217Z-118f8f39.json.gz.b64,664682,4148e06cb5676dc9a3887f1cc4ed31959297df7d1dbfd03ded37045c218b8b88,archive_publique_dupliquee,"Archive compressée déjà versionnée ; copie base64 omise, restauration depuis le Git blob immuable.",https://raw.githubusercontent.com/Vadimrom-create/bitvavo-live/0fbc84babfe8567d40979e2a3f695ca57c001182/history/2026-09-24/20260924T152217Z-118f8f39.json.gz
audit-input/history/2026-09-24/20260924T154032Z-1298b4f7.json.gz.b64,670558,a74ca87d02dafed28f852f855f8f1da44edb07ec0f1eef4b6cec79a7b92d86f8,archive_publique_dupliquee,"Archive compressée déjà versionnée ; copie base64 omise, restauration depuis le Git blob immuable.",https://raw.githubusercontent.com/Vadimrom-create/bitvavo-live/0fbc84babfe8567d40979e2a3f695ca57c001182/history/2026-09-24/20260924T154032Z-1298b4f7.json.gz
audit-input/history/2026-09-24/20260924T155509Z-877e1500.json.gz.b64,662327,72005eddc4471de304037651a03737185c2bc0231d2a88c67c93e8d52996c71f,archive_publique_dupliquee,"Archive compressée déjà versionnée ; copie base64 omise, restauration depuis le Git blob immuable.",https://raw.githubusercontent.com/Vadimrom-create/bitvavo-live/0fbc84babfe8567d40979e2a3f695ca57c001182/history/2026-09-24/20260924T155509Z-877e1500.json.gz
audit-input/history/2026-09-24/20260924T161652Z-0473f4ef.json.gz.b64,656886,e1a9aca0b638216d0d5dbdc0e8c349e9e3df3eaad50d6d8571a152d61e9ce6f1,archive_publique_dupliquee,"Archive compressée déjà versionnée ; copie base64 omise, restauration depuis le Git blob immuable.",https://raw.githubusercontent.com/Vadimrom-create/bitvavo-live/0fbc84babfe8567d40979e2a3f695ca57c001182/history/2026-09-24/20260924T161652Z-0473f4ef.json.gz
audit-input/history/2026-09-24/20260924T163529Z-beb54701.json.gz.b64,672921,88e06392d39c68eb12494a8dd15965c87f8b84169f0b952cc33217e9d937ca34,archive_publique_dupliquee,"Archive compressée déjà versionnée ; copie base64 omise, restauration depuis le Git blob immuable.",https://raw.githubusercontent.com/Vadimrom-create/bitvavo-live/0fbc84babfe8567d40979e2a3f695ca57c001182/history/2026-09-24/20260924T163529Z-beb54701.json.gz
audit-input/history/2026-09-24/20260924T165234Z-ebeab3e0.json.gz.b64,655987,f0c7ebc3ee863024e2b948c8f8c682fc5a8b752dbf8cafb9d65a73daa92cc3f6,archive_publique_dupliquee,"Archive compressée déjà versionnée ; copie base64 omise, restauration depuis le Git blob immuable.",https://raw.githubusercontent.com/Vadimrom-create/bitvavo-live/0fbc84babfe8567d40979e2a3f695ca57c001182/history/2026-09-24/20260924T165234Z-ebeab3e0.json.gz
audit-input/history/2026-09-24/20260924T170909Z-7f222249.json.gz.b64,658135,515f9a6aada6f542f29c3b9e3ff8d0c6cf3ce1b1efb978111c73eab463baa6aa,archive_publique_dupliquee,"Archive compressée déjà versionnée ; copie base64 omise, restauration depuis le Git blob immuable.",https://raw.githubusercontent.com/Vadimrom-create/bitvavo-live/0fbc84babfe8567d40979e2a3f695ca57c001182/history/2026-09-24/20260924T170909Z-7f222249.json.gz
audit-input/history/2026-09-24/20260924T172710Z-bff6e5e3.json.gz.b64,646654,b7b2f933878b4721d96503086d7ca7b31ed42139c7f69594a0afbbad8d59f2ec,archive_publique_dupliquee,"Archive compressée déjà versionnée ; copie base64 omise, restauration depuis le Git blob immuable.",https://raw.githubusercontent.com/Vadimrom-create/bitvavo-live/0fbc84babfe8567d40979e2a3f695ca57c001182/history/2026-09-24/20260924T172710Z-bff6e5e3.json.gz
audit-input/history/2026-09-24/20260924T174401Z-b4f47dac.json.gz.b64,635491,896c142b02e6957698e523cb181e047e69bd127616a18e3ad1b54410da72b149,archive_publique_dupliquee,"Archive compressée déjà versionnée ; copie base64 omise, restauration depuis le Git blob immuable.",https://raw.githubusercontent.com/Vadimrom-create/bitvavo-live/0fbc84babfe8567d40979e2a3f695ca57c001182/history/2026-09-24/20260924T174401Z-b4f47dac.json.gz
audit-input/history/2026-09-24/20260924T175649Z-9bce58f6.json.gz.b64,632571,88522d29d0027fec7b40a384aa1b63dfc11e325d297e11192af2b50adfb77cff,archive_publique_dupliquee,"Archive compressée déjà versionnée ; copie base64 omise, restauration depuis le Git blob immuable.",https://raw.githubusercontent.com/Vadimrom-create/bitvavo-live/0fbc84babfe8567d40979e2a3f695ca57c001182/history/2026-09-24/20260924T175649Z-9bce58f6.json.gz
audit-input/history/2026-09-24/20260924T182149Z-552ead1f.json.gz.b64,644096,81d06e08793803375075632d841832e770cb15745362fd2edf5f2400705b892a,archive_publique_dupliquee,"Archive compressée déjà versionnée ; copie base64 omise, restauration depuis le Git blob immuable.",https://raw.githubusercontent.com/Vadimrom-create/bitvavo-live/0fbc84babfe8567d40979e2a3f695ca57c001182/history/2026-09-24/20260924T182149Z-552ead1f.json.gz
audit-input/history/2026-09-24/20260924T183422Z-138bc90e.json.gz.b64,637175,34f0878116dd1b2a5cb922c21e4e92f0786821d95971f55a594438c5d295ccca,archive_publique_dupliquee,"Archive compressée déjà versionnée ; copie base64 omise, restauration depuis le Git blob immuable.",https://raw.githubusercontent.com/Vadimrom-create/bitvavo-live/0fbc84babfe8567d40979e2a3f695ca57c001182/history/2026-09-24/20260924T183422Z-138bc90e.json.gz
audit-input/history/2026-09-24/20260924T184246Z-c894ac99.json.gz.b64,633340,5dec1d679751e91caff8bf9d3600226dd8d61148c30caae8a5e942517e248711,archive_publique_dupliquee,"Archive compressée déjà versionnée ; copie base64 omise, restauration depuis le Git blob immuable.",https://raw.githubusercontent.com/Vadimrom-create/bitvavo-live/0fbc84babfe8567d40979e2a3f695ca57c001182/history/2026-09-24/20260924T184246Z-c894ac99.json.gz
audit-input/history/2026-09-24/20260924T185738Z-97b12681.json.gz.b64,645255,9eeb7033c7ff2069e9a8990df5192953c01005b101ce5c63ebefd1df1a2b8d02,archive_publique_dupliquee,"Archive compressée déjà versionnée ; copie base64 omise, restauration depuis le Git blob immuable.",https://raw.githubusercontent.com/Vadimrom-create/bitvavo-live/0fbc84babfe8567d40979e2a3f695ca57c001182/history/2026-09-24/20260924T185738Z-97b12681.json.gz
audit-input/history/2026-09-24/20260924T191721Z-5a4917a3.json.gz.b64,648846,c01678e802b0a3bb5691e986e55be026123280885e831d6a2867b049d5568ad5,archive_publique_dupliquee,"Archive compressée déjà versionnée ; copie base64 omise, restauration depuis le Git blob immuable.",https://raw.githubusercontent.com/Vadimrom-create/bitvavo-live/0fbc84babfe8567d40979e2a3f695ca57c001182/history/2026-09-24/20260924T191721Z-5a4917a3.json.gz
audit-input/history/2026-09-24/20260924T192602Z-ea8dfa70.json.gz.b64,642356,8bc0c19ddfc85dbed667d147b2fae308cc4d8c9501e88d15d4a6f04805058495,archive_publique_dupliquee,"Archive compressée déjà versionnée ; copie base64 omise, restauration depuis le Git blob immuable.",https://raw.githubusercontent.com/Vadimrom-create/bitvavo-live/0fbc84babfe8567d40979e2a3f695ca57c001182/history/2026-09-24/20260924T192602Z-ea8dfa70.json.gz
audit-input/history/2026-09-24/20260924T193418Z-949b5465.json.gz.b64,644019,c78eb6388008973f424b859457100fa5ac79325643f84519c1362e41d1456b9a,archive_publique_dupliquee,"Archive compressée déjà versionnée ; copie base64 omise, restauration depuis le Git blob immuable.",https://raw.githubusercontent.com/Vadimrom-create/bitvavo-live/0fbc84babfe8567d40979e2a3f695ca57c001182/history/2026-09-24/20260924T193418Z-949b5465.json.gz
audit-input/history/2026-09-24/20260924T194224Z-ab19d983.json.gz.b64,637224,a3cea1afc84e0eaaada3ae8d7eac991ae9b2dc7a8df02c028f42f4976872fe43,archive_publique_dupliquee,"Archive compressée déjà versionnée ; copie base64 omise, restauration depuis le Git blob immuable.",https://raw.githubusercontent.com/Vadimrom-create/bitvavo-live/0fbc84babfe8567d40979e2a3f695ca57c001182/history/2026-09-24/20260924T194224Z-ab19d983.json.gz
audit-input/history/2026-09-24/20260924T195036Z-79be3860.json.gz.b64,638383,1a46868b2117516297c0cbe6946c4e6878ce809b900ad90a23f8851e3abf040f,archive_publique_dupliquee,"Archive compressée déjà versionnée ; copie base64 omise, restauration depuis le Git blob immuable.",https://raw.githubusercontent.com/Vadimrom-create/bitvavo-live/0fbc84babfe8567d40979e2a3f695ca57c001182/history/2026-09-24/20260924T195036Z-79be3860.json.gz
audit-input/history/2026-09-24/20260924T195937Z-ff90a070.json.gz.b64,635670,5d3b129d8636cc92abb6e9801db3daaad688324e860baf0d57615b219014c72d,archive_publique_dupliquee,"Archive compressée déjà versionnée ; copie base64 omise, restauration depuis le Git blob immuable.",https://raw.githubusercontent.com/Vadimrom-create/bitvavo-live/0fbc84babfe8567d40979e2a3f695ca57c001182/history/2026-09-24/20260924T195937Z-ff90a070.json.gz
audit-input/history/2026-09-24/20260924T200802Z-f44357c6.json.gz.b64,636675,485e828adcc7d936cb32bbdcca9794b99849c19863799e0fc93cee1ccd97aeaa,archive_publique_dupliquee,"Archive compressée déjà versionnée ; copie base64 omise, restauration depuis le Git blob immuable.",https://raw.githubusercontent.com/Vadimrom-create/bitvavo-live/0fbc84babfe8567d40979e2a3f695ca57c001182/history/2026-09-24/20260924T200802Z-f44357c6.json.gz
audit-input/history/2026-09-24/20260924T202155Z-3b6cc8e3.json.gz.b64,636939,fb63948f22a34f098b858f8540813f7568ac4de77c02639902d98a8c796539a7,archive_publique_dupliquee,"Archive compressée déjà versionnée ; copie base64 omise, restauration depuis le Git blob immuable.",https://raw.githubusercontent.com/Vadimrom-create/bitvavo-live/0fbc84babfe8567d40979e2a3f695ca57c001182/history/2026-09-24/20260924T202155Z-3b6cc8e3.json.gz
audit-input/history/2026-09-24/20260924T203031Z-32bc9744.json.gz.b64,621901,efa0a14dfb8f5c9f51eef792e717e207ed2469afa64f0d84f5756f9a1024d6f4,archive_publique_dupliquee,"Archive compressée déjà versionnée ; copie base64 omise, restauration depuis le Git blob immuable.",https://raw.githubusercontent.com/Vadimrom-create/bitvavo-live/0fbc84babfe8567d40979e2a3f695ca57c001182/history/2026-09-24/20260924T203031Z-32bc9744.json.gz
audit-input/history/2026-09-24/20260924T203849Z-314b58ab.json.gz.b64,634515,e2bf9505f74dc832449674635ffd2d1d385082c66d7c538aa958f27cb801c1c4,archive_publique_dupliquee,"Archive compressée déjà versionnée ; copie base64 omise, restauration depuis le Git blob immuable.",https://raw.githubusercontent.com/Vadimrom-create/bitvavo-live/0fbc84babfe8567d40979e2a3f695ca57c001182/history/2026-09-24/20260924T203849Z-314b58ab.json.gz
audit-input/history/2026-09-24/20260924T204700Z-cfe81420.json.gz.b64,615252,0c07e186f17f617d1d2c47764b5b508766438c534336ae3e02394b64817c5c89,archive_publique_dupliquee,"Archive compressée déjà versionnée ; copie base64 omise, restauration depuis le Git blob immuable.",https://raw.githubusercontent.com/Vadimrom-create/bitvavo-live/0fbc84babfe8567d40979e2a3f695ca57c001182/history/2026-09-24/20260924T204700Z-cfe81420.json.gz
audit-input/history/2026-09-24/20260924T205626Z-017dc649.json.gz.b64,626598,d7fd20de7549290f2f7ad8fb75bc3d8e8e22a82d0e197d251d40bb3f0896401d,archive_publique_dupliquee,"Archive compressée déjà versionnée ; copie base64 omise, restauration depuis le Git blob immuable.",https://raw.githubusercontent.com/Vadimrom-create/bitvavo-live/0fbc84babfe8567d40979e2a3f695ca57c001182/history/2026-09-24/20260924T205626Z-017dc649.json.gz
audit-input/history/2026-09-24/20260924T210433Z-a8c4d6a5.json.gz.b64,622197,c74b8243f77bfe40a9d30e3d966ea0760287947514e51fd10ca437c21b77dc14,archive_publique_dupliquee,"Archive compressée déjà versionnée ; copie base64 omise, restauration depuis le Git blob immuable.",https://raw.githubusercontent.com/Vadimrom-create/bitvavo-live/0fbc84babfe8567d40979e2a3f695ca57c001182/history/2026-09-24/20260924T210433Z-a8c4d6a5.json.gz
audit-input/history/2026-09-24/20260924T211659Z-68591ee5.json.gz.b64,612990,22f16fda64df5ab3b6a564f0ee68c7c6f7060bf15c00d0a67d187c2a49b24c53,archive_publique_dupliquee,"Archive compressée déjà versionnée ; copie base64 omise, restauration depuis le Git blob immuable.",https://raw.githubusercontent.com/Vadimrom-create/bitvavo-live/0fbc84babfe8567d40979e2a3f695ca57c001182/history/2026-09-24/20260924T211659Z-68591ee5.json.gz
audit-input/history/2026-09-24/20260924T213246Z-358d8a0f.json.gz.b64,626093,33c1e86d232e025fc8dcb14c23b3bf28e61f43ea1359d37e3c8e26a9a9d454aa,archive_publique_dupliquee,"Archive compressée déjà versionnée ; copie base64 omise, restauration depuis le Git blob immuable.",https://raw.githubusercontent.com/Vadimrom-create/bitvavo-live/0fbc84babfe8567d40979e2a3f695ca57c001182/history/2026-09-24/20260924T213246Z-358d8a0f.json.gz
audit-input/history/2026-09-24/20260924T214630Z-fd8896c7.json.gz.b64,624580,2a337c4dc801bd085e26f1ee8c0e3f936542053d574ec092867d9e4b3e524791,archive_publique_dupliquee,"Archive compressée déjà versionnée ; copie base64 omise, restauration depuis le Git blob immuable.",https://raw.githubusercontent.com/Vadimrom-create/bitvavo-live/0fbc84babfe8567d40979e2a3f695ca57c001182/history/2026-09-24/20260924T214630Z-fd8896c7.json.gz
audit-input/history/2026-09-24/20260924T215929Z-3d5fad13.json.gz.b64,620319,e54ae6187e6b44572aa9ac8c4a2a7ae5a1c8db26aabda4d02ea8357e0716074f,archive_publique_dupliquee,"Archive compressée déjà versionnée ; copie base64 omise, restauration depuis le Git blob immuable.",https://raw.githubusercontent.com/Vadimrom-create/bitvavo-live/0fbc84babfe8567d40979e2a3f695ca57c001182/history/2026-09-24/20260924T215929Z-3d5fad13.json.gz
audit-input/history/2026-09-24/20260924T222016Z-991b5c4c.json.gz.b64,635719,9752408495b7718c95bf2696cafec0344315bdbe9b473862ef496db282073448,archive_publique_dupliquee,"Archive compressée déjà versionnée ; copie base64 omise, restauration depuis le Git blob immuable.",https://raw.githubusercontent.com/Vadimrom-create/bitvavo-live/0fbc84babfe8567d40979e2a3f695ca57c001182/history/2026-09-24/20260924T222016Z-991b5c4c.json.gz
audit-input/history/2026-09-24/20260924T223602Z-33316885.json.gz.b64,619888,f189a77c20b7bf86706f5fffa51219cbdddadf44c4fb44555cd425dd274b9ed4,archive_publique_dupliquee,"Archive compressée déjà versionnée ; copie base64 omise, restauration depuis le Git blob immuable.",https://raw.githubusercontent.com/Vadimrom-create/bitvavo-live/0fbc84babfe8567d40979e2a3f695ca57c001182/history/2026-09-24/20260924T223602Z-33316885.json.gz
audit-input/history/2026-09-24/20260924T225121Z-90112e1e.json.gz.b64,617147,88591efd79135f481c2ed25daf2f6789750c8be06e5e1a10ef05e34a45d690fc,archive_publique_dupliquee,"Archive compressée déjà versionnée ; copie base64 omise, restauration depuis le Git blob immuable.",https://raw.githubusercontent.com/Vadimrom-create/bitvavo-live/0fbc84babfe8567d40979e2a3f695ca57c001182/history/2026-09-24/20260924T225121Z-90112e1e.json.gz
audit-input/history/2026-09-24/20260924T230705Z-47bcdc31.json.gz.b64,612580,3ee5162d941eb6e01167b536269b1b3282b4b5631738c2423f96e219681b47f9,archive_publique_dupliquee,"Archive compressée déjà versionnée ; copie base64 omise, restauration depuis le Git blob immuable.",https://raw.githubusercontent.com/Vadimrom-create/bitvavo-live/0fbc84babfe8567d40979e2a3f695ca57c001182/history/2026-09-24/20260924T230705Z-47bcdc31.json.gz
audit-input/history/2026-09-24/20260924T232439Z-84573d6a.json.gz.b64,621713,35200a85f84764801a478f120220ed8add0d4f365695671f0a12298b7809efce,archive_publique_dupliquee,"Archive compressée déjà versionnée ; copie base64 omise, restauration depuis le Git blob immuable.",https://raw.githubusercontent.com/Vadimrom-create/bitvavo-live/0fbc84babfe8567d40979e2a3f695ca57c001182/history/2026-09-24/20260924T232439Z-84573d6a.json.gz
audit-input/history/2026-09-24/20260924T234033Z-f03825d3.json.gz.b64,615500,29713171949555dc1dfc844e2cdb8b3d5fb73baf29caa38e9bd1e5a3e56089e7,archive_publique_dupliquee,"Archive compressée déjà versionnée ; copie base64 omise, restauration depuis le Git blob immuable.",https://raw.githubusercontent.com/Vadimrom-create/bitvavo-live/0fbc84babfe8567d40979e2a3f695ca57c001182/history/2026-09-24/20260924T234033Z-f03825d3.json.gz
audit-input/history/2026-09-24/20260924T235308Z-2d9c2527.json.gz.b64,603340,e5c2c60a209bce7744788101c51510e9fee867292c7587dccf5be6afeea90aac,archive_publique_dupliquee,"Archive compressée déjà versionnée ; copie base64 omise, restauration depuis le Git blob immuable.",https://raw.githubusercontent.com/Vadimrom-create/bitvavo-live/0fbc84babfe8567d40979e2a3f695ca57c001182/history/2026-09-24/20260924T235308Z-2d9c2527.json.gz
audit-input/history/2026-09-25/20260925T001644Z-2a3340dd.json.gz.b64,630506,328a2d453b224fb715736f24ebeae321bf2d0285a62797b2a70a90ed16fd4949,archive_publique_dupliquee,"Archive compressée déjà versionnée ; copie base64 omise, restauration depuis le Git blob immuable.",https://raw.githubusercontent.com/Vadimrom-create/bitvavo-live/0fbc84babfe8567d40979e2a3f695ca57c001182/history/2026-09-25/20260925T001644Z-2a3340dd.json.gz
audit-input/history/2026-09-25/20260925T004039Z-c968a7b2.json.gz.b64,630469,8d29edd0db769d437c1e3c90776f404d820f87487f813ce732bf444110c3f28c,archive_publique_dupliquee,"Archive compressée déjà versionnée ; copie base64 omise, restauration depuis le Git blob immuable.",https://raw.githubusercontent.com/Vadimrom-create/bitvavo-live/0fbc84babfe8567d40979e2a3f695ca57c001182/history/2026-09-25/20260925T004039Z-c968a7b2.json.gz
audit-input/history/2026-09-25/20260925T005718Z-5f4da7be.json.gz.b64,624072,0d8f8f138e8755f0a2fa408e57fc622012c46be9f46d5fb92a6338b5f33ab583,archive_publique_dupliquee,"Archive compressée déjà versionnée ; copie base64 omise, restauration depuis le Git blob immuable.",https://raw.githubusercontent.com/Vadimrom-create/bitvavo-live/0fbc84babfe8567d40979e2a3f695ca57c001182/history/2026-09-25/20260925T005718Z-5f4da7be.json.gz
audit-input/history/2026-09-25/20260925T011723Z-9f8327ad.json.gz.b64,626874,1439b1e9925274151de510ceef87422d48d34cd365a92fd3ca403bc21f9f548a,archive_publique_dupliquee,"Archive compressée déjà versionnée ; copie base64 omise, restauration depuis le Git blob immuable.",https://raw.githubusercontent.com/Vadimrom-create/bitvavo-live/0fbc84babfe8567d40979e2a3f695ca57c001182/history/2026-09-25/20260925T011723Z-9f8327ad.json.gz
audit-input/history/2026-09-25/20260925T013230Z-ce46f13b.json.gz.b64,614276,1b47f6895d538a727b4f46d9ca363580ad419b423c417ca86aff12720beb26b4,archive_publique_dupliquee,"Archive compressée déjà versionnée ; copie base64 omise, restauration depuis le Git blob immuable.",https://raw.githubusercontent.com/Vadimrom-create/bitvavo-live/0fbc84babfe8567d40979e2a3f695ca57c001182/history/2026-09-25/20260925T013230Z-ce46f13b.json.gz
audit-input/history/2026-09-25/20260925T014640Z-82179210.json.gz.b64,608139,f8f5278130a6bdbcde7328b02a252576f38240e6ae4499646da3d0a2a3785e1d,archive_publique_dupliquee,"Archive compressée déjà versionnée ; copie base64 omise, restauration depuis le Git blob immuable.",https://raw.githubusercontent.com/Vadimrom-create/bitvavo-live/0fbc84babfe8567d40979e2a3f695ca57c001182/history/2026-09-25/20260925T014640Z-82179210.json.gz
audit-input/history/2026-09-25/20260925T015934Z-aecbb166.json.gz.b64,603735,179c4545b7623ad5e688004ef0fdad9b27b46a92434bbadfb50a476a6cc90c2a,archive_publique_dupliquee,"Archive compressée déjà versionnée ; copie base64 omise, restauration depuis le Git blob immuable.",https://raw.githubusercontent.com/Vadimrom-create/bitvavo-live/0fbc84babfe8567d40979e2a3f695ca57c001182/history/2026-09-25/20260925T015934Z-aecbb166.json.gz
audit-input/history/2026-09-25/20260925T021927Z-28812219.json.gz.b64,620937,871ca7292872c5ef30029c2b977d80111303ecb7fb688a6a0306db48ff72dcc7,archive_publique_dupliquee,"Archive compressée déjà versionnée ; copie base64 omise, restauration depuis le Git blob immuable.",https://raw.githubusercontent.com/Vadimrom-create/bitvavo-live/0fbc84babfe8567d40979e2a3f695ca57c001182/history/2026-09-25/20260925T021927Z-28812219.json.gz
audit-input/history/2026-09-25/20260925T023629Z-70e65b1e.json.gz.b64,608123,79b8b9c916f3d359b397bb14a12a6a0cbb7d12df7c8b5d0030fe4324969bf7e8,archive_publique_dupliquee,"Archive compressée déjà versionnée ; copie base64 omise, restauration depuis le Git blob immuable.",https://raw.githubusercontent.com/Vadimrom-create/bitvavo-live/0fbc84babfe8567d40979e2a3f695ca57c001182/history/2026-09-25/20260925T023629Z-70e65b1e.json.gz
audit-input/history/2026-09-25/20260925T025156Z-b2ba43dd.json.gz.b64,607492,a780deed0d03c80272eddc29cea5e43fd1b82c255c9ebd82c58449d7a975bb1a,archive_publique_dupliquee,"Archive compressée déjà versionnée ; copie base64 omise, restauration depuis le Git blob immuable.",https://raw.githubusercontent.com/Vadimrom-create/bitvavo-live/0fbc84babfe8567d40979e2a3f695ca57c001182/history/2026-09-25/20260925T025156Z-b2ba43dd.json.gz
audit-input/history/2026-09-25/20260925T030931Z-ebcb8b03.json.gz.b64,621388,c83044634ee99e28dd75f1ddf84998384e17543dff96830a72f42673b9080526,archive_publique_dupliquee,"Archive compressée déjà versionnée ; copie base64 omise, restauration depuis le Git blob immuable.",https://raw.githubusercontent.com/Vadimrom-create/bitvavo-live/0fbc84babfe8567d40979e2a3f695ca57c001182/history/2026-09-25/20260925T030931Z-ebcb8b03.json.gz
audit-input/history/2026-09-25/20260925T032657Z-e74aa147.json.gz.b64,609265,b2e7ba58ae5fa6fe93067b52d5c12b0c58d96be0f37fb410cfc4a2e15f52df20,archive_publique_dupliquee,"Archive compressée déjà versionnée ; copie base64 omise, restauration depuis le Git blob immuable.",https://raw.githubusercontent.com/Vadimrom-create/bitvavo-live/0fbc84babfe8567d40979e2a3f695ca57c001182/history/2026-09-25/20260925T032657Z-e74aa147.json.gz
audit-input/history/2026-09-25/20260925T034527Z-b1b57a55.json.gz.b64,605500,7f49277ee98ad64303fe81cc63550f4459e1b725d20211b3a939163e7560223b,archive_publique_dupliquee,"Archive compressée déjà versionnée ; copie base64 omise, restauration depuis le Git blob immuable.",https://raw.githubusercontent.com/Vadimrom-create/bitvavo-live/0fbc84babfe8567d40979e2a3f695ca57c001182/history/2026-09-25/20260925T034527Z-b1b57a55.json.gz
audit-input/history/2026-09-25/20260925T035902Z-c95b08c2.json.gz.b64,596683,497627abdd0c772385a21f09ad655d9101f5b183d2c1be6d6a4345ae5cc4af67,archive_publique_dupliquee,"Archive compressée déjà versionnée ; copie base64 omise, restauration depuis le Git blob immuable.",https://raw.githubusercontent.com/Vadimrom-create/bitvavo-live/0fbc84babfe8567d40979e2a3f695ca57c001182/history/2026-09-25/20260925T035902Z-c95b08c2.json.gz
audit-input/history/2026-09-25/20260925T042103Z-47dba820.json.gz.b64,604296,323a15a19af7140dc33eb95d2bbf47ec27b3e0ab28444a883f57b0c61fa17d57,archive_publique_dupliquee,"Archive compressée déjà versionnée ; copie base64 omise, restauration depuis le Git blob immuable.",https://raw.githubusercontent.com/Vadimrom-create/bitvavo-live/0fbc84babfe8567d40979e2a3f695ca57c001182/history/2026-09-25/20260925T042103Z-47dba820.json.gz
audit-input/history/2026-09-25/20260925T044032Z-1766c273.json.gz.b64,614093,724c657181c4bec759ba3b0e3f846c5bea77c6d907e62c5dd80c95b8a4704f87,archive_publique_dupliquee,"Archive compressée déjà versionnée ; copie base64 omise, restauration depuis le Git blob immuable.",https://raw.githubusercontent.com/Vadimrom-create/bitvavo-live/0fbc84babfe8567d40979e2a3f695ca57c001182/history/2026-09-25/20260925T044032Z-1766c273.json.gz
audit-input/history/2026-09-25/20260925T045620Z-365cd945.json.gz.b64,614910,e960ada0e2b174952944d41caf338dc0bad21fad3064e323b6a9e6356138b553,archive_publique_dupliquee,"Archive compressée déjà versionnée ; copie base64 omise, restauration depuis le Git blob immuable.",https://raw.githubusercontent.com/Vadimrom-create/bitvavo-live/0fbc84babfe8567d40979e2a3f695ca57c001182/history/2026-09-25/20260925T045620Z-365cd945.json.gz
audit-input/history/2026-09-25/20260925T051721Z-39c33d0d.json.gz.b64,615036,1a53bf58dd9f6903392ede9bc7114f72646cb46a04a14ef526496926f6cb1073,archive_publique_dupliquee,"Archive compressée déjà versionnée ; copie base64 omise, restauration depuis le Git blob immuable.",https://raw.githubusercontent.com/Vadimrom-create/bitvavo-live/0fbc84babfe8567d40979e2a3f695ca57c001182/history/2026-09-25/20260925T051721Z-39c33d0d.json.gz
audit-input/history/2026-09-25/20260925T053433Z-35107a6c.json.gz.b64,615117,06b83a82e0db3f48072eb07f2ecf9512adca1ad06801d47c5aa44efeb46e0dd3,archive_publique_dupliquee,"Archive compressée déjà versionnée ; copie base64 omise, restauration depuis le Git blob immuable.",https://raw.githubusercontent.com/Vadimrom-create/bitvavo-live/0fbc84babfe8567d40979e2a3f695ca57c001182/history/2026-09-25/20260925T053433Z-35107a6c.json.gz
audit-input/history/2026-09-25/20260925T055057Z-9cb518d7.json.gz.b64,617541,999cdca837b94d580dee1efe76d03e76cb714761002bfd06145d079afe876b25,archive_publique_dupliquee,"Archive compressée déjà versionnée ; copie base64 omise, restauration depuis le Git blob immuable.",https://raw.githubusercontent.com/Vadimrom-create/bitvavo-live/0fbc84babfe8567d40979e2a3f695ca57c001182/history/2026-09-25/20260925T055057Z-9cb518d7.json.gz
audit-input/history/2026-09-25/20260925T060734Z-494600ac.json.gz.b64,619168,2d7390c1033fcf04634195ea14b163b0688737f7b118ff42758fc346f9793317,archive_publique_dupliquee,"Archive compressée déjà versionnée ; copie base64 omise, restauration depuis le Git blob immuable.",https://raw.githubusercontent.com/Vadimrom-create/bitvavo-live/0fbc84babfe8567d40979e2a3f695ca57c001182/history/2026-09-25/20260925T060734Z-494600ac.json.gz
audit-input/history/2026-09-25/20260925T063301Z-845268f5.json.gz.b64,630916,044f575718761d66f0e2240fd7417ebf447007c5bd16ad94ca8f081f1550c0b2,archive_publique_dupliquee,"Archive compressée déjà versionnée ; copie base64 omise, restauration depuis le Git blob immuable.",https://raw.githubusercontent.com/Vadimrom-create/bitvavo-live/0fbc84babfe8567d40979e2a3f695ca57c001182/history/2026-09-25/20260925T063301Z-845268f5.json.gz
audit-input/history/2026-09-25/20260925T065335Z-b3c3d3b6.json.gz.b64,640274,e5dc503fc97b3ae6039903e23eff0cb58eeef5d0bbad94f3df9e7ef644165850,archive_publique_dupliquee,"Archive compressée déjà versionnée ; copie base64 omise, restauration depuis le Git blob immuable.",https://raw.githubusercontent.com/Vadimrom-create/bitvavo-live/0fbc84babfe8567d40979e2a3f695ca57c001182/history/2026-09-25/20260925T065335Z-b3c3d3b6.json.gz
audit-input/history/2026-09-25/20260925T070533Z-37c0549d.json.gz.b64,624646,69eee8f552d224677e8f1d8716c9263cb58debb8bca280e63db5d0a7069c05d2,archive_publique_dupliquee,"Archive compressée déjà versionnée ; copie base64 omise, restauration depuis le Git blob immuable.",https://raw.githubusercontent.com/Vadimrom-create/bitvavo-live/0fbc84babfe8567d40979e2a3f695ca57c001182/history/2026-09-25/20260925T070533Z-37c0549d.json.gz
audit-input/history/2026-09-25/20260925T071308Z-7c15fa04.json.gz.b64,629249,c44bc610977765005ff618929dbd04d3bd158e47dc91aaa25f2178eaa676966f,archive_publique_dupliquee,"Archive compressée déjà versionnée ; copie base64 omise, restauration depuis le Git blob immuable.",https://raw.githubusercontent.com/Vadimrom-create/bitvavo-live/0fbc84babfe8567d40979e2a3f695ca57c001182/history/2026-09-25/20260925T071308Z-7c15fa04.json.gz
audit-input/history/2026-09-25/20260925T073226Z-608f8442.json.gz.b64,640241,9d99a8c01f984a9c8f856839a6a572a5af9a364098eeaa836ca2a0adf521e655,archive_publique_dupliquee,"Archive compressée déjà versionnée ; copie base64 omise, restauration depuis le Git blob immuable.",https://raw.githubusercontent.com/Vadimrom-create/bitvavo-live/0fbc84babfe8567d40979e2a3f695ca57c001182/history/2026-09-25/20260925T073226Z-608f8442.json.gz
audit-input/history/2026-09-25/20260925T074911Z-f6760990.json.gz.b64,639403,53e1db00cbbc932e86f58276fca7b17026b1310dd58893d6e8cb1ded43fceca4,archive_publique_dupliquee,"Archive compressée déjà versionnée ; copie base64 omise, restauration depuis le Git blob immuable.",https://raw.githubusercontent.com/Vadimrom-create/bitvavo-live/0fbc84babfe8567d40979e2a3f695ca57c001182/history/2026-09-25/20260925T074911Z-f6760990.json.gz
audit-input/history/2026-09-25/20260925T080328Z-aaf02a7c.json.gz.b64,631299,220c679bdae0524680b4ca1fac42dc1fc8906731f08b62a1393ed4c841eb5d7b,archive_publique_dupliquee,"Archive compressée déjà versionnée ; copie base64 omise, restauration depuis le Git blob immuable.",https://raw.githubusercontent.com/Vadimrom-create/bitvavo-live/0fbc84babfe8567d40979e2a3f695ca57c001182/history/2026-09-25/20260925T080328Z-aaf02a7c.json.gz
audit-input/history/2026-09-25/20260925T082453Z-08bd3f0a.json.gz.b64,672852,7235fe0963cbf73f4bfff4483467ac5429522729678f42b118bec91bce6cd9f2,archive_publique_dupliquee,"Archive compressée déjà versionnée ; copie base64 omise, restauration depuis le Git blob immuable.",https://raw.githubusercontent.com/Vadimrom-create/bitvavo-live/0fbc84babfe8567d40979e2a3f695ca57c001182/history/2026-09-25/20260925T082453Z-08bd3f0a.json.gz
audit-input/history/2026-09-25/20260925T084423Z-0900d294.json.gz.b64,648501,91fdbb48fab8ca84dbabfdc970f66a4d1b1902b3d0220552cb70df99bded69e4,archive_publique_dupliquee,"Archive compressée déjà versionnée ; copie base64 omise, restauration depuis le Git blob immuable.",https://raw.githubusercontent.com/Vadimrom-create/bitvavo-live/0fbc84babfe8567d40979e2a3f695ca57c001182/history/2026-09-25/20260925T084423Z-0900d294.json.gz
audit-input/history/2026-09-25/20260925T085901Z-baa8daa9.json.gz.b64,636821,0eabd671c80b333a1339b3f5fa929034f7da723b917c9d545b84820a50214ae8,archive_publique_dupliquee,"Archive compressée déjà versionnée ; copie base64 omise, restauration depuis le Git blob immuable.",https://raw.githubusercontent.com/Vadimrom-create/bitvavo-live/0fbc84babfe8567d40979e2a3f695ca57c001182/history/2026-09-25/20260925T085901Z-baa8daa9.json.gz
audit-input/history/2026-09-25/20260925T092108Z-acc5c26b.json.gz.b64,648627,0a99096ea582e99314126fa66736a5879a279f9226ef6f05a07d5b2db1856e07,archive_publique_dupliquee,"Archive compressée déjà versionnée ; copie base64 omise, restauration depuis le Git blob immuable.",https://raw.githubusercontent.com/Vadimrom-create/bitvavo-live/0fbc84babfe8567d40979e2a3f695ca57c001182/history/2026-09-25/20260925T092108Z-acc5c26b.json.gz
audit-input/history/2026-09-25/20260925T093953Z-277756b5.json.gz.b64,664178,0beb58646461e726701a328ca880e9d9388a5a7d8680f859e2b8595cb229b2ce,archive_publique_dupliquee,"Archive compressée déjà versionnée ; copie base64 omise, restauration depuis le Git blob immuable.",https://raw.githubusercontent.com/Vadimrom-create/bitvavo-live/0fbc84babfe8567d40979e2a3f695ca57c001182/history/2026-09-25/20260925T093953Z-277756b5.json.gz
audit-input/history/2026-09-25/20260925T095543Z-442b4b40.json.gz.b64,659582,a7d892be29c570e802d2d0448c0cccfbefe3e4ba1c5fe571e84cceca25864bd2,archive_publique_dupliquee,"Archive compressée déjà versionnée ; copie base64 omise, restauration depuis le Git blob immuable.",https://raw.githubusercontent.com/Vadimrom-create/bitvavo-live/0fbc84babfe8567d40979e2a3f695ca57c001182/history/2026-09-25/20260925T095543Z-442b4b40.json.gz
audit-input/history/2026-09-25/20260925T101629Z-776ee0c7.json.gz.b64,646170,228b3b1e964d26aedb43f59323a99e435ed461dd5f2362bee9a2827c5079349a,archive_publique_dupliquee,"Archive compressée déjà versionnée ; copie base64 omise, restauration depuis le Git blob immuable.",https://raw.githubusercontent.com/Vadimrom-create/bitvavo-live/0fbc84babfe8567d40979e2a3f695ca57c001182/history/2026-09-25/20260925T101629Z-776ee0c7.json.gz
audit-input/history/2026-09-25/20260925T103446Z-b5651c39.json.gz.b64,653954,ab10d0fab877ddaa84dab997245ef0068f2a14e8b8ab3aaad6f4e845a41baa37,archive_publique_dupliquee,"Archive compressée déjà versionnée ; copie base64 omise, restauration depuis le Git blob immuable.",https://raw.githubusercontent.com/Vadimrom-create/bitvavo-live/0fbc84babfe8567d40979e2a3f695ca57c001182/history/2026-09-25/20260925T103446Z-b5651c39.json.gz
audit-input/history/2026-09-25/20260925T105111Z-b89af1a8.json.gz.b64,649969,54a1be4153e066ba2e863a1a2522ff88422ab6abed70a58a4556014a7b1d394c,archive_publique_dupliquee,"Archive compressée déjà versionnée ; copie base64 omise, restauration depuis le Git blob immuable.",https://raw.githubusercontent.com/Vadimrom-create/bitvavo-live/0fbc84babfe8567d40979e2a3f695ca57c001182/history/2026-09-25/20260925T105111Z-b89af1a8.json.gz
audit-input/history/2026-09-25/20260925T110743Z-078b21cc.json.gz.b64,655467,c9e35ffb66e2367517f326e8b9cd6d5f958e36f7d3ecf8c32f2be42a26a3dc52,archive_publique_dupliquee,"Archive compressée déjà versionnée ; copie base64 omise, restauration depuis le Git blob immuable.",https://raw.githubusercontent.com/Vadimrom-create/bitvavo-live/0fbc84babfe8567d40979e2a3f695ca57c001182/history/2026-09-25/20260925T110743Z-078b21cc.json.gz
audit-input/history/2026-09-25/20260925T112719Z-50fbfb3d.json.gz.b64,685271,71d84802423d4fef7590c72f5b1fe58f29343af149edb0e51c5f9749f4a8ac22,archive_publique_dupliquee,"Archive compressée déjà versionnée ; copie base64 omise, restauration depuis le Git blob immuable.",https://raw.githubusercontent.com/Vadimrom-create/bitvavo-live/0fbc84babfe8567d40979e2a3f695ca57c001182/history/2026-09-25/20260925T112719Z-50fbfb3d.json.gz
audit-input/history/2026-09-25/20260925T114523Z-1ad68aaf.json.gz.b64,669204,0ebb61e177edf37a0edbff503e044332fe39ce4b02a33c35d112b4880f8625d3,archive_publique_dupliquee,"Archive compressée déjà versionnée ; copie base64 omise, restauration depuis le Git blob immuable.",https://raw.githubusercontent.com/Vadimrom-create/bitvavo-live/0fbc84babfe8567d40979e2a3f695ca57c001182/history/2026-09-25/20260925T114523Z-1ad68aaf.json.gz
audit-input/history/2026-09-25/20260925T115834Z-b340d5c3.json.gz.b64,655223,042136243e3c2c134ba439fb525a45e9c98b636e4ae0e622591e17e12e1fddca,archive_publique_dupliquee,"Archive compressée déjà versionnée ; copie base64 omise, restauration depuis le Git blob immuable.",https://raw.githubusercontent.com/Vadimrom-create/bitvavo-live/0fbc84babfe8567d40979e2a3f695ca57c001182/history/2026-09-25/20260925T115834Z-b340d5c3.json.gz
audit-input/history/2026-09-25/20260925T122442Z-d5dce63d.json.gz.b64,688521,bd890fd20aa6f9846e4e9a180624a87a3f973db53aac9932393bbfeca0023c3c,archive_publique_dupliquee,"Archive compressée déjà versionnée ; copie base64 omise, restauration depuis le Git blob immuable.",https://raw.githubusercontent.com/Vadimrom-create/bitvavo-live/0fbc84babfe8567d40979e2a3f695ca57c001182/history/2026-09-25/20260925T122442Z-d5dce63d.json.gz
audit-input/history/2026-09-25/20260925T124735Z-f66842c5.json.gz.b64,676723,bcccf0816c1da7e1d58d090d5c4f8353b32783e7165389655592b561c00028de,archive_publique_dupliquee,"Archive compressée déjà versionnée ; copie base64 omise, restauration depuis le Git blob immuable.",https://raw.githubusercontent.com/Vadimrom-create/bitvavo-live/0fbc84babfe8567d40979e2a3f695ca57c001182/history/2026-09-25/20260925T124735Z-f66842c5.json.gz
audit-input/history/2026-09-25/20260925T130242Z-b7884e6a.json.gz.b64,660192,ea0a6272d18a5355eceb96d758d1b7bf78934b3406fee64f8cf876a4803d100b,archive_publique_dupliquee,"Archive compressée déjà versionnée ; copie base64 omise, restauration depuis le Git blob immuable.",https://raw.githubusercontent.com/Vadimrom-create/bitvavo-live/0fbc84babfe8567d40979e2a3f695ca57c001182/history/2026-09-25/20260925T130242Z-b7884e6a.json.gz
audit-input/history/2026-09-25/20260925T132420Z-c5706a66.json.gz.b64,682815,33f3b4e1f76bd78ff7f9a5f8b4d732ee4cb7c71ce6bab2be22eb4fe838e24817,archive_publique_dupliquee,"Archive compressée déjà versionnée ; copie base64 omise, restauration depuis le Git blob immuable.",https://raw.githubusercontent.com/Vadimrom-create/bitvavo-live/0fbc84babfe8567d40979e2a3f695ca57c001182/history/2026-09-25/20260925T132420Z-c5706a66.json.gz
audit-input/history/2026-09-25/20260925T134318Z-5221b098.json.gz.b64,658765,544c3160298c64ce956346a61ae17b454aea2749d6954c86b1d76bc3a8faa3ce,archive_publique_dupliquee,"Archive compressée déjà versionnée ; copie base64 omise, restauration depuis le Git blob immuable.",https://raw.githubusercontent.com/Vadimrom-create/bitvavo-live/0fbc84babfe8567d40979e2a3f695ca57c001182/history/2026-09-25/20260925T134318Z-5221b098.json.gz
audit-input/history/2026-09-25/20260925T135807Z-5c40724d.json.gz.b64,661437,6997bbd528170614b3dc5543a93ed8f209574b08fb6b9003966081c29a474e9a,archive_publique_dupliquee,"Archive compressée déjà versionnée ; copie base64 omise, restauration depuis le Git blob immuable.",https://raw.githubusercontent.com/Vadimrom-create/bitvavo-live/0fbc84babfe8567d40979e2a3f695ca57c001182/history/2026-09-25/20260925T135807Z-5c40724d.json.gz
audit-input/history/2026-09-25/20260925T142050Z-b212a544.json.gz.b64,665723,8395d1938b1fb3ee435b2065c2a6474578ba45a8272e0d80fb088b5bf083315c,archive_publique_dupliquee,"Archive compressée déjà versionnée ; copie base64 omise, restauration depuis le Git blob immuable.",https://raw.githubusercontent.com/Vadimrom-create/bitvavo-live/0fbc84babfe8567d40979e2a3f695ca57c001182/history/2026-09-25/20260925T142050Z-b212a544.json.gz
audit-input/history/2026-09-25/20260925T144022Z-7179854c.json.gz.b64,664426,0a3e7d49bbfad5bbb11c4577c47ac98032db3dab81e933343504a64945fed470,archive_publique_dupliquee,"Archive compressée déjà versionnée ; copie base64 omise, restauration depuis le Git blob immuable.",https://raw.githubusercontent.com/Vadimrom-create/bitvavo-live/0fbc84babfe8567d40979e2a3f695ca57c001182/history/2026-09-25/20260925T144022Z-7179854c.json.gz
audit-input/history/2026-09-25/20260925T145700Z-f5eaba10.json.gz.b64,673637,3091bf5bdf5dd9893d935b472e3348274a45ae1cb1f0de459c46a2f7680c5b1c,archive_publique_dupliquee,"Archive compressée déjà versionnée ; copie base64 omise, restauration depuis le Git blob immuable.",https://raw.githubusercontent.com/Vadimrom-create/bitvavo-live/0fbc84babfe8567d40979e2a3f695ca57c001182/history/2026-09-25/20260925T145700Z-f5eaba10.json.gz
audit-input/history/2026-09-25/20260925T152013Z-248405de.json.gz.b64,671648,fd27ef48b9e3e3e25cb712a8a0ddf46cf7207df0521fe5b0412813c2631e7672,archive_publique_dupliquee,"Archive compressée déjà versionnée ; copie base64 omise, restauration depuis le Git blob immuable.",https://raw.githubusercontent.com/Vadimrom-create/bitvavo-live/0fbc84babfe8567d40979e2a3f695ca57c001182/history/2026-09-25/20260925T152013Z-248405de.json.gz
audit-input/history/2026-09-25/20260925T153721Z-95a7302c.json.gz.b64,666683,26b9c9e54621a633d6586aff2a8ca3fcfd3177b66d226c8da8d371be8b2ab3b2,archive_publique_dupliquee,"Archive compressée déjà versionnée ; copie base64 omise, restauration depuis le Git blob immuable.",https://raw.githubusercontent.com/Vadimrom-create/bitvavo-live/0fbc84babfe8567d40979e2a3f695ca57c001182/history/2026-09-25/20260925T153721Z-95a7302c.json.gz
audit-input/history/2026-09-25/20260925T155219Z-2406c7f7.json.gz.b64,662592,0f12f6ac047ea1995b009394bc59a293cec5a00ebe590175b6df10a3f7d0dd2d,archive_publique_dupliquee,"Archive compressée déjà versionnée ; copie base64 omise, restauration depuis le Git blob immuable.",https://raw.githubusercontent.com/Vadimrom-create/bitvavo-live/0fbc84babfe8567d40979e2a3f695ca57c001182/history/2026-09-25/20260925T155219Z-2406c7f7.json.gz
audit-input/history/2026-09-25/20260925T161034Z-0c80c6e5.json.gz.b64,673950,6e8c092d9b5d7d251c016613eb357a9aa440835cf723c977926ee21912a06e31,archive_publique_dupliquee,"Archive compressée déjà versionnée ; copie base64 omise, restauration depuis le Git blob immuable.",https://raw.githubusercontent.com/Vadimrom-create/bitvavo-live/0fbc84babfe8567d40979e2a3f695ca57c001182/history/2026-09-25/20260925T161034Z-0c80c6e5.json.gz
audit-input/history/2026-09-25/20260925T163118Z-0bb6ff0d.json.gz.b64,661026,903b258d3c2c58bd8bdc7efde51c34f87b1ca570b1d566d84f5a8fd263aa3d33,archive_publique_dupliquee,"Archive compressée déjà versionnée ; copie base64 omise, restauration depuis le Git blob immuable.",https://raw.githubusercontent.com/Vadimrom-create/bitvavo-live/0fbc84babfe8567d40979e2a3f695ca57c001182/history/2026-09-25/20260925T163118Z-0bb6ff0d.json.gz
audit-input/history/2026-09-25/20260925T164946Z-07dba25c.json.gz.b64,661420,ed31b15320822c1ba9f739b26939a2fe0642672b1a9a82289a4a67364bce587d,archive_publique_dupliquee,"Archive compressée déjà versionnée ; copie base64 omise, restauration depuis le Git blob immuable.",https://raw.githubusercontent.com/Vadimrom-create/bitvavo-live/0fbc84babfe8567d40979e2a3f695ca57c001182/history/2026-09-25/20260925T164946Z-07dba25c.json.gz
audit-input/history/2026-09-25/20260925T170344Z-f14e8bc4.json.gz.b64,658590,a805501aafab0f9b4266069cc97d8a2d5acd7c7774a3ed9451fa028a309961d8,archive_publique_dupliquee,"Archive compressée déjà versionnée ; copie base64 omise, restauration depuis le Git blob immuable.",https://raw.githubusercontent.com/Vadimrom-create/bitvavo-live/0fbc84babfe8567d40979e2a3f695ca57c001182/history/2026-09-25/20260925T170344Z-f14e8bc4.json.gz
audit-input/history/2026-09-25/20260925T172236Z-8e2de841.json.gz.b64,656736,af059a52768fe9d93b54b2196bf4e61dd43ae5af403469b49c37f00c04ba6f6a,archive_publique_dupliquee,"Archive compressée déjà versionnée ; copie base64 omise, restauration depuis le Git blob immuable.",https://raw.githubusercontent.com/Vadimrom-create/bitvavo-live/0fbc84babfe8567d40979e2a3f695ca57c001182/history/2026-09-25/20260925T172236Z-8e2de841.json.gz
audit-input/history/2026-09-25/20260925T174033Z-f5156b0c.json.gz.b64,660148,d897a2c386e30e8872a65a3a8d20a6a501840ddd3b403e9d53f2519890f270c2,archive_publique_dupliquee,"Archive compressée déjà versionnée ; copie base64 omise, restauration depuis le Git blob immuable.",https://raw.githubusercontent.com/Vadimrom-create/bitvavo-live/0fbc84babfe8567d40979e2a3f695ca57c001182/history/2026-09-25/20260925T174033Z-f5156b0c.json.gz
audit-input/history/2026-09-25/20260925T175530Z-1b65432b.json.gz.b64,651083,c1528c2f775102d28ebf6182b9b358a14ca1e9259d8543a4103e7185de5adb67,archive_publique_dupliquee,"Archive compressée déjà versionnée ; copie base64 omise, restauration depuis le Git blob immuable.",https://raw.githubusercontent.com/Vadimrom-create/bitvavo-live/0fbc84babfe8567d40979e2a3f695ca57c001182/history/2026-09-25/20260925T175530Z-1b65432b.json.gz
audit-input/history/2026-09-25/20260925T181747Z-ee44727e.json.gz.b64,647488,9c64dd260e5760c65c5bdea68871ed629939ce7590d308f678604d4d43d32870,archive_publique_dupliquee,"Archive compressée déjà versionnée ; copie base64 omise, restauration depuis le Git blob immuable.",https://raw.githubusercontent.com/Vadimrom-create/bitvavo-live/0fbc84babfe8567d40979e2a3f695ca57c001182/history/2026-09-25/20260925T181747Z-ee44727e.json.gz
audit-input/history/2026-09-25/20260925T183634Z-c8a7127f.json.gz.b64,656565,279b8c6c163cd96e1e434a03d096f1d28d492e7b5ea1f1977fe32954617f99a3,archive_publique_dupliquee,"Archive compressée déjà versionnée ; copie base64 omise, restauration depuis le Git blob immuable.",https://raw.githubusercontent.com/Vadimrom-create/bitvavo-live/0fbc84babfe8567d40979e2a3f695ca57c001182/history/2026-09-25/20260925T183634Z-c8a7127f.json.gz
audit-input/history/2026-09-25/20260925T185346Z-55c3f3d0.json.gz.b64,654292,238eb43efee66accb661b3040354a442190c6539a9fc374ec0347911de1636e3,archive_publique_dupliquee,"Archive compressée déjà versionnée ; copie base64 omise, restauration depuis le Git blob immuable.",https://raw.githubusercontent.com/Vadimrom-create/bitvavo-live/0fbc84babfe8567d40979e2a3f695ca57c001182/history/2026-09-25/20260925T185346Z-55c3f3d0.json.gz
audit-input/history/2026-09-25/20260925T191046Z-525cd3dd.json.gz.b64,643442,7673f547e79918ace0c2ea0e12e883aa82b0a8c67f1f71b88ef051a8cb69208d,archive_publique_dupliquee,"Archive compressée déjà versionnée ; copie base64 omise, restauration depuis le Git blob immuable.",https://raw.githubusercontent.com/Vadimrom-create/bitvavo-live/0fbc84babfe8567d40979e2a3f695ca57c001182/history/2026-09-25/20260925T191046Z-525cd3dd.json.gz
audit-input/history/2026-09-25/20260925T192731Z-48500f34.json.gz.b64,645861,50c09bd8191bc8032fc9cb220b2fb9e6ad98c2ca6dfca4fe6d81167c873bf2c6,archive_publique_dupliquee,"Archive compressée déjà versionnée ; copie base64 omise, restauration depuis le Git blob immuable.",https://raw.githubusercontent.com/Vadimrom-create/bitvavo-live/0fbc84babfe8567d40979e2a3f695ca57c001182/history/2026-09-25/20260925T192731Z-48500f34.json.gz
audit-input/history/2026-09-25/20260925T194355Z-4e29526d.json.gz.b64,634824,62cbb14236c0780a504c35b3c70db26697053655460e12473b99a17cee3f6d3f,archive_publique_dupliquee,"Archive compressée déjà versionnée ; copie base64 omise, restauration depuis le Git blob immuable.",https://raw.githubusercontent.com/Vadimrom-create/bitvavo-live/0fbc84babfe8567d40979e2a3f695ca57c001182/history/2026-09-25/20260925T194355Z-4e29526d.json.gz
audit-input/history/2026-09-25/20260925T195654Z-6b4d1c24.json.gz.b64,631758,4cfea42ee3b6458b005079cc588ceea6abe3b6d113b74bd3ecc7fc09cb607cde,archive_publique_dupliquee,"Archive compressée déjà versionnée ; copie base64 omise, restauration depuis le Git blob immuable.",https://raw.githubusercontent.com/Vadimrom-create/bitvavo-live/0fbc84babfe8567d40979e2a3f695ca57c001182/history/2026-09-25/20260925T195654Z-6b4d1c24.json.gz
audit-input/history/2026-09-25/20260925T201707Z-e10e2eff.json.gz.b64,644243,1e824734ddc68c5aab5264091b0e865e48299127be8757702f055746d15473e9,archive_publique_dupliquee,"Archive compressée déjà versionnée ; copie base64 omise, restauration depuis le Git blob immuable.",https://raw.githubusercontent.com/Vadimrom-create/bitvavo-live/0fbc84babfe8567d40979e2a3f695ca57c001182/history/2026-09-25/20260925T201707Z-e10e2eff.json.gz
audit-input/history/2026-09-25/20260925T203437Z-6ba01ec4.json.gz.b64,655707,8583a4d5fc7775ad57c4a785d257691478a62a39ba35ff7e88b5dcf079e5d855,archive_publique_dupliquee,"Archive compressée déjà versionnée ; copie base64 omise, restauration depuis le Git blob immuable.",https://raw.githubusercontent.com/Vadimrom-create/bitvavo-live/0fbc84babfe8567d40979e2a3f695ca57c001182/history/2026-09-25/20260925T203437Z-6ba01ec4.json.gz
audit-input/history/2026-09-25/20260925T205047Z-bec2f6ea.json.gz.b64,646671,307fcec62b938d33a29860df110a9b67232717d7bf889ec0fcf174cc19a6bcca,archive_publique_dupliquee,"Archive compressée déjà versionnée ; copie base64 omise, restauration depuis le Git blob immuable.",https://raw.githubusercontent.com/Vadimrom-create/bitvavo-live/0fbc84babfe8567d40979e2a3f695ca57c001182/history/2026-09-25/20260925T205047Z-bec2f6ea.json.gz
audit-input/history/2026-09-25/20260925T210618Z-a0a99242.json.gz.b64,639046,e956f4b4305a64e703da4178ef7b7815e44e55989564408915e2ebefd2515f50,archive_publique_dupliquee,"Archive compressée déjà versionnée ; copie base64 omise, restauration depuis le Git blob immuable.",https://raw.githubusercontent.com/Vadimrom-create/bitvavo-live/0fbc84babfe8567d40979e2a3f695ca57c001182/history/2026-09-25/20260925T210618Z-a0a99242.json.gz
audit-input/history/2026-09-25/20260925T212506Z-dd75ea4c.json.gz.b64,645430,c7c2a71606b0ef194781ca53926024f986fb75ec12153e6e5bc44b1ce80fd80b,archive_publique_dupliquee,"Archive compressée déjà versionnée ; copie base64 omise, restauration depuis le Git blob immuable.",https://raw.githubusercontent.com/Vadimrom-create/bitvavo-live/0fbc84babfe8567d40979e2a3f695ca57c001182/history/2026-09-25/20260925T212506Z-dd75ea4c.json.gz
audit-input/history/2026-09-25/20260925T214310Z-5c810df7.json.gz.b64,638476,32d4aca5ae5e8f7ab785761ecd5062b30108d0627fa43aa3b069fb2e7257c49d,archive_publique_dupliquee,"Archive compressée déjà versionnée ; copie base64 omise, restauration depuis le Git blob immuable.",https://raw.githubusercontent.com/Vadimrom-create/bitvavo-live/0fbc84babfe8567d40979e2a3f695ca57c001182/history/2026-09-25/20260925T214310Z-5c810df7.json.gz
audit-input/history/2026-09-25/20260925T215152Z-6acc3917.json.gz.b64,627041,88fd20155a3edc61f8f8d5346da957ce12c92265b808fc0182419f163d28adc8,archive_publique_dupliquee,"Archive compressée déjà versionnée ; copie base64 omise, restauration depuis le Git blob immuable.",https://raw.githubusercontent.com/Vadimrom-create/bitvavo-live/0fbc84babfe8567d40979e2a3f695ca57c001182/history/2026-09-25/20260925T215152Z-6acc3917.json.gz
audit-input/history/2026-09-25/20260925T215951Z-a7116628.json.gz.b64,616781,d49c82382fb7d4117bd98ab67bfcd01a86fc861db8ca8d9a95e6c9e926b36110,archive_publique_dupliquee,"Archive compressée déjà versionnée ; copie base64 omise, restauration depuis le Git blob immuable.",https://raw.githubusercontent.com/Vadimrom-create/bitvavo-live/0fbc84babfe8567d40979e2a3f695ca57c001182/history/2026-09-25/20260925T215951Z-a7116628.json.gz
audit-input/history/2026-09-25/20260925T221759Z-f6a5936c.json.gz.b64,639330,8a0a67648065ecdea3bfcd450896c2eb0c90609f5fdb45817ffbae48692fddfc,archive_publique_dupliquee,"Archive compressée déjà versionnée ; copie base64 omise, restauration depuis le Git blob immuable.",https://raw.githubusercontent.com/Vadimrom-create/bitvavo-live/0fbc84babfe8567d40979e2a3f695ca57c001182/history/2026-09-25/20260925T221759Z-f6a5936c.json.gz
audit-input/history/2026-09-25/20260925T222753Z-7c755fde.json.gz.b64,642604,9f2fa83c701b949d4329473a6e827cd688b07724e95d1b453e5accd8eae0e345,archive_publique_dupliquee,"Archive compressée déjà versionnée ; copie base64 omise, restauration depuis le Git blob immuable.",https://raw.githubusercontent.com/Vadimrom-create/bitvavo-live/0fbc84babfe8567d40979e2a3f695ca57c001182/history/2026-09-25/20260925T222753Z-7c755fde.json.gz
audit-input/history/2026-09-25/20260925T223637Z-8862be11.json.gz.b64,651628,db4a0a2200d51792c91113fcb7781a272a9005c3761d0dff1315078116f8f6e1,archive_publique_dupliquee,"Archive compressée déjà versionnée ; copie base64 omise, restauration depuis le Git blob immuable.",https://raw.githubusercontent.com/Vadimrom-create/bitvavo-live/0fbc84babfe8567d40979e2a3f695ca57c001182/history/2026-09-25/20260925T223637Z-8862be11.json.gz
audit-input/history/2026-09-25/20260925T224927Z-af850611.json.gz.b64,650904,6b833816928d1ebd141a7733d8dc2e87953b132e713b72e33958e4c4c8f5430c,archive_publique_dupliquee,"Archive compressée déjà versionnée ; copie base64 omise, restauration depuis le Git blob immuable.",https://raw.githubusercontent.com/Vadimrom-create/bitvavo-live/0fbc84babfe8567d40979e2a3f695ca57c001182/history/2026-09-25/20260925T224927Z-af850611.json.gz
audit-input/history/2026-09-25/20260925T230324Z-d82f99a8.json.gz.b64,639261,c23a19f0422aa6a9bea2ff58a705d3b239f2b26b8e4a76f5cc1949cb116ec813,archive_publique_dupliquee,"Archive compressée déjà versionnée ; copie base64 omise, restauration depuis le Git blob immuable.",https://raw.githubusercontent.com/Vadimrom-create/bitvavo-live/0fbc84babfe8567d40979e2a3f695ca57c001182/history/2026-09-25/20260925T230324Z-d82f99a8.json.gz
audit-input/history/2026-09-25/20260925T231850Z-6ba15b51.json.gz.b64,653572,a72b876355b3dfcd051b2b5f170d52b334ef7661e884c183ed211226beb46410,archive_publique_dupliquee,"Archive compressée déjà versionnée ; copie base64 omise, restauration depuis le Git blob immuable.",https://raw.githubusercontent.com/Vadimrom-create/bitvavo-live/0fbc84babfe8567d40979e2a3f695ca57c001182/history/2026-09-25/20260925T231850Z-6ba15b51.json.gz
audit-input/history/2026-09-25/20260925T232749Z-dd769358.json.gz.b64,635447,54c6500f749fdb67eec115b4032641814862c299bfa9aab6911b820a78ca9efd,archive_publique_dupliquee,"Archive compressée déjà versionnée ; copie base64 omise, restauration depuis le Git blob immuable.",https://raw.githubusercontent.com/Vadimrom-create/bitvavo-live/0fbc84babfe8567d40979e2a3f695ca57c001182/history/2026-09-25/20260925T232749Z-dd769358.json.gz
audit-input/history/2026-09-25/20260925T233714Z-22a07ffe.json.gz.b64,637309,03b35e42c5fba042cc48e53fe74afa83bf1f0492c3ed98b98ec5db58ea6d0415,archive_publique_dupliquee,"Archive compressée déjà versionnée ; copie base64 omise, restauration depuis le Git blob immuable.",https://raw.githubusercontent.com/Vadimrom-create/bitvavo-live/0fbc84babfe8567d40979e2a3f695ca57c001182/history/2026-09-25/20260925T233714Z-22a07ffe.json.gz
audit-input/history/2026-09-25/20260925T234631Z-16980de4.json.gz.b64,625333,df9b0313b624669db9859ef92f0284ecac405cda0520cfb308b3f26f206e79ba,archive_publique_dupliquee,"Archive compressée déjà versionnée ; copie base64 omise, restauration depuis le Git blob immuable.",https://raw.githubusercontent.com/Vadimrom-create/bitvavo-live/0fbc84babfe8567d40979e2a3f695ca57c001182/history/2026-09-25/20260925T234631Z-16980de4.json.gz
audit-input/history/2026-09-25/20260925T235451Z-ded657cf.json.gz.b64,631075,de038b3d2d89c4f6d275a00a3cd0dc2d6b0233e1e0a923f6c8cc7609c80d419f,archive_publique_dupliquee,"Archive compressée déjà versionnée ; copie base64 omise, restauration depuis le Git blob immuable.",https://raw.githubusercontent.com/Vadimrom-create/bitvavo-live/0fbc84babfe8567d40979e2a3f695ca57c001182/history/2026-09-25/20260925T235451Z-ded657cf.json.gz
audit-input/history/2026-09-26/20260926T000354Z-674ba90b.json.gz.b64,633263,e1f9625e07824f8b63a10893b376e8122bd4becd8818e6082aee1a2de1b8b8dc,archive_publique_dupliquee,"Archive compressée déjà versionnée ; copie base64 omise, restauration depuis le Git blob immuable.",https://raw.githubusercontent.com/Vadimrom-create/bitvavo-live/0fbc84babfe8567d40979e2a3f695ca57c001182/history/2026-09-26/20260926T000354Z-674ba90b.json.gz
audit-input/history/2026-09-26/20260926T002847Z-5f8016b9.json.gz.b64,630400,b99ee6a62e62d340016df6ee1d0da166f427aaa4731693786dc853d55c4280f9,archive_publique_dupliquee,"Archive compressée déjà versionnée ; copie base64 omise, restauration depuis le Git blob immuable.",https://raw.githubusercontent.com/Vadimrom-create/bitvavo-live/0fbc84babfe8567d40979e2a3f695ca57c001182/history/2026-09-26/20260926T002847Z-5f8016b9.json.gz
audit-input/history/2026-09-26/20260926T005001Z-0c4039c0.json.gz.b64,626923,05097db9e30122d75cee5fcefa9446dad9a15fe62d4852249c67c0510032c03b,archive_publique_dupliquee,"Archive compressée déjà versionnée ; copie base64 omise, restauration depuis le Git blob immuable.",https://raw.githubusercontent.com/Vadimrom-create/bitvavo-live/0fbc84babfe8567d40979e2a3f695ca57c001182/history/2026-09-26/20260926T005001Z-0c4039c0.json.gz
audit-input/history/2026-09-26/20260926T010401Z-17aa60c1.json.gz.b64,624369,71a54a402fda5d44ddf0a1dbe8f6893757302c112b4f11220b092a6006176dde,archive_publique_dupliquee,"Archive compressée déjà versionnée ; copie base64 omise, restauration depuis le Git blob immuable.",https://raw.githubusercontent.com/Vadimrom-create/bitvavo-live/0fbc84babfe8567d40979e2a3f695ca57c001182/history/2026-09-26/20260926T010401Z-17aa60c1.json.gz
audit-input/history/2026-09-26/20260926T012144Z-829b29ee.json.gz.b64,619782,ba398bb3c092e027cd93dc6fec61898270f586e1589944f2ec42fb498c6af1b6,archive_publique_dupliquee,"Archive compressée déjà versionnée ; copie base64 omise, restauration depuis le Git blob immuable.",https://raw.githubusercontent.com/Vadimrom-create/bitvavo-live/0fbc84babfe8567d40979e2a3f695ca57c001182/history/2026-09-26/20260926T012144Z-829b29ee.json.gz
audit-input/history/2026-09-26/20260926T013738Z-d3c29c3f.json.gz.b64,614178,e46fdb2ff4f57517f383b8607147772140f46dca5fcfd53c31bf891923fca431,archive_publique_dupliquee,"Archive compressée déjà versionnée ; copie base64 omise, restauration depuis le Git blob immuable.",https://raw.githubusercontent.com/Vadimrom-create/bitvavo-live/0fbc84babfe8567d40979e2a3f695ca57c001182/history/2026-09-26/20260926T013738Z-d3c29c3f.json.gz
audit-input/history/2026-09-26/20260926T015239Z-7ff04a87.json.gz.b64,619501,f04c6e3da8cdfb390a81c7e15a28bd2c303b6886d1bf36cd9a272fe340083141,archive_publique_dupliquee,"Archive compressée déjà versionnée ; copie base64 omise, restauration depuis le Git blob immuable.",https://raw.githubusercontent.com/Vadimrom-create/bitvavo-live/0fbc84babfe8567d40979e2a3f695ca57c001182/history/2026-09-26/20260926T015239Z-7ff04a87.json.gz
audit-input/history/2026-09-26/20260926T020939Z-459d75ae.json.gz.b64,622059,4b8f939cdb48130bfbfcb80dce3b088eb9c0738b4885ef0442535ccb734650b2,archive_publique_dupliquee,"Archive compressée déjà versionnée ; copie base64 omise, restauration depuis le Git blob immuable.",https://raw.githubusercontent.com/Vadimrom-create/bitvavo-live/0fbc84babfe8567d40979e2a3f695ca57c001182/history/2026-09-26/20260926T020939Z-459d75ae.json.gz
audit-input/history/2026-09-26/20260926T022801Z-128499af.json.gz.b64,619009,7881d4ebd3236a52844ebd4d9fc7275276839ed5a0a7e58a2674a0322b61453c,archive_publique_dupliquee,"Archive compressée déjà versionnée ; copie base64 omise, restauration depuis le Git blob immuable.",https://raw.githubusercontent.com/Vadimrom-create/bitvavo-live/0fbc84babfe8567d40979e2a3f695ca57c001182/history/2026-09-26/20260926T022801Z-128499af.json.gz
audit-input/history/2026-09-26/20260926T024444Z-2bcc2d09.json.gz.b64,609310,950f67d3c5be677da201e47b8956f4bbe1b6c4e13826e8aff6d94880e543990b,archive_publique_dupliquee,"Archive compressée déjà versionnée ; copie base64 omise, restauration depuis le Git blob immuable.",https://raw.githubusercontent.com/Vadimrom-create/bitvavo-live/0fbc84babfe8567d40979e2a3f695ca57c001182/history/2026-09-26/20260926T024444Z-2bcc2d09.json.gz
audit-input/history/2026-09-26/20260926T025820Z-68150a41.json.gz.b64,599717,e2510e4254e5084c457bd39da6c4c84263f30201dbf256827dd060f938b73a86,archive_publique_dupliquee,"Archive compressée déjà versionnée ; copie base64 omise, restauration depuis le Git blob immuable.",https://raw.githubusercontent.com/Vadimrom-create/bitvavo-live/0fbc84babfe8567d40979e2a3f695ca57c001182/history/2026-09-26/20260926T025820Z-68150a41.json.gz
audit-input/history/2026-09-26/20260926T031847Z-1dedfad7.json.gz.b64,617008,627323c118dc1f5377f56b169eace5600c5d2dc1c816a00198a865bbbb73eec5,archive_publique_dupliquee,"Archive compressée déjà versionnée ; copie base64 omise, restauration depuis le Git blob immuable.",https://raw.githubusercontent.com/Vadimrom-create/bitvavo-live/0fbc84babfe8567d40979e2a3f695ca57c001182/history/2026-09-26/20260926T031847Z-1dedfad7.json.gz
audit-input/history/2026-09-26/20260926T033605Z-72af8cd2.json.gz.b64,604231,d671c9e18e2d0b7c3b84c27cd170c1773495b1ecf41e97ff8ce55917e2e8c898,archive_publique_dupliquee,"Archive compressée déjà versionnée ; copie base64 omise, restauration depuis le Git blob immuable.",https://raw.githubusercontent.com/Vadimrom-create/bitvavo-live/0fbc84babfe8567d40979e2a3f695ca57c001182/history/2026-09-26/20260926T033605Z-72af8cd2.json.gz
audit-input/history/2026-09-26/20260926T035104Z-07b5c035.json.gz.b64,600323,c60bb3368e90fbd608db125af1491a0108bdc9d59b7f0cbed4b484e936b0ed57,archive_publique_dupliquee,"Archive compressée déjà versionnée ; copie base64 omise, restauration depuis le Git blob immuable.",https://raw.githubusercontent.com/Vadimrom-create/bitvavo-live/0fbc84babfe8567d40979e2a3f695ca57c001182/history/2026-09-26/20260926T035104Z-07b5c035.json.gz
audit-input/history/2026-09-26/20260926T040652Z-c7f0ec46.json.gz.b64,604056,363adb770778f7faae85517ee855c6ae20713177ddbdecaf304ce8fd49b01317,archive_publique_dupliquee,"Archive compressée déjà versionnée ; copie base64 omise, restauration depuis le Git blob immuable.",https://raw.githubusercontent.com/Vadimrom-create/bitvavo-live/0fbc84babfe8567d40979e2a3f695ca57c001182/history/2026-09-26/20260926T040652Z-c7f0ec46.json.gz
audit-input/history/2026-09-26/20260926T042555Z-b9a95855.json.gz.b64,617683,bb6d5caabac75ed33f308792ebf80d5cd66430776f912e7baa965607a396d9d7,archive_publique_dupliquee,"Archive compressée déjà versionnée ; copie base64 omise, restauration depuis le Git blob immuable.",https://raw.githubusercontent.com/Vadimrom-create/bitvavo-live/0fbc84babfe8567d40979e2a3f695ca57c001182/history/2026-09-26/20260926T042555Z-b9a95855.json.gz
audit-input/history/2026-09-26/20260926T044354Z-2f5b9f10.json.gz.b64,604646,719b4b5e7668adf0048fe2d94bd558bf1c4301f8ff7ac11d5166d91deb925f4e,archive_publique_dupliquee,"Archive compressée déjà versionnée ; copie base64 omise, restauration depuis le Git blob immuable.",https://raw.githubusercontent.com/Vadimrom-create/bitvavo-live/0fbc84babfe8567d40979e2a3f695ca57c001182/history/2026-09-26/20260926T044354Z-2f5b9f10.json.gz
audit-input/history/2026-09-26/20260926T045648Z-270c3476.json.gz.b64,606057,45ff68f2a6a8069bd4bd805bed3db5a1591c32904aae590f2ce9dcb3f97d6c8d,archive_publique_dupliquee,"Archive compressée déjà versionnée ; copie base64 omise, restauration depuis le Git blob immuable.",https://raw.githubusercontent.com/Vadimrom-create/bitvavo-live/0fbc84babfe8567d40979e2a3f695ca57c001182/history/2026-09-26/20260926T045648Z-270c3476.json.gz
audit-input/history/2026-09-26/20260926T051655Z-4bcc95f0.json.gz.b64,613462,7220fac82003099f3f804b745ecc18a30dedcb32d01674ece2d32f6f8f92b0ff,archive_publique_dupliquee,"Archive compressée déjà versionnée ; copie base64 omise, restauration depuis le Git blob immuable.",https://raw.githubusercontent.com/Vadimrom-create/bitvavo-live/0fbc84babfe8567d40979e2a3f695ca57c001182/history/2026-09-26/20260926T051655Z-4bcc95f0.json.gz
audit-input/history/2026-09-26/20260926T053308Z-3637d095.json.gz.b64,605577,fac1c275e39af26a6e4333668eaa9ec4509622ed6944929198858513179b0ffc,archive_publique_dupliquee,"Archive compressée déjà versionnée ; copie base64 omise, restauration depuis le Git blob immuable.",https://raw.githubusercontent.com/Vadimrom-create/bitvavo-live/0fbc84babfe8567d40979e2a3f695ca57c001182/history/2026-09-26/20260926T053308Z-3637d095.json.gz
audit-input/history/2026-09-26/20260926T054723Z-84297f0f.json.gz.b64,615020,be7f5d0c1a0cbf302c695036d08d00144aceab77e662dfb17bbf71f732c9f897,archive_publique_dupliquee,"Archive compressée déjà versionnée ; copie base64 omise, restauration depuis le Git blob immuable.",https://raw.githubusercontent.com/Vadimrom-create/bitvavo-live/0fbc84babfe8567d40979e2a3f695ca57c001182/history/2026-09-26/20260926T054723Z-84297f0f.json.gz
audit-input/history/2026-09-26/20260926T060023Z-985b4613.json.gz.b64,611681,283dc09c9727836f814e57f63d5ba4d2dfc18ed727d963ac83f0a74b522223b3,archive_publique_dupliquee,"Archive compressée déjà versionnée ; copie base64 omise, restauration depuis le Git blob immuable.",https://raw.githubusercontent.com/Vadimrom-create/bitvavo-live/0fbc84babfe8567d40979e2a3f695ca57c001182/history/2026-09-26/20260926T060023Z-985b4613.json.gz
audit-input/history/2026-09-26/20260926T062523Z-36b09742.json.gz.b64,635316,28c3d1005a3d88d262d59bcd7381e2e8593d69108b38563dfea69d77d57a00d3,archive_publique_dupliquee,"Archive compressée déjà versionnée ; copie base64 omise, restauration depuis le Git blob immuable.",https://raw.githubusercontent.com/Vadimrom-create/bitvavo-live/0fbc84babfe8567d40979e2a3f695ca57c001182/history/2026-09-26/20260926T062523Z-36b09742.json.gz
audit-input/history/2026-09-26/20260926T064646Z-ae911c80.json.gz.b64,637264,62151c6bbc9ad8e6d206a50dfdb46920fce3522351c4dba974e338c140472aa7,archive_publique_dupliquee,"Archive compressée déjà versionnée ; copie base64 omise, restauration depuis le Git blob immuable.",https://raw.githubusercontent.com/Vadimrom-create/bitvavo-live/0fbc84babfe8567d40979e2a3f695ca57c001182/history/2026-09-26/20260926T064646Z-ae911c80.json.gz
audit-input/history/2026-09-26/20260926T070027Z-b4b5a060.json.gz.b64,630506,cc755daf4b2e12d9761dd48c28f66108f0c7b925a642f6bc10c2e9daca6dd4af,archive_publique_dupliquee,"Archive compressée déjà versionnée ; copie base64 omise, restauration depuis le Git blob immuable.",https://raw.githubusercontent.com/Vadimrom-create/bitvavo-live/0fbc84babfe8567d40979e2a3f695ca57c001182/history/2026-09-26/20260926T070027Z-b4b5a060.json.gz
audit-input/history/2026-09-26/20260926T072029Z-5e724ca9.json.gz.b64,648769,1bbb1cfa754893552d4d4d70ebbef967b0a841b9edc9d748bcbb7ce1a471543c,archive_publique_dupliquee,"Archive compressée déjà versionnée ; copie base64 omise, restauration depuis le Git blob immuable.",https://raw.githubusercontent.com/Vadimrom-create/bitvavo-live/0fbc84babfe8567d40979e2a3f695ca57c001182/history/2026-09-26/20260926T072029Z-5e724ca9.json.gz
audit-input/history/2026-09-26/20260926T073544Z-0decdb21.json.gz.b64,647732,9e5d91be3cd14760ed20b4c3969fe45137f36f4bdfb3c8bb95965d7c4b0ba149,archive_publique_dupliquee,"Archive compressée déjà versionnée ; copie base64 omise, restauration depuis le Git blob immuable.",https://raw.githubusercontent.com/Vadimrom-create/bitvavo-live/0fbc84babfe8567d40979e2a3f695ca57c001182/history/2026-09-26/20260926T073544Z-0decdb21.json.gz
audit-input/history/2026-09-26/20260926T075002Z-60d2e586.json.gz.b64,646500,8c01c4ee1175d0b673a7332d7cba6f2339c8f58ef1195ae59ed528928b966d20,archive_publique_dupliquee,"Archive compressée déjà versionnée ; copie base64 omise, restauration depuis le Git blob immuable.",https://raw.githubusercontent.com/Vadimrom-create/bitvavo-live/0fbc84babfe8567d40979e2a3f695ca57c001182/history/2026-09-26/20260926T075002Z-60d2e586.json.gz
audit-input/history/2026-09-26/20260926T080517Z-b2531144.json.gz.b64,646467,9d01ee6b1d737c984fe7a2bcd84b8051ce901fc30a4aeabda325929b97b177e9,archive_publique_dupliquee,"Archive compressée déjà versionnée ; copie base64 omise, restauration depuis le Git blob immuable.",https://raw.githubusercontent.com/Vadimrom-create/bitvavo-live/0fbc84babfe8567d40979e2a3f695ca57c001182/history/2026-09-26/20260926T080517Z-b2531144.json.gz
audit-input/history/2026-09-26/20260926T082546Z-916be23e.json.gz.b64,646191,16373aaf9498358ab98d56e8f7b1a620767b051e652eea2fd173cecaefb7ce52,archive_publique_dupliquee,"Archive compressée déjà versionnée ; copie base64 omise, restauration depuis le Git blob immuable.",https://raw.githubusercontent.com/Vadimrom-create/bitvavo-live/0fbc84babfe8567d40979e2a3f695ca57c001182/history/2026-09-26/20260926T082546Z-916be23e.json.gz
audit-input/history/2026-09-26/20260926T084349Z-a913c0c1.json.gz.b64,649550,f851357d14c4d8736270c93c6360684f5503f3186917952d8b8bb4a9f4fc8eec,archive_publique_dupliquee,"Archive compressée déjà versionnée ; copie base64 omise, restauration depuis le Git blob immuable.",https://raw.githubusercontent.com/Vadimrom-create/bitvavo-live/0fbc84babfe8567d40979e2a3f695ca57c001182/history/2026-09-26/20260926T084349Z-a913c0c1.json.gz
audit-input/history/2026-09-26/20260926T085658Z-e243d4dc.json.gz.b64,639416,468d79d719875af04c57785a942c3dab1c5aea438ce35d5e5ba453f5fb8091f6,archive_publique_dupliquee,"Archive compressée déjà versionnée ; copie base64 omise, restauration depuis le Git blob immuable.",https://raw.githubusercontent.com/Vadimrom-create/bitvavo-live/0fbc84babfe8567d40979e2a3f695ca57c001182/history/2026-09-26/20260926T085658Z-e243d4dc.json.gz
audit-input/history/2026-09-26/20260926T091724Z-9f4fd8ce.json.gz.b64,643185,c15989b40522bbf5cc4a787b7356268186e386068887bf050ec0911ea7714da3,archive_publique_dupliquee,"Archive compressée déjà versionnée ; copie base64 omise, restauration depuis le Git blob immuable.",https://raw.githubusercontent.com/Vadimrom-create/bitvavo-live/0fbc84babfe8567d40979e2a3f695ca57c001182/history/2026-09-26/20260926T091724Z-9f4fd8ce.json.gz
audit-input/history/2026-09-26/20260926T093326Z-6858c5c2.json.gz.b64,635813,6d303c1636245941102313616df33cc1af6b13f1bd314d3a86b0e48bc4002dc1,archive_publique_dupliquee,"Archive compressée déjà versionnée ; copie base64 omise, restauration depuis le Git blob immuable.",https://raw.githubusercontent.com/Vadimrom-create/bitvavo-live/0fbc84babfe8567d40979e2a3f695ca57c001182/history/2026-09-26/20260926T093326Z-6858c5c2.json.gz
audit-input/history/2026-09-26/20260926T094734Z-5e7a93e8.json.gz.b64,640843,98b8e41c9fb899bdb462f17ab7faa9c3eb537d167cd6f43207b91acc893e5a4e,archive_publique_dupliquee,"Archive compressée déjà versionnée ; copie base64 omise, restauration depuis le Git blob immuable.",https://raw.githubusercontent.com/Vadimrom-create/bitvavo-live/0fbc84babfe8567d40979e2a3f695ca57c001182/history/2026-09-26/20260926T094734Z-5e7a93e8.json.gz
audit-input/history/2026-09-26/20260926T100023Z-036e806b.json.gz.b64,639298,921e8470bd39a898afb030d47263f8e1d245be89a9060ff24e648d847972045c,archive_publique_dupliquee,"Archive compressée déjà versionnée ; copie base64 omise, restauration depuis le Git blob immuable.",https://raw.githubusercontent.com/Vadimrom-create/bitvavo-live/0fbc84babfe8567d40979e2a3f695ca57c001182/history/2026-09-26/20260926T100023Z-036e806b.json.gz
audit-input/history/2026-09-26/20260926T101953Z-9c79de74.json.gz.b64,660514,f4ffe3396fe27a8cf8bf295f3fcf9fddbc15b2b5692c52023b5cf85fcc0d14e2,archive_publique_dupliquee,"Archive compressée déjà versionnée ; copie base64 omise, restauration depuis le Git blob immuable.",https://raw.githubusercontent.com/Vadimrom-create/bitvavo-live/0fbc84babfe8567d40979e2a3f695ca57c001182/history/2026-09-26/20260926T101953Z-9c79de74.json.gz
audit-input/history/2026-09-26/20260926T103556Z-17b59611.json.gz.b64,654226,0f2425a2c95b8ebd281e4e2381642e8f8659887132245a50d1ca78060273f3bd,archive_publique_dupliquee,"Archive compressée déjà versionnée ; copie base64 omise, restauration depuis le Git blob immuable.",https://raw.githubusercontent.com/Vadimrom-create/bitvavo-live/0fbc84babfe8567d40979e2a3f695ca57c001182/history/2026-09-26/20260926T103556Z-17b59611.json.gz
audit-input/history/2026-09-26/20260926T105038Z-2c5ecb62.json.gz.b64,652905,d7e395c0830ffd9a001cd0af117ac95a610bde6d38dda232472719251a420311,archive_publique_dupliquee,"Archive compressée déjà versionnée ; copie base64 omise, restauration depuis le Git blob immuable.",https://raw.githubusercontent.com/Vadimrom-create/bitvavo-live/0fbc84babfe8567d40979e2a3f695ca57c001182/history/2026-09-26/20260926T105038Z-2c5ecb62.json.gz
audit-input/history/2026-09-26/20260926T110443Z-1f74a6a6.json.gz.b64,658452,28ea5d6a6c9ff97f16abd4f871026cca2e659426c3c550c2283f0bd3ab789d52,archive_publique_dupliquee,"Archive compressée déjà versionnée ; copie base64 omise, restauration depuis le Git blob immuable.",https://raw.githubusercontent.com/Vadimrom-create/bitvavo-live/0fbc84babfe8567d40979e2a3f695ca57c001182/history/2026-09-26/20260926T110443Z-1f74a6a6.json.gz
audit-input/history/2026-09-26/20260926T112211Z-2efd5095.json.gz.b64,657167,74eb5b738cbb9eb9663d4ddb123b91716db080c9d167cc6ea88efddb2cf47273,archive_publique_dupliquee,"Archive compressée déjà versionnée ; copie base64 omise, restauration depuis le Git blob immuable.",https://raw.githubusercontent.com/Vadimrom-create/bitvavo-live/0fbc84babfe8567d40979e2a3f695ca57c001182/history/2026-09-26/20260926T112211Z-2efd5095.json.gz
audit-input/history/2026-09-26/20260926T113821Z-e75a42cc.json.gz.b64,653059,d489dfdb8ce5a6977405ad51369dd45528fda909bb33167c7306d51d968b51f7,archive_publique_dupliquee,"Archive compressée déjà versionnée ; copie base64 omise, restauration depuis le Git blob immuable.",https://raw.githubusercontent.com/Vadimrom-create/bitvavo-live/0fbc84babfe8567d40979e2a3f695ca57c001182/history/2026-09-26/20260926T113821Z-e75a42cc.json.gz
audit-input/history/2026-09-26/20260926T115150Z-0f94a562.json.gz.b64,641168,c35e54e5bac956af735b102f12c247f0d6ac8855444ca57f376312850da2c897,archive_publique_dupliquee,"Archive compressée déjà versionnée ; copie base64 omise, restauration depuis le Git blob immuable.",https://raw.githubusercontent.com/Vadimrom-create/bitvavo-live/0fbc84babfe8567d40979e2a3f695ca57c001182/history/2026-09-26/20260926T115150Z-0f94a562.json.gz
audit-input/history/2026-09-26/20260926T121005Z-38f703cc.json.gz.b64,651364,52d87f6d873c23ef4837c04ac68254f239c95d9e972610c8fc6d357781316735,archive_publique_dupliquee,"Archive compressée déjà versionnée ; copie base64 omise, restauration depuis le Git blob immuable.",https://raw.githubusercontent.com/Vadimrom-create/bitvavo-live/0fbc84babfe8567d40979e2a3f695ca57c001182/history/2026-09-26/20260926T121005Z-38f703cc.json.gz
audit-input/history/2026-09-26/20260926T123249Z-c2f604bf.json.gz.b64,633393,3f169f20f33909581c6bdf76de6dc6e97fdfaaf6e2278c892e25a9332448fe2a,archive_publique_dupliquee,"Archive compressée déjà versionnée ; copie base64 omise, restauration depuis le Git blob immuable.",https://raw.githubusercontent.com/Vadimrom-create/bitvavo-live/0fbc84babfe8567d40979e2a3f695ca57c001182/history/2026-09-26/20260926T123249Z-c2f604bf.json.gz
audit-input/history/2026-09-26/20260926T125104Z-5563a77e.json.gz.b64,643141,9405860ae1bb9ba20689b8b2a811aed2df783a0b4153729e4977fa4f1996ebd5,archive_publique_dupliquee,"Archive compressée déjà versionnée ; copie base64 omise, restauration depuis le Git blob immuable.",https://raw.githubusercontent.com/Vadimrom-create/bitvavo-live/0fbc84babfe8567d40979e2a3f695ca57c001182/history/2026-09-26/20260926T125104Z-5563a77e.json.gz
audit-input/history/2026-09-26/20260926T130609Z-ef1edbee.json.gz.b64,633157,ad805365c0934213dc02d64d9b4fed071ea30b8ada5847297925d2e3341ae907,archive_publique_dupliquee,"Archive compressée déjà versionnée ; copie base64 omise, restauration depuis le Git blob immuable.",https://raw.githubusercontent.com/Vadimrom-create/bitvavo-live/0fbc84babfe8567d40979e2a3f695ca57c001182/history/2026-09-26/20260926T130609Z-ef1edbee.json.gz
audit-input/history/2026-09-26/20260926T132320Z-c7fe4578.json.gz.b64,632271,54ceb0b0819e3156eec4aa9b85269bc29f4c42eb5a6abc3b153a90a56f5be199,archive_publique_dupliquee,"Archive compressée déjà versionnée ; copie base64 omise, restauration depuis le Git blob immuable.",https://raw.githubusercontent.com/Vadimrom-create/bitvavo-live/0fbc84babfe8567d40979e2a3f695ca57c001182/history/2026-09-26/20260926T132320Z-c7fe4578.json.gz
audit-input/history/2026-09-26/20260926T133922Z-6615e906.json.gz.b64,641429,671eb56d92fc1bbd2ff873447bbeb5949b14f5ddbb8d5d034403210706bfb541,archive_publique_dupliquee,"Archive compressée déjà versionnée ; copie base64 omise, restauration depuis le Git blob immuable.",https://raw.githubusercontent.com/Vadimrom-create/bitvavo-live/0fbc84babfe8567d40979e2a3f695ca57c001182/history/2026-09-26/20260926T133922Z-6615e906.json.gz
audit-input/history/2026-09-26/20260926T135218Z-f606a039.json.gz.b64,629985,dc27a8381aba7503d39528b66af5a7ee1ac7ca1e89bb0dcb8591987ab76227af,archive_publique_dupliquee,"Archive compressée déjà versionnée ; copie base64 omise, restauration depuis le Git blob immuable.",https://raw.githubusercontent.com/Vadimrom-create/bitvavo-live/0fbc84babfe8567d40979e2a3f695ca57c001182/history/2026-09-26/20260926T135218Z-f606a039.json.gz
audit-input/history/2026-09-26/20260926T140906Z-de4b4000.json.gz.b64,642429,723c86017f248f4d5698b60a4f014475dea30fe07171ad768de9395e5a0e7d8d,archive_publique_dupliquee,"Archive compressée déjà versionnée ; copie base64 omise, restauration depuis le Git blob immuable.",https://raw.githubusercontent.com/Vadimrom-create/bitvavo-live/0fbc84babfe8567d40979e2a3f695ca57c001182/history/2026-09-26/20260926T140906Z-de4b4000.json.gz
audit-input/history/2026-09-26/20260926T142741Z-da25a8b0.json.gz.b64,641974,b91e3b932bbaae91aa34d18d2f5e28fa07949ab7581c0d682a7aa4ba6fbdb6cb,archive_publique_dupliquee,"Archive compressée déjà versionnée ; copie base64 omise, restauration depuis le Git blob immuable.",https://raw.githubusercontent.com/Vadimrom-create/bitvavo-live/0fbc84babfe8567d40979e2a3f695ca57c001182/history/2026-09-26/20260926T142741Z-da25a8b0.json.gz
audit-input/history/2026-09-26/20260926T144423Z-128ef711.json.gz.b64,638289,00382a8df41746f16c255db40f841fc802fba7ad5f36da264d896ddde5d6a242,archive_publique_dupliquee,"Archive compressée déjà versionnée ; copie base64 omise, restauration depuis le Git blob immuable.",https://raw.githubusercontent.com/Vadimrom-create/bitvavo-live/0fbc84babfe8567d40979e2a3f695ca57c001182/history/2026-09-26/20260926T144423Z-128ef711.json.gz
audit-input/history/2026-09-26/20260926T145700Z-a41f1c93.json.gz.b64,636370,18b6d31dd79d83ba88f81a8a4da7d4331cb9e55a70aa49c9127c09a050532204,archive_publique_dupliquee,"Archive compressée déjà versionnée ; copie base64 omise, restauration depuis le Git blob immuable.",https://raw.githubusercontent.com/Vadimrom-create/bitvavo-live/0fbc84babfe8567d40979e2a3f695ca57c001182/history/2026-09-26/20260926T145700Z-a41f1c93.json.gz
audit-input/history/2026-09-26/20260926T151716Z-284c987e.json.gz.b64,655503,ea2a101e6db90047fa01940dbc8af4aa0f6bbf2713e1170b5395f5c95a3a1dc8,archive_publique_dupliquee,"Archive compressée déjà versionnée ; copie base64 omise, restauration depuis le Git blob immuable.",https://raw.githubusercontent.com/Vadimrom-create/bitvavo-live/0fbc84babfe8567d40979e2a3f695ca57c001182/history/2026-09-26/20260926T151716Z-284c987e.json.gz
audit-input/history/2026-09-26/20260926T153453Z-1672b462.json.gz.b64,668773,4e0a614c84de25981d06ac8fbd9f2243e873f6b95989f1fdeda17dcb70cdd347,archive_publique_dupliquee,"Archive compressée déjà versionnée ; copie base64 omise, restauration depuis le Git blob immuable.",https://raw.githubusercontent.com/Vadimrom-create/bitvavo-live/0fbc84babfe8567d40979e2a3f695ca57c001182/history/2026-09-26/20260926T153453Z-1672b462.json.gz
audit-input/history/2026-09-26/20260926T155005Z-3f598c88.json.gz.b64,654942,2beacc213caf35bec4c9ad91ee3c03810bcd06183cfb731b7fe5aa52b532a0a3,archive_publique_dupliquee,"Archive compressée déjà versionnée ; copie base64 omise, restauration depuis le Git blob immuable.",https://raw.githubusercontent.com/Vadimrom-create/bitvavo-live/0fbc84babfe8567d40979e2a3f695ca57c001182/history/2026-09-26/20260926T155005Z-3f598c88.json.gz
audit-input/history/2026-09-26/20260926T160519Z-3ce8d6e5.json.gz.b64,656061,4cc5694b3718321b10fe58eac4d264e29ed0bba799d4b9b04456ea93cc7cc579,archive_publique_dupliquee,"Archive compressée déjà versionnée ; copie base64 omise, restauration depuis le Git blob immuable.",https://raw.githubusercontent.com/Vadimrom-create/bitvavo-live/0fbc84babfe8567d40979e2a3f695ca57c001182/history/2026-09-26/20260926T160519Z-3ce8d6e5.json.gz
audit-input/history/2026-09-26/20260926T162429Z-00bf612d.json.gz.b64,661624,be3888d57611d158f808f6b74549a77c03ce355f704bbba0f147afbe6f5eeed9,archive_publique_dupliquee,"Archive compressée déjà versionnée ; copie base64 omise, restauration depuis le Git blob immuable.",https://raw.githubusercontent.com/Vadimrom-create/bitvavo-live/0fbc84babfe8567d40979e2a3f695ca57c001182/history/2026-09-26/20260926T162429Z-00bf612d.json.gz
audit-input/history/2026-09-26/20260926T164205Z-439193fc.json.gz.b64,655300,d29c757c4da988b8351f3f3a0dc81ecd3cc6dddf3a8ac1e5766e7db82d06bc1a,archive_publique_dupliquee,"Archive compressée déjà versionnée ; copie base64 omise, restauration depuis le Git blob immuable.",https://raw.githubusercontent.com/Vadimrom-create/bitvavo-live/0fbc84babfe8567d40979e2a3f695ca57c001182/history/2026-09-26/20260926T164205Z-439193fc.json.gz
audit-input/history/2026-09-26/20260926T165533Z-3e1d6ecb.json.gz.b64,649074,4cb38f534ecd004603f1075e953e37c5b83108982dea71e4241d1e1f8c891e9a,archive_publique_dupliquee,"Archive compressée déjà versionnée ; copie base64 omise, restauration depuis le Git blob immuable.",https://raw.githubusercontent.com/Vadimrom-create/bitvavo-live/0fbc84babfe8567d40979e2a3f695ca57c001182/history/2026-09-26/20260926T165533Z-3e1d6ecb.json.gz
audit-input/history/2026-09-26/20260926T171425Z-dc530c9b.json.gz.b64,643987,3fbbd262877951b4105c60f882bb99a8a5fa27e6224a0026c440371c91c3a093,archive_publique_dupliquee,"Archive compressée déjà versionnée ; copie base64 omise, restauration depuis le Git blob immuable.",https://raw.githubusercontent.com/Vadimrom-create/bitvavo-live/0fbc84babfe8567d40979e2a3f695ca57c001182/history/2026-09-26/20260926T171425Z-dc530c9b.json.gz
audit-input/history/2026-09-26/20260926T173131Z-a5d8c93b.json.gz.b64,641246,b130a7ea0e7a08531dca2b34b9a52c2f4bdcc868f1895f6613d5a3211bf9e949,archive_publique_dupliquee,"Archive compressée déjà versionnée ; copie base64 omise, restauration depuis le Git blob immuable.",https://raw.githubusercontent.com/Vadimrom-create/bitvavo-live/0fbc84babfe8567d40979e2a3f695ca57c001182/history/2026-09-26/20260926T173131Z-a5d8c93b.json.gz
audit-input/history/2026-09-26/20260926T174618Z-f94fb7ca.json.gz.b64,640538,fb2e249f6cccf1e84c08f0c421a941478fb30a0ab8c3443e462239f344d4ea7a,archive_publique_dupliquee,"Archive compressée déjà versionnée ; copie base64 omise, restauration depuis le Git blob immuable.",https://raw.githubusercontent.com/Vadimrom-create/bitvavo-live/0fbc84babfe8567d40979e2a3f695ca57c001182/history/2026-09-26/20260926T174618Z-f94fb7ca.json.gz
audit-input/history/2026-09-26/20260926T175940Z-bfd0f40f.json.gz.b64,630201,cc67784f9e03f9279a907f7a90d86ab47e2aacf130c3a18203d2cacb1e856e41,archive_publique_dupliquee,"Archive compressée déjà versionnée ; copie base64 omise, restauration depuis le Git blob immuable.",https://raw.githubusercontent.com/Vadimrom-create/bitvavo-live/0fbc84babfe8567d40979e2a3f695ca57c001182/history/2026-09-26/20260926T175940Z-bfd0f40f.json.gz
audit-input/history/2026-09-26/20260926T182230Z-ff41ac46.json.gz.b64,642441,d992acbd192fc5620a7de623872480758bb06f2475b19e49d539af17f649df02,archive_publique_dupliquee,"Archive compressée déjà versionnée ; copie base64 omise, restauration depuis le Git blob immuable.",https://raw.githubusercontent.com/Vadimrom-create/bitvavo-live/0fbc84babfe8567d40979e2a3f695ca57c001182/history/2026-09-26/20260926T182230Z-ff41ac46.json.gz
audit-input/history/2026-09-26/20260926T184208Z-22537584.json.gz.b64,647024,8c2e25a0d1420feea6c94bd77c58ecb5224224a47df8e9588be8ba5dcba92aa4,archive_publique_dupliquee,"Archive compressée déjà versionnée ; copie base64 omise, restauration depuis le Git blob immuable.",https://raw.githubusercontent.com/Vadimrom-create/bitvavo-live/0fbc84babfe8567d40979e2a3f695ca57c001182/history/2026-09-26/20260926T184208Z-22537584.json.gz
audit-input/history/2026-09-26/20260926T185730Z-7a58b58e.json.gz.b64,639119,3de2ed5554e2e9a6ee323a7cfa1b89471bd72d96867170c0af08c24cf62a0c10,archive_publique_dupliquee,"Archive compressée déjà versionnée ; copie base64 omise, restauration depuis le Git blob immuable.",https://raw.githubusercontent.com/Vadimrom-create/bitvavo-live/0fbc84babfe8567d40979e2a3f695ca57c001182/history/2026-09-26/20260926T185730Z-7a58b58e.json.gz
audit-input/history/2026-09-26/20260926T191606Z-fa199451.json.gz.b64,630920,031e85b73b8baa3cd17443ccb2d30e1e8e68a6f825fb1f6f644fa59691148e13,archive_publique_dupliquee,"Archive compressée déjà versionnée ; copie base64 omise, restauration depuis le Git blob immuable.",https://raw.githubusercontent.com/Vadimrom-create/bitvavo-live/0fbc84babfe8567d40979e2a3f695ca57c001182/history/2026-09-26/20260926T191606Z-fa199451.json.gz
audit-input/history/2026-09-26/20260926T193050Z-8b327969.json.gz.b64,620119,df0067a8219991695cddd1fbbc58a302ba1981785869c57c62bba301d5f75bed,archive_publique_dupliquee,"Archive compressée déjà versionnée ; copie base64 omise, restauration depuis le Git blob immuable.",https://raw.githubusercontent.com/Vadimrom-create/bitvavo-live/0fbc84babfe8567d40979e2a3f695ca57c001182/history/2026-09-26/20260926T193050Z-8b327969.json.gz
audit-input/history/2026-09-26/20260926T194435Z-521535ae.json.gz.b64,616760,d918c3170323332463601da05a4f9bd97eab82c2f68e60b30e090fde1d5aa4fb,archive_publique_dupliquee,"Archive compressée déjà versionnée ; copie base64 omise, restauration depuis le Git blob immuable.",https://raw.githubusercontent.com/Vadimrom-create/bitvavo-live/0fbc84babfe8567d40979e2a3f695ca57c001182/history/2026-09-26/20260926T194435Z-521535ae.json.gz
audit-input/history/2026-09-26/20260926T195723Z-fc78bc78.json.gz.b64,623934,d5c1c1c69a6f66d2513133226556b61733d7f492d793f13d70f03fa495592958,archive_publique_dupliquee,"Archive compressée déjà versionnée ; copie base64 omise, restauration depuis le Git blob immuable.",https://raw.githubusercontent.com/Vadimrom-create/bitvavo-live/0fbc84babfe8567d40979e2a3f695ca57c001182/history/2026-09-26/20260926T195723Z-fc78bc78.json.gz
audit-input/history/2026-09-26/20260926T201719Z-c2d133ac.json.gz.b64,633393,243982b1dad10d87832cfe1517a157b4951b45efe6c5060ae3c40cd687c34c97,archive_publique_dupliquee,"Archive compressée déjà versionnée ; copie base64 omise, restauration depuis le Git blob immuable.",https://raw.githubusercontent.com/Vadimrom-create/bitvavo-live/0fbc84babfe8567d40979e2a3f695ca57c001182/history/2026-09-26/20260926T201719Z-c2d133ac.json.gz
audit-input/history/2026-09-26/20260926T203332Z-d2fc5b41.json.gz.b64,635422,6684bf5c04220edce3b089eed64beaf5454578f680ffd6a61cfec5a74a050c26,archive_publique_dupliquee,"Archive compressée déjà versionnée ; copie base64 omise, restauration depuis le Git blob immuable.",https://raw.githubusercontent.com/Vadimrom-create/bitvavo-live/0fbc84babfe8567d40979e2a3f695ca57c001182/history/2026-09-26/20260926T203332Z-d2fc5b41.json.gz
audit-input/history/2026-09-26/20260926T204814Z-e03bcbdd.json.gz.b64,634324,4516ef000d67462ffcdfb2f66cb4671efbaaf0a85ccd1b11cf50d6b593bde1fd,archive_publique_dupliquee,"Archive compressée déjà versionnée ; copie base64 omise, restauration depuis le Git blob immuable.",https://raw.githubusercontent.com/Vadimrom-create/bitvavo-live/0fbc84babfe8567d40979e2a3f695ca57c001182/history/2026-09-26/20260926T204814Z-e03bcbdd.json.gz
audit-input/history/2026-09-26/20260926T210118Z-bf549707.json.gz.b64,634670,4a58170be4b3f547408523a0f1f92843c8d5c823479f1c18ec4f01fa14c8024e,archive_publique_dupliquee,"Archive compressée déjà versionnée ; copie base64 omise, restauration depuis le Git blob immuable.",https://raw.githubusercontent.com/Vadimrom-create/bitvavo-live/0fbc84babfe8567d40979e2a3f695ca57c001182/history/2026-09-26/20260926T210118Z-bf549707.json.gz
audit-input/history/2026-09-26/20260926T212048Z-5c3c5099.json.gz.b64,649627,ce7d2e816e0be74c5acde611ae8d1faf006696df816abc8c666e3b61ba186e49,archive_publique_dupliquee,"Archive compressée déjà versionnée ; copie base64 omise, restauration depuis le Git blob immuable.",https://raw.githubusercontent.com/Vadimrom-create/bitvavo-live/0fbc84babfe8567d40979e2a3f695ca57c001182/history/2026-09-26/20260926T212048Z-5c3c5099.json.gz
audit-input/history/2026-09-26/20260926T213645Z-ade18b44.json.gz.b64,653893,0c3684f57652a767c5d786dcd93bbae35225e0d6365fbe7886b3e0df27ead452,archive_publique_dupliquee,"Archive compressée déjà versionnée ; copie base64 omise, restauration depuis le Git blob immuable.",https://raw.githubusercontent.com/Vadimrom-create/bitvavo-live/0fbc84babfe8567d40979e2a3f695ca57c001182/history/2026-09-26/20260926T213645Z-ade18b44.json.gz
audit-input/history/2026-09-26/20260926T215001Z-492389da.json.gz.b64,644324,244f1cbd9303cda3a7bcefb861ca222129e7a998449b7d06ec88684cc3de1916,archive_publique_dupliquee,"Archive compressée déjà versionnée ; copie base64 omise, restauration depuis le Git blob immuable.",https://raw.githubusercontent.com/Vadimrom-create/bitvavo-live/0fbc84babfe8567d40979e2a3f695ca57c001182/history/2026-09-26/20260926T215001Z-492389da.json.gz
audit-input/history/2026-09-26/20260926T220427Z-75deb6a9.json.gz.b64,639481,135e17638c0909f38f2d4615aa476ef0cc293ab9b7fb47b52503184e9fdfc224,archive_publique_dupliquee,"Archive compressée déjà versionnée ; copie base64 omise, restauration depuis le Git blob immuable.",https://raw.githubusercontent.com/Vadimrom-create/bitvavo-live/0fbc84babfe8567d40979e2a3f695ca57c001182/history/2026-09-26/20260926T220427Z-75deb6a9.json.gz
audit-input/history/2026-09-26/20260926T222222Z-656a50c5.json.gz.b64,641502,bcff28edddb2fd43e1d96a1031229a8d3443cc7fd34385b09d174b099b3eb5a1,archive_publique_dupliquee,"Archive compressée déjà versionnée ; copie base64 omise, restauration depuis le Git blob immuable.",https://raw.githubusercontent.com/Vadimrom-create/bitvavo-live/0fbc84babfe8567d40979e2a3f695ca57c001182/history/2026-09-26/20260926T222222Z-656a50c5.json.gz
audit-input/history/2026-09-26/20260926T223902Z-819cfb88.json.gz.b64,636744,256ba0923d0ea0ebcc7aca28536f8987b159816cc2ae7bb0e38a7073d096b51c,archive_publique_dupliquee,"Archive compressée déjà versionnée ; copie base64 omise, restauration depuis le Git blob immuable.",https://raw.githubusercontent.com/Vadimrom-create/bitvavo-live/0fbc84babfe8567d40979e2a3f695ca57c001182/history/2026-09-26/20260926T223902Z-819cfb88.json.gz
audit-input/history/2026-09-26/20260926T225345Z-b77284aa.json.gz.b64,628200,91881e2e19451cbcbd5aef942da2433195c7187b2153aadd99af893bfafc0287,archive_publique_dupliquee,"Archive compressée déjà versionnée ; copie base64 omise, restauration depuis le Git blob immuable.",https://raw.githubusercontent.com/Vadimrom-create/bitvavo-live/0fbc84babfe8567d40979e2a3f695ca57c001182/history/2026-09-26/20260926T225345Z-b77284aa.json.gz
audit-input/history/2026-09-26/20260926T231128Z-ca0bdef3.json.gz.b64,625849,1180085f5d3a9d7f34609b2d7072d659e120b3a43f20fe976259195007b02bc5,archive_publique_dupliquee,"Archive compressée déjà versionnée ; copie base64 omise, restauration depuis le Git blob immuable.",https://raw.githubusercontent.com/Vadimrom-create/bitvavo-live/0fbc84babfe8567d40979e2a3f695ca57c001182/history/2026-09-26/20260926T231128Z-ca0bdef3.json.gz
audit-input/history/2026-09-26/20260926T232739Z-a2d7c766.json.gz.b64,624019,6f922f790c5e90f3542447f746e1b7f4225196cf45c417ee6188c6d846ca25c7,archive_publique_dupliquee,"Archive compressée déjà versionnée ; copie base64 omise, restauration depuis le Git blob immuable.",https://raw.githubusercontent.com/Vadimrom-create/bitvavo-live/0fbc84babfe8567d40979e2a3f695ca57c001182/history/2026-09-26/20260926T232739Z-a2d7c766.json.gz
audit-input/history/2026-09-26/20260926T234247Z-61213e17.json.gz.b64,614601,20925a66de2f43c97764193117f9699d243481c7e3b3b7f5d4cb9f14d48517aa,archive_publique_dupliquee,"Archive compressée déjà versionnée ; copie base64 omise, restauration depuis le Git blob immuable.",https://raw.githubusercontent.com/Vadimrom-create/bitvavo-live/0fbc84babfe8567d40979e2a3f695ca57c001182/history/2026-09-26/20260926T234247Z-61213e17.json.gz
audit-input/history/2026-09-26/20260926T235539Z-75a600d7.json.gz.b64,612946,1dfa310c86f62d96b60b6bb5ab900fbf82850381e09534a7d110dc3b33f1794c,archive_publique_dupliquee,"Archive compressée déjà versionnée ; copie base64 omise, restauration depuis le Git blob immuable.",https://raw.githubusercontent.com/Vadimrom-create/bitvavo-live/0fbc84babfe8567d40979e2a3f695ca57c001182/history/2026-09-26/20260926T235539Z-75a600d7.json.gz
audit-input/history/2026-09-27/20260927T002351Z-865925ce.json.gz.b64,631514,9f1d4afafb03c5c838a4ee74920341605087abe13165c13054a0b58106c07433,archive_publique_dupliquee,"Archive compressée déjà versionnée ; copie base64 omise, restauration depuis le Git blob immuable.",https://raw.githubusercontent.com/Vadimrom-create/bitvavo-live/0fbc84babfe8567d40979e2a3f695ca57c001182/history/2026-09-27/20260927T002351Z-865925ce.json.gz
audit-input/history/2026-09-27/20260927T004640Z-19896dd4.json.gz.b64,607025,cae41418ad0c274418646cb63e03723f88c1bc617e46373d399adcd6c17bfe75,archive_publique_dupliquee,"Archive compressée déjà versionnée ; copie base64 omise, restauration depuis le Git blob immuable.",https://raw.githubusercontent.com/Vadimrom-create/bitvavo-live/0fbc84babfe8567d40979e2a3f695ca57c001182/history/2026-09-27/20260927T004640Z-19896dd4.json.gz
audit-input/rejection_commits_page1.json,339102,8a3b35ed06dc412569f54857b50fd45b93cbfbb7b352d9cde7cf0042023a048c,cache_metadonnees,"Cache de pages GitHub dupliquées, avec métadonnées personnelles inutiles ; les preuves de publication nécessaires restent exportées.",audit-input/revalidation_publication_evidence.json
audit-input/rejection_commits_page2.json,339102,30476a6d6671fdce2e89cc32fbfb6c00763d4efb09c55dad750f0d921def0e73,cache_metadonnees,"Cache de pages GitHub dupliquées, avec métadonnées personnelles inutiles ; les preuves de publication nécessaires restent exportées.",audit-input/revalidation_publication_evidence.json
audit-input/rejection_commits_page3.json,338670,d124bf028295771567a56952f69eb19e59dbd0697786c1c913701ec218ded381,cache_metadonnees,"Cache de pages GitHub dupliquées, avec métadonnées personnelles inutiles ; les preuves de publication nécessaires restent exportées.",audit-input/revalidation_publication_evidence.json
audit-input/rejection_commits_page4.json,337802,bc01104a8633508dc844ac31548675882f94f61bd593537f324f4b8c137d8c6e,cache_metadonnees,"Cache de pages GitHub dupliquées, avec métadonnées personnelles inutiles ; les preuves de publication nécessaires restent exportées.",audit-input/revalidation_publication_evidence.json
audit-input/rejection_commits_page5.json,226328,6d275ee39629638c530db6d49d25e65796084906790ad0196598655f2c8b3437,cache_metadonnees,"Cache de pages GitHub dupliquées, avec métadonnées personnelles inutiles ; les preuves de publication nécessaires restent exportées.",audit-input/revalidation_publication_evidence.json
audit-input/rejection_commits_page6.json,3,37517e5f3dc66819f61f5a7bb8ace1921282415f10551d2defa5c3eb0985b570,cache_metadonnees,"Cache de pages GitHub dupliquées, avec métadonnées personnelles inutiles ; les preuves de publication nécessaires restent exportées.",audit-input/revalidation_publication_evidence.json
audit-input/repository_tree.json,976732,20c36c5babea23e4b6017a3127bd74bc5c2e8149c743b7dc281276eb63f80b20,cache_metadonnees,"Arbre Git complet public, récupérable au ref immuable ; références utiles dans manifest.json et SOURCE_ARCHIVES.json.",https://api.github.com/repos/Vadimrom-create/bitvavo-live/git/trees/0fbc84babfe8567d40979e2a3f695ca57c001182?recursive=1
