market,decision_utc,h,target_r,entry,stop,tp,stake,score,post_range_gate,mature,coverage,bars,expected_bars,result,gross_pct,net_pct,gross_r,net_r,mfe_pct,mae_pct,minutes_to_peak,exit_utc,ambiguous_stop_tp,gap_below_stop,captured_positive_upside,net_pnl_guide_eur,fee_plus_slippage_each_side
STX-EUR,2026-09-21T00:00:29.036686+00:00,4,1.4,0.29275,0.28147,0.30854200000000004,,7.341,False,True,1.0,47,47,STOP,-3.8531,-4.5238,-1.0,-1.0,0.7652,-4.3553,9.52,2026-09-21T01:55:00+00:00,False,False,0.0,-0.0,0.0035
STX-EUR,2026-09-21T00:00:29.036686+00:00,4,1.5,0.29275,0.28147,0.30967,,7.341,False,True,1.0,47,47,STOP,-3.8531,-4.5238,-1.0,-1.0,0.7652,-4.3553,9.52,2026-09-21T01:55:00+00:00,False,False,0.0,-0.0,0.0035
STX-EUR,2026-09-21T00:00:29.036686+00:00,4,1.6,0.29275,0.28147,0.310798,,7.341,False,True,1.0,47,47,STOP,-3.8531,-4.5238,-1.0,-1.0,0.7652,-4.3553,9.52,2026-09-21T01:55:00+00:00,False,False,0.0,-0.0,0.0035
STX-EUR,2026-09-21T00:00:29.036686+00:00,4,2,0.29275,0.28147,0.31531,,7.341,False,True,1.0,47,47,STOP,-3.8531,-4.5238,-1.0,-1.0,0.7652,-4.3553,9.52,2026-09-21T01:55:00+00:00,False,False,0.0,-0.0,0.0035
STX-EUR,2026-09-21T00:00:29.036686+00:00,12,1.4,0.29275,0.28147,0.30854200000000004,,7.341,False,True,1.0,143,143,STOP,-3.8531,-4.5238,-1.0,-1.0,0.8574,-5.6465,569.52,2026-09-21T01:55:00+00:00,False,False,0.0,-0.0,0.0035
STX-EUR,2026-09-21T00:00:29.036686+00:00,12,1.5,0.29275,0.28147,0.30967,,7.341,False,True,1.0,143,143,STOP,-3.8531,-4.5238,-1.0,-1.0,0.8574,-5.6465,569.52,2026-09-21T01:55:00+00:00,False,False,0.0,-0.0,0.0035
STX-EUR,2026-09-21T00:00:29.036686+00:00,12,1.6,0.29275,0.28147,0.310798,,7.341,False,True,1.0,143,143,STOP,-3.8531,-4.5238,-1.0,-1.0,0.8574,-5.6465,569.52,2026-09-21T01:55:00+00:00,False,False,0.0,-0.0,0.0035
STX-EUR,2026-09-21T00:00:29.036686+00:00,12,2,0.29275,0.28147,0.31531,,7.341,False,True,1.0,143,143,STOP,-3.8531,-4.5238,-1.0,-1.0,0.8574,-5.6465,569.52,2026-09-21T01:55:00+00:00,False,False,0.0,-0.0,0.0035
STX-EUR,2026-09-21T00:00:29.036686+00:00,24,1.4,0.29275,0.28147,0.30854200000000004,,7.341,False,True,1.0,287,287,STOP,-3.8531,-4.5238,-1.0,-1.0,3.9453,-5.6465,1249.52,2026-09-21T01:55:00+00:00,False,False,0.0,-0.0,0.0035
STX-EUR,2026-09-21T00:00:29.036686+00:00,24,1.5,0.29275,0.28147,0.30967,,7.341,False,True,1.0,287,287,STOP,-3.8531,-4.5238,-1.0,-1.0,3.9453,-5.6465,1249.52,2026-09-21T01:55:00+00:00,False,False,0.0,-0.0,0.0035
STX-EUR,2026-09-21T00:00:29.036686+00:00,24,1.6,0.29275,0.28147,0.310798,,7.341,False,True,1.0,287,287,STOP,-3.8531,-4.5238,-1.0,-1.0,3.9453,-5.6465,1249.52,2026-09-21T01:55:00+00:00,False,False,0.0,-0.0,0.0035
STX-EUR,2026-09-21T00:00:29.036686+00:00,24,2,0.29275,0.28147,0.31531,,7.341,False,True,1.0,287,287,STOP,-3.8531,-4.5238,-1.0,-1.0,3.9453,-5.6465,1249.52,2026-09-21T01:55:00+00:00,False,False,0.0,-0.0,0.0035
SUI-EUR,2026-09-21T00:28:58.593462+00:00,4,1.4,0.81961,0.76828,0.8914719999999999,,8.174,False,True,1.0,47,47,HORIZON_MARK,0.2916,-0.408,0.0466,-0.059,1.3311,-2.8806,226.02,2026-09-21T04:25:00+00:00,False,False,0.2191,-0.0,0.0035
SUI-EUR,2026-09-21T00:28:58.593462+00:00,4,1.5,0.81961,0.76828,0.8966049999999999,,8.174,False,True,1.0,47,47,HORIZON_MARK,0.2916,-0.408,0.0466,-0.059,1.3311,-2.8806,226.02,2026-09-21T04:25:00+00:00,False,False,0.2191,-0.0,0.0035
SUI-EUR,2026-09-21T00:28:58.593462+00:00,4,1.6,0.81961,0.76828,0.9017379999999999,,8.174,False,True,1.0,47,47,HORIZON_MARK,0.2916,-0.408,0.0466,-0.059,1.3311,-2.8806,226.02,2026-09-21T04:25:00+00:00,False,False,0.2191,-0.0,0.0035
SUI-EUR,2026-09-21T00:28:58.593462+00:00,4,2,0.81961,0.76828,0.92226,,8.174,False,True,1.0,47,47,HORIZON_MARK,0.2916,-0.408,0.0466,-0.059,1.3311,-2.8806,226.02,2026-09-21T04:25:00+00:00,False,False,0.2191,-0.0,0.0035
SUI-EUR,2026-09-21T00:28:58.593462+00:00,12,1.4,0.81961,0.76828,0.8914719999999999,,8.174,False,True,1.0,143,143,TP,8.7678,8.0091,1.4,1.158,9.9779,-2.8806,671.02,2026-09-21T11:10:00+00:00,False,False,0.8787,0.0,0.0035
SUI-EUR,2026-09-21T00:28:58.593462+00:00,12,1.5,0.81961,0.76828,0.8966049999999999,,8.174,False,True,1.0,143,143,TP,9.3941,8.631,1.5,1.2479,9.9779,-2.8806,671.02,2026-09-21T11:35:00+00:00,False,False,0.9415,0.0,0.0035
SUI-EUR,2026-09-21T00:28:58.593462+00:00,12,1.6,0.81961,0.76828,0.9017379999999999,,8.174,False,True,1.0,143,143,HORIZON_MARK,8.9347,8.1749,1.4267,1.1819,9.9779,-2.8806,671.02,2026-09-21T12:25:00+00:00,False,False,0.8955,0.0,0.0035
SUI-EUR,2026-09-21T00:28:58.593462+00:00,12,2,0.81961,0.76828,0.92226,,8.174,False,True,1.0,143,143,HORIZON_MARK,8.9347,8.1749,1.4267,1.1819,9.9779,-2.8806,671.02,2026-09-21T12:25:00+00:00,False,False,0.8955,0.0,0.0035
SUI-EUR,2026-09-21T00:28:58.593462+00:00,24,1.4,0.81961,0.76828,0.8914719999999999,,8.174,False,True,1.0,287,287,TP,8.7678,8.0091,1.4,1.158,12.4413,-2.8806,766.02,2026-09-21T11:10:00+00:00,False,False,0.7047,0.0,0.0035
SUI-EUR,2026-09-21T00:28:58.593462+00:00,24,1.5,0.81961,0.76828,0.8966049999999999,,8.174,False,True,1.0,287,287,TP,9.3941,8.631,1.5,1.2479,12.4413,-2.8806,766.02,2026-09-21T11:35:00+00:00,False,False,0.7551,0.0,0.0035
SUI-EUR,2026-09-21T00:28:58.593462+00:00,24,1.6,0.81961,0.76828,0.9017379999999999,,8.174,False,True,1.0,287,287,TP,10.0204,9.2529,1.6,1.3378,12.4413,-2.8806,766.02,2026-09-21T12:40:00+00:00,False,False,0.8054,0.0,0.0035
SUI-EUR,2026-09-21T00:28:58.593462+00:00,24,2,0.81961,0.76828,0.92226,,8.174,False,True,1.0,287,287,HORIZON_MARK,11.8605,11.0802,1.8938,1.602,12.4413,-2.8806,766.02,2026-09-22T00:25:00+00:00,False,False,0.9533,0.0,0.0035
LDO-EUR,2026-09-21T00:51:15.289104+00:00,4,1.4,0.38362,0.36472,0.41008000000000006,,8.945,False,True,1.0,47,47,HORIZON_MARK,-1.8612,-2.5458,-0.3778,-0.4554,2.5885,-3.0994,33.75,2026-09-21T04:50:00+00:00,False,False,0.0,-0.0,0.0035
LDO-EUR,2026-09-21T00:51:15.289104+00:00,4,1.5,0.38362,0.36472,0.41197000000000006,,8.945,False,True,1.0,47,47,HORIZON_MARK,-1.8612,-2.5458,-0.3778,-0.4554,2.5885,-3.0994,33.75,2026-09-21T04:50:00+00:00,False,False,0.0,-0.0,0.0035
LDO-EUR,2026-09-21T00:51:15.289104+00:00,4,1.6,0.38362,0.36472,0.41386000000000006,,8.945,False,True,1.0,47,47,HORIZON_MARK,-1.8612,-2.5458,-0.3778,-0.4554,2.5885,-3.0994,33.75,2026-09-21T04:50:00+00:00,False,False,0.0,-0.0,0.0035
LDO-EUR,2026-09-21T00:51:15.289104+00:00,4,2,0.38362,0.36472,0.42142,,8.945,False,True,1.0,47,47,HORIZON_MARK,-1.8612,-2.5458,-0.3778,-0.4554,2.5885,-3.0994,33.75,2026-09-21T04:50:00+00:00,False,False,0.0,-0.0,0.0035
LDO-EUR,2026-09-21T00:51:15.289104+00:00,12,1.4,0.38362,0.36472,0.41008000000000006,,8.945,False,True,1.0,143,143,HORIZON_MARK,-0.1538,-0.8503,-0.0312,-0.1521,2.5885,-3.0994,33.75,2026-09-21T12:50:00+00:00,False,False,0.0,-0.0,0.0035
LDO-EUR,2026-09-21T00:51:15.289104+00:00,12,1.5,0.38362,0.36472,0.41197000000000006,,8.945,False,True,1.0,143,143,HORIZON_MARK,-0.1538,-0.8503,-0.0312,-0.1521,2.5885,-3.0994,33.75,2026-09-21T12:50:00+00:00,False,False,0.0,-0.0,0.0035
LDO-EUR,2026-09-21T00:51:15.289104+00:00,12,1.6,0.38362,0.36472,0.41386000000000006,,8.945,False,True,1.0,143,143,HORIZON_MARK,-0.1538,-0.8503,-0.0312,-0.1521,2.5885,-3.0994,33.75,2026-09-21T12:50:00+00:00,False,False,0.0,-0.0,0.0035
LDO-EUR,2026-09-21T00:51:15.289104+00:00,12,2,0.38362,0.36472,0.42142,,8.945,False,True,1.0,143,143,HORIZON_MARK,-0.1538,-0.8503,-0.0312,-0.1521,2.5885,-3.0994,33.75,2026-09-21T12:50:00+00:00,False,False,0.0,-0.0,0.0035
LDO-EUR,2026-09-21T00:51:15.289104+00:00,24,1.4,0.38362,0.36472,0.41008000000000006,,8.945,False,True,1.0,287,287,HORIZON_MARK,-1.4441,-2.1316,-0.2931,-0.3813,2.5885,-3.321,33.75,2026-09-22T00:50:00+00:00,False,False,0.0,-0.0,0.0035
LDO-EUR,2026-09-21T00:51:15.289104+00:00,24,1.5,0.38362,0.36472,0.41197000000000006,,8.945,False,True,1.0,287,287,HORIZON_MARK,-1.4441,-2.1316,-0.2931,-0.3813,2.5885,-3.321,33.75,2026-09-22T00:50:00+00:00,False,False,0.0,-0.0,0.0035
LDO-EUR,2026-09-21T00:51:15.289104+00:00,24,1.6,0.38362,0.36472,0.41386000000000006,,8.945,False,True,1.0,287,287,HORIZON_MARK,-1.4441,-2.1316,-0.2931,-0.3813,2.5885,-3.321,33.75,2026-09-22T00:50:00+00:00,False,False,0.0,-0.0,0.0035
LDO-EUR,2026-09-21T00:51:15.289104+00:00,24,2,0.38362,0.36472,0.42142,,8.945,False,True,1.0,287,287,HORIZON_MARK,-1.4441,-2.1316,-0.2931,-0.3813,2.5885,-3.321,33.75,2026-09-22T00:50:00+00:00,False,False,0.0,-0.0,0.0035
MORPHO-EUR,2026-09-21T01:05:35.816577+00:00,4,1.4,2.43888,2.33865,2.5792020000000004,,6.672,False,True,1.0,47,47,HORIZON_MARK,-0.5781,-1.2717,-0.1407,-0.2661,1.561,-3.2749,169.4,2026-09-21T05:05:00+00:00,False,False,0.0,-0.0,0.0035
MORPHO-EUR,2026-09-21T01:05:35.816577+00:00,4,1.5,2.43888,2.33865,2.5892250000000008,,6.672,False,True,1.0,47,47,HORIZON_MARK,-0.5781,-1.2717,-0.1407,-0.2661,1.561,-3.2749,169.4,2026-09-21T05:05:00+00:00,False,False,0.0,-0.0,0.0035
MORPHO-EUR,2026-09-21T01:05:35.816577+00:00,4,1.6,2.43888,2.33865,2.5992480000000007,,6.672,False,True,1.0,47,47,HORIZON_MARK,-0.5781,-1.2717,-0.1407,-0.2661,1.561,-3.2749,169.4,2026-09-21T05:05:00+00:00,False,False,0.0,-0.0,0.0035
MORPHO-EUR,2026-09-21T01:05:35.816577+00:00,4,2,2.43888,2.33865,2.63934,,6.672,False,True,1.0,47,47,HORIZON_MARK,-0.5781,-1.2717,-0.1407,-0.2661,1.561,-3.2749,169.4,2026-09-21T05:05:00+00:00,False,False,0.0,-0.0,0.0035
MORPHO-EUR,2026-09-21T01:05:35.816577+00:00,12,1.4,2.43888,2.33865,2.5792020000000004,,6.672,False,True,1.0,143,143,HORIZON_MARK,-0.8721,-1.5636,-0.2122,-0.3272,1.561,-3.2749,169.4,2026-09-21T13:05:00+00:00,False,False,0.0,-0.0,0.0035
MORPHO-EUR,2026-09-21T01:05:35.816577+00:00,12,1.5,2.43888,2.33865,2.5892250000000008,,6.672,False,True,1.0,143,143,HORIZON_MARK,-0.8721,-1.5636,-0.2122,-0.3272,1.561,-3.2749,169.4,2026-09-21T13:05:00+00:00,False,False,0.0,-0.0,0.0035
MORPHO-EUR,2026-09-21T01:05:35.816577+00:00,12,1.6,2.43888,2.33865,2.5992480000000007,,6.672,False,True,1.0,143,143,HORIZON_MARK,-0.8721,-1.5636,-0.2122,-0.3272,1.561,-3.2749,169.4,2026-09-21T13:05:00+00:00,False,False,0.0,-0.0,0.0035
MORPHO-EUR,2026-09-21T01:05:35.816577+00:00,12,2,2.43888,2.33865,2.63934,,6.672,False,True,1.0,143,143,HORIZON_MARK,-0.8721,-1.5636,-0.2122,-0.3272,1.561,-3.2749,169.4,2026-09-21T13:05:00+00:00,False,False,0.0,-0.0,0.0035
MORPHO-EUR,2026-09-21T01:05:35.816577+00:00,24,1.4,2.43888,2.33865,2.5792020000000004,,6.672,False,True,1.0,287,287,STOP,-4.1097,-4.7786,-1.0,-1.0,1.561,-5.9097,169.4,2026-09-21T17:45:00+00:00,False,False,0.0,-0.0,0.0035
MORPHO-EUR,2026-09-21T01:05:35.816577+00:00,24,1.5,2.43888,2.33865,2.5892250000000008,,6.672,False,True,1.0,287,287,STOP,-4.1097,-4.7786,-1.0,-1.0,1.561,-5.9097,169.4,2026-09-21T17:45:00+00:00,False,False,0.0,-0.0,0.0035
MORPHO-EUR,2026-09-21T01:05:35.816577+00:00,24,1.6,2.43888,2.33865,2.5992480000000007,,6.672,False,True,1.0,287,287,STOP,-4.1097,-4.7786,-1.0,-1.0,1.561,-5.9097,169.4,2026-09-21T17:45:00+00:00,False,False,0.0,-0.0,0.0035
MORPHO-EUR,2026-09-21T01:05:35.816577+00:00,24,2,2.43888,2.33865,2.63934,,6.672,False,True,1.0,287,287,STOP,-4.1097,-4.7786,-1.0,-1.0,1.561,-5.9097,169.4,2026-09-21T17:45:00+00:00,False,False,0.0,-0.0,0.0035
VVV-EUR,2026-09-21T01:24:07.495398+00:00,4,1.4,27.0683,24.9591,30.02118,,8.369,False,True,1.0,47,47,HORIZON_MARK,4.8296,4.0984,0.6198,0.4859,6.9517,-2.4006,110.88,2026-09-21T05:20:00+00:00,False,False,0.6947,0.0,0.0035
VVV-EUR,2026-09-21T01:24:07.495398+00:00,4,1.5,27.0683,24.9591,30.232100000000003,,8.369,False,True,1.0,47,47,HORIZON_MARK,4.8296,4.0984,0.6198,0.4859,6.9517,-2.4006,110.88,2026-09-21T05:20:00+00:00,False,False,0.6947,0.0,0.0035
VVV-EUR,2026-09-21T01:24:07.495398+00:00,4,1.6,27.0683,24.9591,30.443020000000004,,8.369,False,True,1.0,47,47,HORIZON_MARK,4.8296,4.0984,0.6198,0.4859,6.9517,-2.4006,110.88,2026-09-21T05:20:00+00:00,False,False,0.6947,0.0,0.0035
VVV-EUR,2026-09-21T01:24:07.495398+00:00,4,2,27.0683,24.9591,31.2867,,8.369,False,True,1.0,47,47,HORIZON_MARK,4.8296,4.0984,0.6198,0.4859,6.9517,-2.4006,110.88,2026-09-21T05:20:00+00:00,False,False,0.6947,0.0,0.0035
VVV-EUR,2026-09-21T01:24:07.495398+00:00,12,1.4,27.0683,24.9591,30.02118,,8.369,False,True,1.0,143,143,TP,10.909,10.1353,1.4,1.2015,11.4082,-2.4006,410.88,2026-09-21T08:10:00+00:00,False,False,0.9562,0.0,0.0035
VVV-EUR,2026-09-21T01:24:07.495398+00:00,12,1.5,27.0683,24.9591,30.232100000000003,,8.369,False,True,1.0,143,143,HORIZON_MARK,4.0534,3.3276,0.5202,0.3945,11.4082,-2.4006,410.88,2026-09-21T13:20:00+00:00,False,False,0.3553,0.0,0.0035
VVV-EUR,2026-09-21T01:24:07.495398+00:00,12,1.6,27.0683,24.9591,30.443020000000004,,8.369,False,True,1.0,143,143,HORIZON_MARK,4.0534,3.3276,0.5202,0.3945,11.4082,-2.4006,410.88,2026-09-21T13:20:00+00:00,False,False,0.3553,0.0,0.0035
VVV-EUR,2026-09-21T01:24:07.495398+00:00,12,2,27.0683,24.9591,31.2867,,8.369,False,True,1.0,143,143,HORIZON_MARK,4.0534,3.3276,0.5202,0.3945,11.4082,-2.4006,410.88,2026-09-21T13:20:00+00:00,False,False,0.3553,0.0,0.0035
VVV-EUR,2026-09-21T01:24:07.495398+00:00,24,1.4,27.0683,24.9591,30.02118,,8.369,False,True,1.0,287,287,TP,10.909,10.1353,1.4,1.2015,11.4082,-2.4006,410.88,2026-09-21T08:10:00+00:00,False,False,0.9562,0.0,0.0035
VVV-EUR,2026-09-21T01:24:07.495398+00:00,24,1.5,27.0683,24.9591,30.232100000000003,,8.369,False,True,1.0,287,287,HORIZON_MARK,1.3983,0.691,0.1795,0.0819,11.4082,-2.4006,410.88,2026-09-22T01:20:00+00:00,False,False,0.1226,0.0,0.0035
VVV-EUR,2026-09-21T01:24:07.495398+00:00,24,1.6,27.0683,24.9591,30.443020000000004,,8.369,False,True,1.0,287,287,HORIZON_MARK,1.3983,0.691,0.1795,0.0819,11.4082,-2.4006,410.88,2026-09-22T01:20:00+00:00,False,False,0.1226,0.0,0.0035
VVV-EUR,2026-09-21T01:24:07.495398+00:00,24,2,27.0683,24.9591,31.2867,,8.369,False,True,1.0,287,287,HORIZON_MARK,1.3983,0.691,0.1795,0.0819,11.4082,-2.4006,410.88,2026-09-22T01:20:00+00:00,False,False,0.1226,0.0,0.0035
XPL-EUR,2026-09-21T01:41:34.378826+00:00,4,1.4,0.082007,0.077131,0.08883339999999998,,7.057,False,True,1.0,47,47,HORIZON_MARK,0.739,0.0362,0.1243,0.0055,4.4399,-2.3925,78.43,2026-09-21T05:40:00+00:00,False,False,0.1664,0.0,0.0035
XPL-EUR,2026-09-21T01:41:34.378826+00:00,4,1.5,0.082007,0.077131,0.08932099999999998,,7.057,False,True,1.0,47,47,HORIZON_MARK,0.739,0.0362,0.1243,0.0055,4.4399,-2.3925,78.43,2026-09-21T05:40:00+00:00,False,False,0.1664,0.0,0.0035
XPL-EUR,2026-09-21T01:41:34.378826+00:00,4,1.6,0.082007,0.077131,0.08980859999999999,,7.057,False,True,1.0,47,47,HORIZON_MARK,0.739,0.0362,0.1243,0.0055,4.4399,-2.3925,78.43,2026-09-21T05:40:00+00:00,False,False,0.1664,0.0,0.0035
XPL-EUR,2026-09-21T01:41:34.378826+00:00,4,2,0.082007,0.077131,0.091758,,7.057,False,True,1.0,47,47,HORIZON_MARK,0.739,0.0362,0.1243,0.0055,4.4399,-2.3925,78.43,2026-09-21T05:40:00+00:00,False,False,0.1664,0.0,0.0035
XPL-EUR,2026-09-21T01:41:34.378826+00:00,12,1.4,0.082007,0.077131,0.08883339999999998,,7.057,False,True,1.0,143,143,TP,8.3242,7.5685,1.4,1.1464,11.2161,-2.3925,648.43,2026-09-21T11:05:00+00:00,False,False,0.7422,0.0,0.0035
XPL-EUR,2026-09-21T01:41:34.378826+00:00,12,1.5,0.082007,0.077131,0.08932099999999998,,7.057,False,True,1.0,143,143,TP,8.9188,8.159,1.5,1.2358,11.2161,-2.3925,648.43,2026-09-21T11:05:00+00:00,False,False,0.7952,0.0,0.0035
XPL-EUR,2026-09-21T01:41:34.378826+00:00,12,1.6,0.082007,0.077131,0.08980859999999999,,7.057,False,True,1.0,143,143,TP,9.5133,8.7494,1.6,1.3253,11.2161,-2.3925,648.43,2026-09-21T11:05:00+00:00,False,False,0.8482,0.0,0.0035
XPL-EUR,2026-09-21T01:41:34.378826+00:00,12,2,0.082007,0.077131,0.091758,,7.057,False,True,1.0,143,143,HORIZON_MARK,7.8884,7.1358,1.3267,1.0809,11.2161,-2.3925,648.43,2026-09-21T13:40:00+00:00,False,False,0.7033,0.0,0.0035
XPL-EUR,2026-09-21T01:41:34.378826+00:00,24,1.4,0.082007,0.077131,0.08883339999999998,,7.057,False,True,1.0,287,287,TP,8.3242,7.5685,1.4,1.1464,11.2161,-2.3925,648.43,2026-09-21T11:05:00+00:00,False,False,0.7422,0.0,0.0035
XPL-EUR,2026-09-21T01:41:34.378826+00:00,24,1.5,0.082007,0.077131,0.08932099999999998,,7.057,False,True,1.0,287,287,TP,8.9188,8.159,1.5,1.2358,11.2161,-2.3925,648.43,2026-09-21T11:05:00+00:00,False,False,0.7952,0.0,0.0035
XPL-EUR,2026-09-21T01:41:34.378826+00:00,24,1.6,0.082007,0.077131,0.08980859999999999,,7.057,False,True,1.0,287,287,TP,9.5133,8.7494,1.6,1.3253,11.2161,-2.3925,648.43,2026-09-21T11:05:00+00:00,False,False,0.8482,0.0,0.0035
XPL-EUR,2026-09-21T01:41:34.378826+00:00,24,2,0.082007,0.077131,0.091758,,7.057,False,True,1.0,287,287,HORIZON_MARK,2.7851,2.0681,0.4684,0.3133,11.2161,-2.3925,648.43,2026-09-22T01:40:00+00:00,False,False,0.2483,0.0,0.0035
KMNO-EUR,2026-09-21T02:52:33.329673+00:00,4,1.4,0.029925,0.02822,0.032312,,7.441,False,True,1.0,47,47,TP,7.9766,7.2234,1.4,1.1366,8.0167,-6.4528,12.44,2026-09-21T03:05:00+00:00,False,False,0.995,0.0,0.0035
KMNO-EUR,2026-09-21T02:52:33.329673+00:00,4,1.5,0.029925,0.02822,0.032482500000000004,,7.441,False,True,1.0,47,47,STOP,-5.6976,-6.3554,-1.0,-1.0,8.0167,-6.4528,12.44,2026-09-21T04:15:00+00:00,False,False,0.0,-0.0,0.0035
KMNO-EUR,2026-09-21T02:52:33.329673+00:00,4,1.6,0.029925,0.02822,0.032653,,7.441,False,True,1.0,47,47,STOP,-5.6976,-6.3554,-1.0,-1.0,8.0167,-6.4528,12.44,2026-09-21T04:15:00+00:00,False,False,0.0,-0.0,0.0035
KMNO-EUR,2026-09-21T02:52:33.329673+00:00,4,2,0.029925,0.02822,0.033335,,7.441,False,True,1.0,47,47,STOP,-5.6976,-6.3554,-1.0,-1.0,8.0167,-6.4528,12.44,2026-09-21T04:15:00+00:00,False,False,0.0,-0.0,0.0035
KMNO-EUR,2026-09-21T02:52:33.329673+00:00,12,1.4,0.029925,0.02822,0.032312,,7.441,False,True,1.0,143,143,TP,7.9766,7.2234,1.4,1.1366,8.3676,-6.4528,617.44,2026-09-21T03:05:00+00:00,False,False,0.9533,0.0,0.0035
KMNO-EUR,2026-09-21T02:52:33.329673+00:00,12,1.5,0.029925,0.02822,0.032482500000000004,,7.441,False,True,1.0,143,143,STOP,-5.6976,-6.3554,-1.0,-1.0,8.3676,-6.4528,617.44,2026-09-21T04:15:00+00:00,False,False,0.0,-0.0,0.0035
KMNO-EUR,2026-09-21T02:52:33.329673+00:00,12,1.6,0.029925,0.02822,0.032653,,7.441,False,True,1.0,143,143,STOP,-5.6976,-6.3554,-1.0,-1.0,8.3676,-6.4528,617.44,2026-09-21T04:15:00+00:00,False,False,0.0,-0.0,0.0035
KMNO-EUR,2026-09-21T02:52:33.329673+00:00,12,2,0.029925,0.02822,0.033335,,7.441,False,True,1.0,143,143,STOP,-5.6976,-6.3554,-1.0,-1.0,8.3676,-6.4528,617.44,2026-09-21T04:15:00+00:00,False,False,0.0,-0.0,0.0035
KMNO-EUR,2026-09-21T02:52:33.329673+00:00,24,1.4,0.029925,0.02822,0.032312,,7.441,False,True,1.0,287,287,TP,7.9766,7.2234,1.4,1.1366,8.3676,-6.4528,617.44,2026-09-21T03:05:00+00:00,False,False,0.9533,0.0,0.0035
KMNO-EUR,2026-09-21T02:52:33.329673+00:00,24,1.5,0.029925,0.02822,0.032482500000000004,,7.441,False,True,1.0,287,287,STOP,-5.6976,-6.3554,-1.0,-1.0,8.3676,-6.4528,617.44,2026-09-21T04:15:00+00:00,False,False,0.0,-0.0,0.0035
KMNO-EUR,2026-09-21T02:52:33.329673+00:00,24,1.6,0.029925,0.02822,0.032653,,7.441,False,True,1.0,287,287,STOP,-5.6976,-6.3554,-1.0,-1.0,8.3676,-6.4528,617.44,2026-09-21T04:15:00+00:00,False,False,0.0,-0.0,0.0035
KMNO-EUR,2026-09-21T02:52:33.329673+00:00,24,2,0.029925,0.02822,0.033335,,7.441,False,True,1.0,287,287,STOP,-5.6976,-6.3554,-1.0,-1.0,8.3676,-6.4528,617.44,2026-09-21T04:15:00+00:00,False,False,0.0,-0.0,0.0035
G-EUR,2026-09-21T03:29:50.434471+00:00,4,1.4,0.0062212,0.0057262,0.006914199999999999,,7.069,False,True,1.0,47,47,HORIZON_MARK,-5.912,-6.5684,-0.743,-0.7639,0.9484,-7.8763,5.16,2026-09-21T07:25:00+00:00,False,False,0.0,-0.0,0.0035
G-EUR,2026-09-21T03:29:50.434471+00:00,4,1.5,0.0062212,0.0057262,0.0069637,,7.069,False,True,1.0,47,47,HORIZON_MARK,-5.912,-6.5684,-0.743,-0.7639,0.9484,-7.8763,5.16,2026-09-21T07:25:00+00:00,False,False,0.0,-0.0,0.0035
G-EUR,2026-09-21T03:29:50.434471+00:00,4,1.6,0.0062212,0.0057262,0.007013199999999999,,7.069,False,True,1.0,47,47,HORIZON_MARK,-5.912,-6.5684,-0.743,-0.7639,0.9484,-7.8763,5.16,2026-09-21T07:25:00+00:00,False,False,0.0,-0.0,0.0035
G-EUR,2026-09-21T03:29:50.434471+00:00,4,2,0.0062212,0.0057262,0.0072111,,7.069,False,True,1.0,47,47,HORIZON_MARK,-5.912,-6.5684,-0.743,-0.7639,0.9484,-7.8763,5.16,2026-09-21T07:25:00+00:00,False,False,0.0,-0.0,0.0035
G-EUR,2026-09-21T03:29:50.434471+00:00,12,1.4,0.0062212,0.0057262,0.006914199999999999,,7.069,False,True,1.0,143,143,STOP,-7.9567,-8.5987,-1.0,-1.0,0.9484,-12.4076,5.16,2026-09-21T07:55:00+00:00,False,False,0.0,-0.0,0.0035
G-EUR,2026-09-21T03:29:50.434471+00:00,12,1.5,0.0062212,0.0057262,0.0069637,,7.069,False,True,1.0,143,143,STOP,-7.9567,-8.5987,-1.0,-1.0,0.9484,-12.4076,5.16,2026-09-21T07:55:00+00:00,False,False,0.0,-0.0,0.0035
G-EUR,2026-09-21T03:29:50.434471+00:00,12,1.6,0.0062212,0.0057262,0.007013199999999999,,7.069,False,True,1.0,143,143,STOP,-7.9567,-8.5987,-1.0,-1.0,0.9484,-12.4076,5.16,2026-09-21T07:55:00+00:00,False,False,0.0,-0.0,0.0035
G-EUR,2026-09-21T03:29:50.434471+00:00,12,2,0.0062212,0.0057262,0.0072111,,7.069,False,True,1.0,143,143,STOP,-7.9567,-8.5987,-1.0,-1.0,0.9484,-12.4076,5.16,2026-09-21T07:55:00+00:00,False,False,0.0,-0.0,0.0035
G-EUR,2026-09-21T03:29:50.434471+00:00,24,1.4,0.0062212,0.0057262,0.006914199999999999,,7.069,False,True,1.0,287,287,STOP,-7.9567,-8.5987,-1.0,-1.0,0.9484,-12.8866,5.16,2026-09-21T07:55:00+00:00,False,False,0.0,-0.0,0.0035
G-EUR,2026-09-21T03:29:50.434471+00:00,24,1.5,0.0062212,0.0057262,0.0069637,,7.069,False,True,1.0,287,287,STOP,-7.9567,-8.5987,-1.0,-1.0,0.9484,-12.8866,5.16,2026-09-21T07:55:00+00:00,False,False,0.0,-0.0,0.0035
G-EUR,2026-09-21T03:29:50.434471+00:00,24,1.6,0.0062212,0.0057262,0.007013199999999999,,7.069,False,True,1.0,287,287,STOP,-7.9567,-8.5987,-1.0,-1.0,0.9484,-12.8866,5.16,2026-09-21T07:55:00+00:00,False,False,0.0,-0.0,0.0035
G-EUR,2026-09-21T03:29:50.434471+00:00,24,2,0.0062212,0.0057262,0.0072111,,7.069,False,True,1.0,287,287,STOP,-7.9567,-8.5987,-1.0,-1.0,0.9484,-12.8866,5.16,2026-09-21T07:55:00+00:00,False,False,0.0,-0.0,0.0035
USELESS-EUR,2026-09-21T03:48:32.214516+00:00,4,1.4,0.219354,0.20368,0.24129759999999997,,9.209,False,True,1.0,47,47,HORIZON_MARK,-4.9482,-5.6112,-0.6925,-0.72,-0.0702,-5.1118,1.46,2026-09-21T07:45:00+00:00,False,False,,-0.0,0.0035
USELESS-EUR,2026-09-21T03:48:32.214516+00:00,4,1.5,0.219354,0.20368,0.242865,,9.209,False,True,1.0,47,47,HORIZON_MARK,-4.9482,-5.6112,-0.6925,-0.72,-0.0702,-5.1118,1.46,2026-09-21T07:45:00+00:00,False,False,,-0.0,0.0035
USELESS-EUR,2026-09-21T03:48:32.214516+00:00,4,1.6,0.219354,0.20368,0.2444324,,9.209,False,True,1.0,47,47,HORIZON_MARK,-4.9482,-5.6112,-0.6925,-0.72,-0.0702,-5.1118,1.46,2026-09-21T07:45:00+00:00,False,False,,-0.0,0.0035
USELESS-EUR,2026-09-21T03:48:32.214516+00:00,4,2,0.219354,0.20368,0.250702,,9.209,False,True,1.0,47,47,HORIZON_MARK,-4.9482,-5.6112,-0.6925,-0.72,-0.0702,-5.1118,1.46,2026-09-21T07:45:00+00:00,False,False,,-0.0,0.0035
USELESS-EUR,2026-09-21T03:48:32.214516+00:00,12,1.4,0.219354,0.20368,0.24129759999999997,,9.209,False,True,1.0,143,143,TP,10.0037,9.2364,1.4,1.1852,15.1007,-5.1118,526.46,2026-09-21T09:25:00+00:00,False,False,0.6625,0.0,0.0035
USELESS-EUR,2026-09-21T03:48:32.214516+00:00,12,1.5,0.219354,0.20368,0.242865,,9.209,False,True,1.0,143,143,TP,10.7183,9.946,1.5,1.2762,15.1007,-5.1118,526.46,2026-09-21T09:35:00+00:00,False,False,0.7098,0.0,0.0035
USELESS-EUR,2026-09-21T03:48:32.214516+00:00,12,1.6,0.219354,0.20368,0.2444324,,9.209,False,True,1.0,143,143,TP,11.4328,10.6555,1.6,1.3673,15.1007,-5.1118,526.46,2026-09-21T10:15:00+00:00,False,False,0.7571,0.0,0.0035
USELESS-EUR,2026-09-21T03:48:32.214516+00:00,12,2,0.219354,0.20368,0.250702,,9.209,False,True,1.0,143,143,TP,14.2911,13.4938,2.0,1.7315,15.1007,-5.1118,526.46,2026-09-21T10:25:00+00:00,False,False,0.9464,0.0,0.0035
USELESS-EUR,2026-09-21T03:48:32.214516+00:00,24,1.4,0.219354,0.20368,0.24129759999999997,,9.209,False,True,1.0,287,287,TP,10.0037,9.2364,1.4,1.1852,20.0794,-5.1118,1006.46,2026-09-21T09:25:00+00:00,False,False,0.4982,0.0,0.0035
USELESS-EUR,2026-09-21T03:48:32.214516+00:00,24,1.5,0.219354,0.20368,0.242865,,9.209,False,True,1.0,287,287,TP,10.7183,9.946,1.5,1.2762,20.0794,-5.1118,1006.46,2026-09-21T09:35:00+00:00,False,False,0.5338,0.0,0.0035
USELESS-EUR,2026-09-21T03:48:32.214516+00:00,24,1.6,0.219354,0.20368,0.2444324,,9.209,False,True,1.0,287,287,TP,11.4328,10.6555,1.6,1.3673,20.0794,-5.1118,1006.46,2026-09-21T10:15:00+00:00,False,False,0.5694,0.0,0.0035
USELESS-EUR,2026-09-21T03:48:32.214516+00:00,24,2,0.219354,0.20368,0.250702,,9.209,False,True,1.0,287,287,TP,14.2911,13.4938,2.0,1.7315,20.0794,-5.1118,1006.46,2026-09-21T10:25:00+00:00,False,False,0.7117,0.0,0.0035
TAIKO-EUR,2026-09-21T04:01:29.942051+00:00,4,1.4,0.0774,0.0736,0.08271999999999999,,6.933,False,True,1.0,47,47,HORIZON_MARK,-1.1628,-1.8522,-0.2368,-0.3324,1.0465,-2.0284,13.5,2026-09-21T08:00:00+00:00,False,False,0.0,-0.0,0.0035
TAIKO-EUR,2026-09-21T04:01:29.942051+00:00,4,1.5,0.0774,0.0736,0.0831,,6.933,False,True,1.0,47,47,HORIZON_MARK,-1.1628,-1.8522,-0.2368,-0.3324,1.0465,-2.0284,13.5,2026-09-21T08:00:00+00:00,False,False,0.0,-0.0,0.0035
TAIKO-EUR,2026-09-21T04:01:29.942051+00:00,4,1.6,0.0774,0.0736,0.08348,,6.933,False,True,1.0,47,47,HORIZON_MARK,-1.1628,-1.8522,-0.2368,-0.3324,1.0465,-2.0284,13.5,2026-09-21T08:00:00+00:00,False,False,0.0,-0.0,0.0035
TAIKO-EUR,2026-09-21T04:01:29.942051+00:00,4,2,0.0774,0.0736,0.08499,,6.933,False,True,1.0,47,47,HORIZON_MARK,-1.1628,-1.8522,-0.2368,-0.3324,1.0465,-2.0284,13.5,2026-09-21T08:00:00+00:00,False,False,0.0,-0.0,0.0035
TAIKO-EUR,2026-09-21T04:01:29.942051+00:00,12,1.4,0.0774,0.0736,0.08271999999999999,,6.933,False,True,1.0,143,143,HORIZON_MARK,1.2016,0.4956,0.2447,0.0889,4.0698,-2.0284,498.5,2026-09-21T16:00:00+00:00,False,False,0.2952,0.0,0.0035
TAIKO-EUR,2026-09-21T04:01:29.942051+00:00,12,1.5,0.0774,0.0736,0.0831,,6.933,False,True,1.0,143,143,HORIZON_MARK,1.2016,0.4956,0.2447,0.0889,4.0698,-2.0284,498.5,2026-09-21T16:00:00+00:00,False,False,0.2952,0.0,0.0035
TAIKO-EUR,2026-09-21T04:01:29.942051+00:00,12,1.6,0.0774,0.0736,0.08348,,6.933,False,True,1.0,143,143,HORIZON_MARK,1.2016,0.4956,0.2447,0.0889,4.0698,-2.0284,498.5,2026-09-21T16:00:00+00:00,False,False,0.2952,0.0,0.0035
TAIKO-EUR,2026-09-21T04:01:29.942051+00:00,12,2,0.0774,0.0736,0.08499,,6.933,False,True,1.0,143,143,HORIZON_MARK,1.2016,0.4956,0.2447,0.0889,4.0698,-2.0284,498.5,2026-09-21T16:00:00+00:00,False,False,0.2952,0.0,0.0035
TAIKO-EUR,2026-09-21T04:01:29.942051+00:00,24,1.4,0.0774,0.0736,0.08271999999999999,,6.933,False,True,1.0,287,287,TP,6.8734,6.1279,1.4,1.0996,8.4884,-2.0284,1203.5,2026-09-22T00:05:00+00:00,False,False,0.8097,0.0,0.0035
TAIKO-EUR,2026-09-21T04:01:29.942051+00:00,24,1.5,0.0774,0.0736,0.0831,,6.933,False,True,1.0,287,287,TP,7.3643,6.6154,1.5,1.1871,8.4884,-2.0284,1203.5,2026-09-22T00:05:00+00:00,False,False,0.8676,0.0,0.0035
TAIKO-EUR,2026-09-21T04:01:29.942051+00:00,24,1.6,0.0774,0.0736,0.08348,,6.933,False,True,1.0,287,287,TP,7.8553,7.1029,1.6,1.2746,8.4884,-2.0284,1203.5,2026-09-22T00:05:00+00:00,False,False,0.9254,0.0,0.0035
TAIKO-EUR,2026-09-21T04:01:29.942051+00:00,24,2,0.0774,0.0736,0.08499,,6.933,False,True,1.0,287,287,HORIZON_MARK,4.832,4.1008,0.9842,0.7358,8.4884,-2.0284,1203.5,2026-09-22T04:00:00+00:00,False,False,0.5693,0.0,0.0035
AVAX-EUR,2026-09-21T04:43:14.320703+00:00,4,1.4,10.027,9.5882,10.641319999999997,,7.727,False,True,1.0,47,47,STOP,-4.3762,-5.0432,-1.0,-1.0,0.7889,-5.2159,21.76,2026-09-21T07:30:00+00:00,False,False,0.0,-0.0,0.0035
AVAX-EUR,2026-09-21T04:43:14.320703+00:00,4,1.5,10.027,9.5882,10.685199999999998,,7.727,False,True,1.0,47,47,STOP,-4.3762,-5.0432,-1.0,-1.0,0.7889,-5.2159,21.76,2026-09-21T07:30:00+00:00,False,False,0.0,-0.0,0.0035
AVAX-EUR,2026-09-21T04:43:14.320703+00:00,4,1.6,10.027,9.5882,10.729079999999998,,7.727,False,True,1.0,47,47,STOP,-4.3762,-5.0432,-1.0,-1.0,0.7889,-5.2159,21.76,2026-09-21T07:30:00+00:00,False,False,0.0,-0.0,0.0035
AVAX-EUR,2026-09-21T04:43:14.320703+00:00,4,2,10.027,9.5882,10.9045,,7.727,False,True,1.0,47,47,STOP,-4.3762,-5.0432,-1.0,-1.0,0.7889,-5.2159,21.76,2026-09-21T07:30:00+00:00,False,False,0.0,-0.0,0.0035
AVAX-EUR,2026-09-21T04:43:14.320703+00:00,12,1.4,10.027,9.5882,10.641319999999997,,7.727,False,True,1.0,143,143,STOP,-4.3762,-5.0432,-1.0,-1.0,0.7889,-5.2159,21.76,2026-09-21T07:30:00+00:00,False,False,0.0,-0.0,0.0035
AVAX-EUR,2026-09-21T04:43:14.320703+00:00,12,1.5,10.027,9.5882,10.685199999999998,,7.727,False,True,1.0,143,143,STOP,-4.3762,-5.0432,-1.0,-1.0,0.7889,-5.2159,21.76,2026-09-21T07:30:00+00:00,False,False,0.0,-0.0,0.0035
AVAX-EUR,2026-09-21T04:43:14.320703+00:00,12,1.6,10.027,9.5882,10.729079999999998,,7.727,False,True,1.0,143,143,STOP,-4.3762,-5.0432,-1.0,-1.0,0.7889,-5.2159,21.76,2026-09-21T07:30:00+00:00,False,False,0.0,-0.0,0.0035
AVAX-EUR,2026-09-21T04:43:14.320703+00:00,12,2,10.027,9.5882,10.9045,,7.727,False,True,1.0,143,143,STOP,-4.3762,-5.0432,-1.0,-1.0,0.7889,-5.2159,21.76,2026-09-21T07:30:00+00:00,False,False,0.0,-0.0,0.0035
AVAX-EUR,2026-09-21T04:43:14.320703+00:00,24,1.4,10.027,9.5882,10.641319999999997,,7.727,False,True,1.0,287,287,STOP,-4.3762,-5.0432,-1.0,-1.0,0.7889,-6.5264,21.76,2026-09-21T07:30:00+00:00,False,False,0.0,-0.0,0.0035
AVAX-EUR,2026-09-21T04:43:14.320703+00:00,24,1.5,10.027,9.5882,10.685199999999998,,7.727,False,True,1.0,287,287,STOP,-4.3762,-5.0432,-1.0,-1.0,0.7889,-6.5264,21.76,2026-09-21T07:30:00+00:00,False,False,0.0,-0.0,0.0035
AVAX-EUR,2026-09-21T04:43:14.320703+00:00,24,1.6,10.027,9.5882,10.729079999999998,,7.727,False,True,1.0,287,287,STOP,-4.3762,-5.0432,-1.0,-1.0,0.7889,-6.5264,21.76,2026-09-21T07:30:00+00:00,False,False,0.0,-0.0,0.0035
AVAX-EUR,2026-09-21T04:43:14.320703+00:00,24,2,10.027,9.5882,10.9045,,7.727,False,True,1.0,287,287,STOP,-4.3762,-5.0432,-1.0,-1.0,0.7889,-6.5264,21.76,2026-09-21T07:30:00+00:00,False,False,0.0,-0.0,0.0035
NIL-EUR,2026-09-21T05:36:49.224106+00:00,4,1.4,0.057231,0.052465,0.0639034,,7.771,False,True,1.0,47,47,TP,11.6587,10.8798,1.4,1.2133,14.265,-0.9488,43.18,2026-09-21T06:20:00+00:00,False,False,0.8173,0.0,0.0035
NIL-EUR,2026-09-21T05:36:49.224106+00:00,4,1.5,0.057231,0.052465,0.06437999999999999,,7.771,False,True,1.0,47,47,TP,12.4915,11.7068,1.5,1.3055,14.265,-0.9488,43.18,2026-09-21T06:20:00+00:00,False,False,0.8757,0.0,0.0035
NIL-EUR,2026-09-21T05:36:49.224106+00:00,4,1.6,0.057231,0.052465,0.0648566,,7.771,False,True,1.0,47,47,TP,13.3242,12.5337,1.6,1.3977,14.265,-0.9488,43.18,2026-09-21T06:20:00+00:00,False,False,0.9341,0.0,0.0035
NIL-EUR,2026-09-21T05:36:49.224106+00:00,4,2,0.057231,0.052465,0.066762,,7.771,False,True,1.0,47,47,HORIZON_MARK,4.8855,4.1538,0.5867,0.4632,14.265,-0.9488,43.18,2026-09-21T09:35:00+00:00,False,False,0.3425,0.0,0.0035
NIL-EUR,2026-09-21T05:36:49.224106+00:00,12,1.4,0.057231,0.052465,0.0639034,,7.771,False,True,1.0,143,143,TP,11.6587,10.8798,1.4,1.2133,14.265,-6.5786,43.18,2026-09-21T06:20:00+00:00,False,False,0.8173,0.0,0.0035
NIL-EUR,2026-09-21T05:36:49.224106+00:00,12,1.5,0.057231,0.052465,0.06437999999999999,,7.771,False,True,1.0,143,143,TP,12.4915,11.7068,1.5,1.3055,14.265,-6.5786,43.18,2026-09-21T06:20:00+00:00,False,False,0.8757,0.0,0.0035
NIL-EUR,2026-09-21T05:36:49.224106+00:00,12,1.6,0.057231,0.052465,0.0648566,,7.771,False,True,1.0,143,143,TP,13.3242,12.5337,1.6,1.3977,14.265,-6.5786,43.18,2026-09-21T06:20:00+00:00,False,False,0.9341,0.0,0.0035
NIL-EUR,2026-09-21T05:36:49.224106+00:00,12,2,0.057231,0.052465,0.066762,,7.771,False,True,1.0,143,143,HORIZON_MARK,-4.9886,-5.6513,-0.599,-0.6302,14.265,-6.5786,43.18,2026-09-21T17:35:00+00:00,False,False,0.0,-0.0,0.0035
NIL-EUR,2026-09-21T05:36:49.224106+00:00,24,1.4,0.057231,0.052465,0.0639034,,7.771,False,True,1.0,287,287,TP,11.6587,10.8798,1.4,1.2133,14.265,-6.5786,43.18,2026-09-21T06:20:00+00:00,False,False,0.8173,0.0,0.0035
NIL-EUR,2026-09-21T05:36:49.224106+00:00,24,1.5,0.057231,0.052465,0.06437999999999999,,7.771,False,True,1.0,287,287,TP,12.4915,11.7068,1.5,1.3055,14.265,-6.5786,43.18,2026-09-21T06:20:00+00:00,False,False,0.8757,0.0,0.0035
NIL-EUR,2026-09-21T05:36:49.224106+00:00,24,1.6,0.057231,0.052465,0.0648566,,7.771,False,True,1.0,287,287,TP,13.3242,12.5337,1.6,1.3977,14.265,-6.5786,43.18,2026-09-21T06:20:00+00:00,False,False,0.9341,0.0,0.0035
NIL-EUR,2026-09-21T05:36:49.224106+00:00,24,2,0.057231,0.052465,0.066762,,7.771,False,True,1.0,287,287,HORIZON_MARK,7.8961,7.1434,0.9482,0.7966,14.265,-6.5786,43.18,2026-09-22T05:35:00+00:00,False,False,0.5535,0.0,0.0035
ZAMA-EUR,2026-09-21T05:53:08.711854+00:00,4,1.4,0.081842,0.074958,0.0914796,,7.769,False,True,1.0,47,47,TP,11.7759,10.9962,1.4,1.215,13.0227,-2.7199,231.85,2026-09-21T09:45:00+00:00,False,False,0.9043,0.0,0.0035
ZAMA-EUR,2026-09-21T05:53:08.711854+00:00,4,1.5,0.081842,0.074958,0.092168,,7.769,False,True,1.0,47,47,TP,12.617,11.8314,1.5,1.3073,13.0227,-2.7199,231.85,2026-09-21T09:45:00+00:00,False,False,0.9688,0.0,0.0035
ZAMA-EUR,2026-09-21T05:53:08.711854+00:00,4,1.6,0.081842,0.074958,0.0928564,,7.769,False,True,1.0,47,47,HORIZON_MARK,10.5313,9.7602,1.252,1.0785,13.0227,-2.7199,231.85,2026-09-21T09:50:00+00:00,False,False,0.8087,0.0,0.0035
ZAMA-EUR,2026-09-21T05:53:08.711854+00:00,4,2,0.081842,0.074958,0.09561,,7.769,False,True,1.0,47,47,HORIZON_MARK,10.5313,9.7602,1.252,1.0785,13.0227,-2.7199,231.85,2026-09-21T09:50:00+00:00,False,False,0.8087,0.0,0.0035
ZAMA-EUR,2026-09-21T05:53:08.711854+00:00,12,1.4,0.081842,0.074958,0.0914796,,7.769,False,True,1.0,143,143,TP,11.7759,10.9962,1.4,1.215,13.0227,-2.7199,231.85,2026-09-21T09:45:00+00:00,False,False,0.9043,0.0,0.0035
ZAMA-EUR,2026-09-21T05:53:08.711854+00:00,12,1.5,0.081842,0.074958,0.092168,,7.769,False,True,1.0,143,143,TP,12.617,11.8314,1.5,1.3073,13.0227,-2.7199,231.85,2026-09-21T09:45:00+00:00,False,False,0.9688,0.0,0.0035
ZAMA-EUR,2026-09-21T05:53:08.711854+00:00,12,1.6,0.081842,0.074958,0.0928564,,7.769,False,True,1.0,143,143,HORIZON_MARK,2.3142,1.6005,0.2751,0.1768,13.0227,-2.7199,231.85,2026-09-21T17:50:00+00:00,False,False,0.1777,0.0,0.0035
ZAMA-EUR,2026-09-21T05:53:08.711854+00:00,12,2,0.081842,0.074958,0.09561,,7.769,False,True,1.0,143,143,HORIZON_MARK,2.3142,1.6005,0.2751,0.1768,13.0227,-2.7199,231.85,2026-09-21T17:50:00+00:00,False,False,0.1777,0.0,0.0035
ZAMA-EUR,2026-09-21T05:53:08.711854+00:00,24,1.4,0.081842,0.074958,0.0914796,,7.769,False,True,1.0,287,287,TP,11.7759,10.9962,1.4,1.215,13.0227,-4.8508,231.85,2026-09-21T09:45:00+00:00,False,False,0.9043,0.0,0.0035
ZAMA-EUR,2026-09-21T05:53:08.711854+00:00,24,1.5,0.081842,0.074958,0.092168,,7.769,False,True,1.0,287,287,TP,12.617,11.8314,1.5,1.3073,13.0227,-4.8508,231.85,2026-09-21T09:45:00+00:00,False,False,0.9688,0.0,0.0035
ZAMA-EUR,2026-09-21T05:53:08.711854+00:00,24,1.6,0.081842,0.074958,0.0928564,,7.769,False,True,1.0,287,287,HORIZON_MARK,5.32,4.5853,0.6325,0.5067,13.0227,-4.8508,231.85,2026-09-22T05:50:00+00:00,False,False,0.4085,0.0,0.0035
ZAMA-EUR,2026-09-21T05:53:08.711854+00:00,24,2,0.081842,0.074958,0.09561,,7.769,False,True,1.0,287,287,HORIZON_MARK,5.32,4.5853,0.6325,0.5067,13.0227,-4.8508,231.85,2026-09-22T05:50:00+00:00,False,False,0.4085,0.0,0.0035
EGLD-EUR,2026-09-21T06:14:26.302649+00:00,4,1.4,3.6903,3.5141,3.93698,,7.566,False,True,1.0,47,47,STOP,-4.7747,-5.4389,-1.0,-1.0,0.9322,-7.4438,0.56,2026-09-21T07:15:00+00:00,False,False,0.0,-0.0,0.0035
EGLD-EUR,2026-09-21T06:14:26.302649+00:00,4,1.5,3.6903,3.5141,3.9546,,7.566,False,True,1.0,47,47,STOP,-4.7747,-5.4389,-1.0,-1.0,0.9322,-7.4438,0.56,2026-09-21T07:15:00+00:00,False,False,0.0,-0.0,0.0035
EGLD-EUR,2026-09-21T06:14:26.302649+00:00,4,1.6,3.6903,3.5141,3.9722200000000005,,7.566,False,True,1.0,47,47,STOP,-4.7747,-5.4389,-1.0,-1.0,0.9322,-7.4438,0.56,2026-09-21T07:15:00+00:00,False,False,0.0,-0.0,0.0035
EGLD-EUR,2026-09-21T06:14:26.302649+00:00,4,2,3.6903,3.5141,4.0427,,7.566,False,True,1.0,47,47,STOP,-4.7747,-5.4389,-1.0,-1.0,0.9322,-7.4438,0.56,2026-09-21T07:15:00+00:00,False,False,0.0,-0.0,0.0035
EGLD-EUR,2026-09-21T06:14:26.302649+00:00,12,1.4,3.6903,3.5141,3.93698,,7.566,False,True,1.0,143,143,STOP,-4.7747,-5.4389,-1.0,-1.0,3.688,-7.4438,360.56,2026-09-21T07:15:00+00:00,False,False,0.0,-0.0,0.0035
EGLD-EUR,2026-09-21T06:14:26.302649+00:00,12,1.5,3.6903,3.5141,3.9546,,7.566,False,True,1.0,143,143,STOP,-4.7747,-5.4389,-1.0,-1.0,3.688,-7.4438,360.56,2026-09-21T07:15:00+00:00,False,False,0.0,-0.0,0.0035
EGLD-EUR,2026-09-21T06:14:26.302649+00:00,12,1.6,3.6903,3.5141,3.9722200000000005,,7.566,False,True,1.0,143,143,STOP,-4.7747,-5.4389,-1.0,-1.0,3.688,-7.4438,360.56,2026-09-21T07:15:00+00:00,False,False,0.0,-0.0,0.0035
EGLD-EUR,2026-09-21T06:14:26.302649+00:00,12,2,3.6903,3.5141,4.0427,,7.566,False,True,1.0,143,143,STOP,-4.7747,-5.4389,-1.0,-1.0,3.688,-7.4438,360.56,2026-09-21T07:15:00+00:00,False,False,0.0,-0.0,0.0035
EGLD-EUR,2026-09-21T06:14:26.302649+00:00,24,1.4,3.6903,3.5141,3.93698,,7.566,False,True,1.0,287,287,STOP,-4.7747,-5.4389,-1.0,-1.0,5.7665,-7.4438,1115.56,2026-09-21T07:15:00+00:00,False,False,0.0,-0.0,0.0035
EGLD-EUR,2026-09-21T06:14:26.302649+00:00,24,1.5,3.6903,3.5141,3.9546,,7.566,False,True,1.0,287,287,STOP,-4.7747,-5.4389,-1.0,-1.0,5.7665,-7.4438,1115.56,2026-09-21T07:15:00+00:00,False,False,0.0,-0.0,0.0035
EGLD-EUR,2026-09-21T06:14:26.302649+00:00,24,1.6,3.6903,3.5141,3.9722200000000005,,7.566,False,True,1.0,287,287,STOP,-4.7747,-5.4389,-1.0,-1.0,5.7665,-7.4438,1115.56,2026-09-21T07:15:00+00:00,False,False,0.0,-0.0,0.0035
EGLD-EUR,2026-09-21T06:14:26.302649+00:00,24,2,3.6903,3.5141,4.0427,,7.566,False,True,1.0,287,287,STOP,-4.7747,-5.4389,-1.0,-1.0,5.7665,-7.4438,1115.56,2026-09-21T07:15:00+00:00,False,False,0.0,-0.0,0.0035
APT-EUR,2026-09-21T06:41:51.299971+00:00,4,1.4,0.6695,0.6379,0.7137399999999999,,8.199,False,True,1.0,47,47,HORIZON_MARK,-0.0448,-0.7421,-0.0095,-0.1378,1.882,-1.7476,38.15,2026-09-21T10:40:00+00:00,False,False,0.0,-0.0,0.0035
APT-EUR,2026-09-21T06:41:51.299971+00:00,4,1.5,0.6695,0.6379,0.7168999999999999,,8.199,False,True,1.0,47,47,HORIZON_MARK,-0.0448,-0.7421,-0.0095,-0.1378,1.882,-1.7476,38.15,2026-09-21T10:40:00+00:00,False,False,0.0,-0.0,0.0035
APT-EUR,2026-09-21T06:41:51.299971+00:00,4,1.6,0.6695,0.6379,0.7200599999999999,,8.199,False,True,1.0,47,47,HORIZON_MARK,-0.0448,-0.7421,-0.0095,-0.1378,1.882,-1.7476,38.15,2026-09-21T10:40:00+00:00,False,False,0.0,-0.0,0.0035
APT-EUR,2026-09-21T06:41:51.299971+00:00,4,2,0.6695,0.6379,0.7326,,8.199,False,True,1.0,47,47,HORIZON_MARK,-0.0448,-0.7421,-0.0095,-0.1378,1.882,-1.7476,38.15,2026-09-21T10:40:00+00:00,False,False,0.0,-0.0,0.0035
APT-EUR,2026-09-21T06:41:51.299971+00:00,12,1.4,0.6695,0.6379,0.7137399999999999,,8.199,False,True,1.0,143,143,HORIZON_MARK,-1.7177,-2.4033,-0.3639,-0.4463,2.8678,-2.823,488.15,2026-09-21T18:40:00+00:00,False,False,0.0,-0.0,0.0035
APT-EUR,2026-09-21T06:41:51.299971+00:00,12,1.5,0.6695,0.6379,0.7168999999999999,,8.199,False,True,1.0,143,143,HORIZON_MARK,-1.7177,-2.4033,-0.3639,-0.4463,2.8678,-2.823,488.15,2026-09-21T18:40:00+00:00,False,False,0.0,-0.0,0.0035
APT-EUR,2026-09-21T06:41:51.299971+00:00,12,1.6,0.6695,0.6379,0.7200599999999999,,8.199,False,True,1.0,143,143,HORIZON_MARK,-1.7177,-2.4033,-0.3639,-0.4463,2.8678,-2.823,488.15,2026-09-21T18:40:00+00:00,False,False,0.0,-0.0,0.0035
APT-EUR,2026-09-21T06:41:51.299971+00:00,12,2,0.6695,0.6379,0.7326,,8.199,False,True,1.0,143,143,HORIZON_MARK,-1.7177,-2.4033,-0.3639,-0.4463,2.8678,-2.823,488.15,2026-09-21T18:40:00+00:00,False,False,0.0,-0.0,0.0035
APT-EUR,2026-09-21T06:41:51.299971+00:00,24,1.4,0.6695,0.6379,0.7137399999999999,,8.199,False,True,1.0,287,287,HORIZON_MARK,0.1643,-0.5344,0.0348,-0.0992,5.0635,-2.823,1013.15,2026-09-22T06:40:00+00:00,False,False,0.0324,-0.0,0.0035
APT-EUR,2026-09-21T06:41:51.299971+00:00,24,1.5,0.6695,0.6379,0.7168999999999999,,8.199,False,True,1.0,287,287,HORIZON_MARK,0.1643,-0.5344,0.0348,-0.0992,5.0635,-2.823,1013.15,2026-09-22T06:40:00+00:00,False,False,0.0324,-0.0,0.0035
APT-EUR,2026-09-21T06:41:51.299971+00:00,24,1.6,0.6695,0.6379,0.7200599999999999,,8.199,False,True,1.0,287,287,HORIZON_MARK,0.1643,-0.5344,0.0348,-0.0992,5.0635,-2.823,1013.15,2026-09-22T06:40:00+00:00,False,False,0.0324,-0.0,0.0035
APT-EUR,2026-09-21T06:41:51.299971+00:00,24,2,0.6695,0.6379,0.7326,,8.199,False,True,1.0,287,287,HORIZON_MARK,0.1643,-0.5344,0.0348,-0.0992,5.0635,-2.823,1013.15,2026-09-22T06:40:00+00:00,False,False,0.0324,-0.0,0.0035
PHA-EUR,2026-09-21T07:23:27.113631+00:00,4,1.4,0.036527,0.033484,0.040787199999999996,,7.686,False,True,1.0,47,47,TP,11.6632,10.8842,1.4,1.2134,58.1871,-2.8718,211.55,2026-09-21T09:20:00+00:00,False,False,0.2004,0.0,0.0035
PHA-EUR,2026-09-21T07:23:27.113631+00:00,4,1.5,0.036527,0.033484,0.04109149999999999,,7.686,False,True,1.0,47,47,TP,12.4962,11.7115,1.5,1.3056,58.1871,-2.8718,211.55,2026-09-21T09:20:00+00:00,False,False,0.2148,0.0,0.0035
PHA-EUR,2026-09-21T07:23:27.113631+00:00,4,1.6,0.036527,0.033484,0.041395799999999996,,7.686,False,True,1.0,47,47,TP,13.3293,12.5388,1.6,1.3978,58.1871,-2.8718,211.55,2026-09-21T09:20:00+00:00,False,False,0.2291,0.0,0.0035
PHA-EUR,2026-09-21T07:23:27.113631+00:00,4,2,0.036527,0.033484,0.042612,,7.686,False,True,1.0,47,47,TP,16.6589,15.8451,1.9997,1.7664,58.1871,-2.8718,211.55,2026-09-21T09:25:00+00:00,False,False,0.2863,0.0,0.0035
PHA-EUR,2026-09-21T07:23:27.113631+00:00,12,1.4,0.036527,0.033484,0.040787199999999996,,7.686,False,True,1.0,143,143,TP,11.6632,10.8842,1.4,1.2134,58.1871,-2.8718,211.55,2026-09-21T09:20:00+00:00,False,False,0.2004,0.0,0.0035
PHA-EUR,2026-09-21T07:23:27.113631+00:00,12,1.5,0.036527,0.033484,0.04109149999999999,,7.686,False,True,1.0,143,143,TP,12.4962,11.7115,1.5,1.3056,58.1871,-2.8718,211.55,2026-09-21T09:20:00+00:00,False,False,0.2148,0.0,0.0035
PHA-EUR,2026-09-21T07:23:27.113631+00:00,12,1.6,0.036527,0.033484,0.041395799999999996,,7.686,False,True,1.0,143,143,TP,13.3293,12.5388,1.6,1.3978,58.1871,-2.8718,211.55,2026-09-21T09:20:00+00:00,False,False,0.2291,0.0,0.0035
PHA-EUR,2026-09-21T07:23:27.113631+00:00,12,2,0.036527,0.033484,0.042612,,7.686,False,True,1.0,143,143,TP,16.6589,15.8451,1.9997,1.7664,58.1871,-2.8718,211.55,2026-09-21T09:25:00+00:00,False,False,0.2863,0.0,0.0035
PHA-EUR,2026-09-21T07:23:27.113631+00:00,24,1.4,0.036527,0.033484,0.040787199999999996,,7.686,False,True,1.0,287,287,TP,11.6632,10.8842,1.4,1.2134,58.1871,-2.8718,211.55,2026-09-21T09:20:00+00:00,False,False,0.2004,0.0,0.0035
PHA-EUR,2026-09-21T07:23:27.113631+00:00,24,1.5,0.036527,0.033484,0.04109149999999999,,7.686,False,True,1.0,287,287,TP,12.4962,11.7115,1.5,1.3056,58.1871,-2.8718,211.55,2026-09-21T09:20:00+00:00,False,False,0.2148,0.0,0.0035
PHA-EUR,2026-09-21T07:23:27.113631+00:00,24,1.6,0.036527,0.033484,0.041395799999999996,,7.686,False,True,1.0,287,287,TP,13.3293,12.5388,1.6,1.3978,58.1871,-2.8718,211.55,2026-09-21T09:20:00+00:00,False,False,0.2291,0.0,0.0035
PHA-EUR,2026-09-21T07:23:27.113631+00:00,24,2,0.036527,0.033484,0.042612,,7.686,False,True,1.0,287,287,TP,16.6589,15.8451,1.9997,1.7664,58.1871,-2.8718,211.55,2026-09-21T09:25:00+00:00,False,False,0.2863,0.0,0.0035
DRIFT-EUR,2026-09-21T09:15:55.788860+00:00,4,1.4,0.015558,0.014316,0.0172968,,7.835,True,True,1.0,47,47,HORIZON_MARK,0.1157,-0.5827,0.0145,-0.0676,4.8528,-2.3396,64.07,2026-09-21T13:15:00+00:00,False,False,0.0238,-0.0,0.0035
DRIFT-EUR,2026-09-21T09:15:55.788860+00:00,4,1.5,0.015558,0.014316,0.017421,,7.835,True,True,1.0,47,47,HORIZON_MARK,0.1157,-0.5827,0.0145,-0.0676,4.8528,-2.3396,64.07,2026-09-21T13:15:00+00:00,False,False,0.0238,-0.0,0.0035
DRIFT-EUR,2026-09-21T09:15:55.788860+00:00,4,1.6,0.015558,0.014316,0.0175452,,7.835,True,True,1.0,47,47,HORIZON_MARK,0.1157,-0.5827,0.0145,-0.0676,4.8528,-2.3396,64.07,2026-09-21T13:15:00+00:00,False,False,0.0238,-0.0,0.0035
DRIFT-EUR,2026-09-21T09:15:55.788860+00:00,4,2,0.015558,0.014316,0.018042,,7.835,True,True,1.0,47,47,HORIZON_MARK,0.1157,-0.5827,0.0145,-0.0676,4.8528,-2.3396,64.07,2026-09-21T13:15:00+00:00,False,False,0.0238,-0.0,0.0035
DRIFT-EUR,2026-09-21T09:15:55.788860+00:00,12,1.4,0.015558,0.014316,0.0172968,,7.835,True,True,1.0,143,143,HORIZON_MARK,-5.2256,-5.8867,-0.6546,-0.6825,4.8528,-6.2797,64.07,2026-09-21T21:15:00+00:00,False,False,0.0,-0.0,0.0035
DRIFT-EUR,2026-09-21T09:15:55.788860+00:00,12,1.5,0.015558,0.014316,0.017421,,7.835,True,True,1.0,143,143,HORIZON_MARK,-5.2256,-5.8867,-0.6546,-0.6825,4.8528,-6.2797,64.07,2026-09-21T21:15:00+00:00,False,False,0.0,-0.0,0.0035
DRIFT-EUR,2026-09-21T09:15:55.788860+00:00,12,1.6,0.015558,0.014316,0.0175452,,7.835,True,True,1.0,143,143,HORIZON_MARK,-5.2256,-5.8867,-0.6546,-0.6825,4.8528,-6.2797,64.07,2026-09-21T21:15:00+00:00,False,False,0.0,-0.0,0.0035
DRIFT-EUR,2026-09-21T09:15:55.788860+00:00,12,2,0.015558,0.014316,0.018042,,7.835,True,True,1.0,143,143,HORIZON_MARK,-5.2256,-5.8867,-0.6546,-0.6825,4.8528,-6.2797,64.07,2026-09-21T21:15:00+00:00,False,False,0.0,-0.0,0.0035
DRIFT-EUR,2026-09-21T09:15:55.788860+00:00,24,1.4,0.015558,0.014316,0.0172968,,7.835,True,True,1.0,287,287,HORIZON_MARK,-0.5721,-1.2656,-0.0717,-0.1467,4.8528,-6.2797,64.07,2026-09-22T09:15:00+00:00,False,False,0.0,-0.0,0.0035
DRIFT-EUR,2026-09-21T09:15:55.788860+00:00,24,1.5,0.015558,0.014316,0.017421,,7.835,True,True,1.0,287,287,HORIZON_MARK,-0.5721,-1.2656,-0.0717,-0.1467,4.8528,-6.2797,64.07,2026-09-22T09:15:00+00:00,False,False,0.0,-0.0,0.0035
DRIFT-EUR,2026-09-21T09:15:55.788860+00:00,24,1.6,0.015558,0.014316,0.0175452,,7.835,True,True,1.0,287,287,HORIZON_MARK,-0.5721,-1.2656,-0.0717,-0.1467,4.8528,-6.2797,64.07,2026-09-22T09:15:00+00:00,False,False,0.0,-0.0,0.0035
DRIFT-EUR,2026-09-21T09:15:55.788860+00:00,24,2,0.015558,0.014316,0.018042,,7.835,True,True,1.0,287,287,HORIZON_MARK,-0.5721,-1.2656,-0.0717,-0.1467,4.8528,-6.2797,64.07,2026-09-22T09:15:00+00:00,False,False,0.0,-0.0,0.0035
BONK-EUR,2026-09-21T09:34:30.769419+00:00,4,1.4,2.8797e-06,2.6269e-06,3.23362e-06,127.01145210210001,9.946,True,True,1.0,47,47,HORIZON_MARK,-0.6702,-1.3631,-0.0763,-0.1448,-0.2674,-3.0871,0.49,2026-09-21T13:30:00+00:00,False,False,,-1.7313,0.0035
BONK-EUR,2026-09-21T09:34:30.769419+00:00,4,1.5,2.8797e-06,2.6269e-06,3.2589000000000003e-06,127.01145210210001,9.946,True,True,1.0,47,47,HORIZON_MARK,-0.6702,-1.3631,-0.0763,-0.1448,-0.2674,-3.0871,0.49,2026-09-21T13:30:00+00:00,False,False,,-1.7313,0.0035
BONK-EUR,2026-09-21T09:34:30.769419+00:00,4,1.6,2.8797e-06,2.6269e-06,3.28418e-06,127.01145210210001,9.946,True,True,1.0,47,47,HORIZON_MARK,-0.6702,-1.3631,-0.0763,-0.1448,-0.2674,-3.0871,0.49,2026-09-21T13:30:00+00:00,False,False,,-1.7313,0.0035
BONK-EUR,2026-09-21T09:34:30.769419+00:00,4,2,2.8797e-06,2.6269e-06,3.3853e-06,127.01145210210001,9.946,True,True,1.0,47,47,HORIZON_MARK,-0.6702,-1.3631,-0.0763,-0.1448,-0.2674,-3.0871,0.49,2026-09-21T13:30:00+00:00,False,False,,-1.7313,0.0035
BONK-EUR,2026-09-21T09:34:30.769419+00:00,12,1.4,2.8797e-06,2.6269e-06,3.23362e-06,127.01145210210001,9.946,True,True,1.0,143,143,HORIZON_MARK,1.6807,0.9714,0.1915,0.1032,3.8754,-3.0871,375.49,2026-09-21T21:30:00+00:00,False,False,0.4337,1.2339,0.0035
BONK-EUR,2026-09-21T09:34:30.769419+00:00,12,1.5,2.8797e-06,2.6269e-06,3.2589000000000003e-06,127.01145210210001,9.946,True,True,1.0,143,143,HORIZON_MARK,1.6807,0.9714,0.1915,0.1032,3.8754,-3.0871,375.49,2026-09-21T21:30:00+00:00,False,False,0.4337,1.2339,0.0035
BONK-EUR,2026-09-21T09:34:30.769419+00:00,12,1.6,2.8797e-06,2.6269e-06,3.28418e-06,127.01145210210001,9.946,True,True,1.0,143,143,HORIZON_MARK,1.6807,0.9714,0.1915,0.1032,3.8754,-3.0871,375.49,2026-09-21T21:30:00+00:00,False,False,0.4337,1.2339,0.0035
BONK-EUR,2026-09-21T09:34:30.769419+00:00,12,2,2.8797e-06,2.6269e-06,3.3853e-06,127.01145210210001,9.946,True,True,1.0,143,143,HORIZON_MARK,1.6807,0.9714,0.1915,0.1032,3.8754,-3.0871,375.49,2026-09-21T21:30:00+00:00,False,False,0.4337,1.2339,0.0035
BONK-EUR,2026-09-21T09:34:30.769419+00:00,24,1.4,2.8797e-06,2.6269e-06,3.23362e-06,127.01145210210001,9.946,True,True,1.0,287,287,HORIZON_MARK,4.5421,3.8129,0.5174,0.405,11.97,-3.0871,1245.49,2026-09-22T09:30:00+00:00,False,False,0.3795,4.8428,0.0035
BONK-EUR,2026-09-21T09:34:30.769419+00:00,24,1.5,2.8797e-06,2.6269e-06,3.2589000000000003e-06,127.01145210210001,9.946,True,True,1.0,287,287,HORIZON_MARK,4.5421,3.8129,0.5174,0.405,11.97,-3.0871,1245.49,2026-09-22T09:30:00+00:00,False,False,0.3795,4.8428,0.0035
BONK-EUR,2026-09-21T09:34:30.769419+00:00,24,1.6,2.8797e-06,2.6269e-06,3.28418e-06,127.01145210210001,9.946,True,True,1.0,287,287,HORIZON_MARK,4.5421,3.8129,0.5174,0.405,11.97,-3.0871,1245.49,2026-09-22T09:30:00+00:00,False,False,0.3795,4.8428,0.0035
BONK-EUR,2026-09-21T09:34:30.769419+00:00,24,2,2.8797e-06,2.6269e-06,3.3853e-06,127.01145210210001,9.946,True,True,1.0,287,287,HORIZON_MARK,4.5421,3.8129,0.5174,0.405,11.97,-3.0871,1245.49,2026-09-22T09:30:00+00:00,False,False,0.3795,4.8428,0.0035
KMNO-EUR,2026-09-21T09:50:28.328058+00:00,4,1.4,0.030916,0.028836,0.033828,162.06666981192646,7.196,True,True,1.0,47,47,HORIZON_MARK,-0.3364,-1.0316,-0.05,-0.1398,4.8939,-2.6815,199.53,2026-09-21T13:50:00+00:00,False,False,0.0,-1.6719,0.0035
KMNO-EUR,2026-09-21T09:50:28.328058+00:00,4,1.5,0.030916,0.028836,0.034036,162.06666981192646,7.196,True,True,1.0,47,47,HORIZON_MARK,-0.3364,-1.0316,-0.05,-0.1398,4.8939,-2.6815,199.53,2026-09-21T13:50:00+00:00,False,False,0.0,-1.6719,0.0035
KMNO-EUR,2026-09-21T09:50:28.328058+00:00,4,1.6,0.030916,0.028836,0.034244,162.06666981192646,7.196,True,True,1.0,47,47,HORIZON_MARK,-0.3364,-1.0316,-0.05,-0.1398,4.8939,-2.6815,199.53,2026-09-21T13:50:00+00:00,False,False,0.0,-1.6719,0.0035
KMNO-EUR,2026-09-21T09:50:28.328058+00:00,4,2,0.030916,0.028836,0.035075,162.06666981192646,7.196,True,True,1.0,47,47,HORIZON_MARK,-0.3364,-1.0316,-0.05,-0.1398,4.8939,-2.6815,199.53,2026-09-21T13:50:00+00:00,False,False,0.0,-1.6719,0.0035
KMNO-EUR,2026-09-21T09:50:28.328058+00:00,12,1.4,0.030916,0.028836,0.033828,162.06666981192646,7.196,True,True,1.0,143,143,HORIZON_MARK,-4.3214,-4.9888,-0.6423,-0.6761,4.8939,-5.0815,199.53,2026-09-21T21:50:00+00:00,False,False,0.0,-8.0852,0.0035
KMNO-EUR,2026-09-21T09:50:28.328058+00:00,12,1.5,0.030916,0.028836,0.034036,162.06666981192646,7.196,True,True,1.0,143,143,HORIZON_MARK,-4.3214,-4.9888,-0.6423,-0.6761,4.8939,-5.0815,199.53,2026-09-21T21:50:00+00:00,False,False,0.0,-8.0852,0.0035
KMNO-EUR,2026-09-21T09:50:28.328058+00:00,12,1.6,0.030916,0.028836,0.034244,162.06666981192646,7.196,True,True,1.0,143,143,HORIZON_MARK,-4.3214,-4.9888,-0.6423,-0.6761,4.8939,-5.0815,199.53,2026-09-21T21:50:00+00:00,False,False,0.0,-8.0852,0.0035
KMNO-EUR,2026-09-21T09:50:28.328058+00:00,12,2,0.030916,0.028836,0.035075,162.06666981192646,7.196,True,True,1.0,143,143,HORIZON_MARK,-4.3214,-4.9888,-0.6423,-0.6761,4.8939,-5.0815,199.53,2026-09-21T21:50:00+00:00,False,False,0.0,-8.0852,0.0035
KMNO-EUR,2026-09-21T09:50:28.328058+00:00,24,1.4,0.030916,0.028836,0.033828,162.06666981192646,7.196,True,True,1.0,287,287,STOP,-6.7279,-7.3785,-1.0,-1.0,4.8939,-8.2029,199.53,2026-09-22T06:00:00+00:00,False,False,0.0,-11.9581,0.0035
KMNO-EUR,2026-09-21T09:50:28.328058+00:00,24,1.5,0.030916,0.028836,0.034036,162.06666981192646,7.196,True,True,1.0,287,287,STOP,-6.7279,-7.3785,-1.0,-1.0,4.8939,-8.2029,199.53,2026-09-22T06:00:00+00:00,False,False,0.0,-11.9581,0.0035
KMNO-EUR,2026-09-21T09:50:28.328058+00:00,24,1.6,0.030916,0.028836,0.034244,162.06666981192646,7.196,True,True,1.0,287,287,STOP,-6.7279,-7.3785,-1.0,-1.0,4.8939,-8.2029,199.53,2026-09-22T06:00:00+00:00,False,False,0.0,-11.9581,0.0035
KMNO-EUR,2026-09-21T09:50:28.328058+00:00,24,2,0.030916,0.028836,0.035075,162.06666981192646,7.196,True,True,1.0,287,287,STOP,-6.7279,-7.3785,-1.0,-1.0,4.8939,-8.2029,199.53,2026-09-22T06:00:00+00:00,False,False,0.0,-11.9581,0.0035
TREAD-EUR,2026-09-21T10:04:59.447374+00:00,4,1.4,0.38501,0.36549,0.4123380000000001,208.61390310220003,7.175,True,True,1.0,47,47,TP,7.098,6.3509,1.4,1.1079,12.1789,-0.0026,60.01,2026-09-21T11:00:00+00:00,False,False,0.5828,13.2489,0.0035
TREAD-EUR,2026-09-21T10:04:59.447374+00:00,4,1.5,0.38501,0.36549,0.41429000000000005,208.61390310220003,7.175,True,True,1.0,47,47,TP,7.605,6.8544,1.5,1.1958,12.1789,-0.0026,60.01,2026-09-21T11:00:00+00:00,False,False,0.6244,14.2992,0.0035
TREAD-EUR,2026-09-21T10:04:59.447374+00:00,4,1.6,0.38501,0.36549,0.41624200000000006,208.61390310220003,7.175,True,True,1.0,47,47,TP,8.112,7.3579,1.6,1.2836,12.1789,-0.0026,60.01,2026-09-21T11:00:00+00:00,False,False,0.6661,15.3495,0.0035
TREAD-EUR,2026-09-21T10:04:59.447374+00:00,4,2,0.38501,0.36549,0.42405,208.61390310220003,7.175,True,True,1.0,47,47,TP,10.14,9.3717,2.0,1.6349,12.1789,-0.0026,60.01,2026-09-21T11:00:00+00:00,False,False,0.8326,19.5507,0.0035
TREAD-EUR,2026-09-21T10:04:59.447374+00:00,12,1.4,0.38501,0.36549,0.4123380000000001,208.61390310220003,7.175,True,True,1.0,143,143,TP,7.098,6.3509,1.4,1.1079,14.2827,-0.0026,685.01,2026-09-21T11:00:00+00:00,False,False,0.497,13.2489,0.0035
TREAD-EUR,2026-09-21T10:04:59.447374+00:00,12,1.5,0.38501,0.36549,0.41429000000000005,208.61390310220003,7.175,True,True,1.0,143,143,TP,7.605,6.8544,1.5,1.1958,14.2827,-0.0026,685.01,2026-09-21T11:00:00+00:00,False,False,0.5325,14.2992,0.0035
TREAD-EUR,2026-09-21T10:04:59.447374+00:00,12,1.6,0.38501,0.36549,0.41624200000000006,208.61390310220003,7.175,True,True,1.0,143,143,TP,8.112,7.3579,1.6,1.2836,14.2827,-0.0026,685.01,2026-09-21T11:00:00+00:00,False,False,0.568,15.3495,0.0035
TREAD-EUR,2026-09-21T10:04:59.447374+00:00,12,2,0.38501,0.36549,0.42405,208.61390310220003,7.175,True,True,1.0,143,143,TP,10.14,9.3717,2.0,1.6349,14.2827,-0.0026,685.01,2026-09-21T11:00:00+00:00,False,False,0.7099,19.5507,0.0035
TREAD-EUR,2026-09-21T10:04:59.447374+00:00,24,1.4,0.38501,0.36549,0.4123380000000001,208.61390310220003,7.175,True,True,1.0,287,287,TP,7.098,6.3509,1.4,1.1079,21.654,-2.1636,1420.01,2026-09-21T11:00:00+00:00,False,False,0.3278,13.2489,0.0035
TREAD-EUR,2026-09-21T10:04:59.447374+00:00,24,1.5,0.38501,0.36549,0.41429000000000005,208.61390310220003,7.175,True,True,1.0,287,287,TP,7.605,6.8544,1.5,1.1958,21.654,-2.1636,1420.01,2026-09-21T11:00:00+00:00,False,False,0.3512,14.2992,0.0035
TREAD-EUR,2026-09-21T10:04:59.447374+00:00,24,1.6,0.38501,0.36549,0.41624200000000006,208.61390310220003,7.175,True,True,1.0,287,287,TP,8.112,7.3579,1.6,1.2836,21.654,-2.1636,1420.01,2026-09-21T11:00:00+00:00,False,False,0.3746,15.3495,0.0035
TREAD-EUR,2026-09-21T10:04:59.447374+00:00,24,2,0.38501,0.36549,0.42405,208.61390310220003,7.175,True,True,1.0,287,287,TP,10.14,9.3717,2.0,1.6349,21.654,-2.1636,1420.01,2026-09-21T11:00:00+00:00,False,False,0.4683,19.5507,0.0035
ARB-EUR,2026-09-21T10:55:47.244241+00:00,4,1.4,0.20236,0.187,0.22386400000000004,145.2104796091972,8.492,True,True,1.0,47,47,HORIZON_MARK,2.0014,1.2899,0.2637,0.1566,7.1852,-2.8464,124.21,2026-09-21T14:55:00+00:00,False,False,0.2785,1.873,0.0035
ARB-EUR,2026-09-21T10:55:47.244241+00:00,4,1.5,0.20236,0.187,0.22540000000000004,145.2104796091972,8.492,True,True,1.0,47,47,HORIZON_MARK,2.0014,1.2899,0.2637,0.1566,7.1852,-2.8464,124.21,2026-09-21T14:55:00+00:00,False,False,0.2785,1.873,0.0035
ARB-EUR,2026-09-21T10:55:47.244241+00:00,4,1.6,0.20236,0.187,0.22693600000000003,145.2104796091972,8.492,True,True,1.0,47,47,HORIZON_MARK,2.0014,1.2899,0.2637,0.1566,7.1852,-2.8464,124.21,2026-09-21T14:55:00+00:00,False,False,0.2785,1.873,0.0035
ARB-EUR,2026-09-21T10:55:47.244241+00:00,4,2,0.20236,0.187,0.23308,145.2104796091972,8.492,True,True,1.0,47,47,HORIZON_MARK,2.0014,1.2899,0.2637,0.1566,7.1852,-2.8464,124.21,2026-09-21T14:55:00+00:00,False,False,0.2785,1.873,0.0035
ARB-EUR,2026-09-21T10:55:47.244241+00:00,12,1.4,0.20236,0.187,0.22386400000000004,145.2104796091972,8.492,True,True,1.0,143,143,HORIZON_MARK,-2.6339,-3.3131,-0.347,-0.4023,7.1852,-4.8972,124.21,2026-09-21T22:55:00+00:00,False,False,0.0,-4.811,0.0035
ARB-EUR,2026-09-21T10:55:47.244241+00:00,12,1.5,0.20236,0.187,0.22540000000000004,145.2104796091972,8.492,True,True,1.0,143,143,HORIZON_MARK,-2.6339,-3.3131,-0.347,-0.4023,7.1852,-4.8972,124.21,2026-09-21T22:55:00+00:00,False,False,0.0,-4.811,0.0035
ARB-EUR,2026-09-21T10:55:47.244241+00:00,12,1.6,0.20236,0.187,0.22693600000000003,145.2104796091972,8.492,True,True,1.0,143,143,HORIZON_MARK,-2.6339,-3.3131,-0.347,-0.4023,7.1852,-4.8972,124.21,2026-09-21T22:55:00+00:00,False,False,0.0,-4.811,0.0035
ARB-EUR,2026-09-21T10:55:47.244241+00:00,12,2,0.20236,0.187,0.23308,145.2104796091972,8.492,True,True,1.0,143,143,HORIZON_MARK,-2.6339,-3.3131,-0.347,-0.4023,7.1852,-4.8972,124.21,2026-09-21T22:55:00+00:00,False,False,0.0,-4.811,0.0035
ARB-EUR,2026-09-21T10:55:47.244241+00:00,24,1.4,0.20236,0.187,0.22386400000000004,145.2104796091972,8.492,True,True,1.0,287,287,HORIZON_MARK,-6.2265,-6.8807,-0.8203,-0.8355,7.1852,-7.2544,124.21,2026-09-22T10:55:00+00:00,False,False,0.0,-9.9914,0.0035
ARB-EUR,2026-09-21T10:55:47.244241+00:00,24,1.5,0.20236,0.187,0.22540000000000004,145.2104796091972,8.492,True,True,1.0,287,287,HORIZON_MARK,-6.2265,-6.8807,-0.8203,-0.8355,7.1852,-7.2544,124.21,2026-09-22T10:55:00+00:00,False,False,0.0,-9.9914,0.0035
ARB-EUR,2026-09-21T10:55:47.244241+00:00,24,1.6,0.20236,0.187,0.22693600000000003,145.2104796091972,8.492,True,True,1.0,287,287,HORIZON_MARK,-6.2265,-6.8807,-0.8203,-0.8355,7.1852,-7.2544,124.21,2026-09-22T10:55:00+00:00,False,False,0.0,-9.9914,0.0035
ARB-EUR,2026-09-21T10:55:47.244241+00:00,24,2,0.20236,0.187,0.23308,145.2104796091972,8.492,True,True,1.0,287,287,HORIZON_MARK,-6.2265,-6.8807,-0.8203,-0.8355,7.1852,-7.2544,124.21,2026-09-22T10:55:00+00:00,False,False,0.0,-9.9914,0.0035
G-EUR,2026-09-21T11:34:44.104091+00:00,4,1.4,0.0058365,0.0053955,0.0064538999999999985,145.81771848293448,7.614,True,True,1.0,47,47,HORIZON_MARK,-4.4993,-5.1654,-0.5955,-0.6299,2.8013,-4.5507,0.26,2026-09-21T15:30:00+00:00,False,False,0.0,-7.5321,0.0035
G-EUR,2026-09-21T11:34:44.104091+00:00,4,1.5,0.0058365,0.0053955,0.006497999999999999,145.81771848293448,7.614,True,True,1.0,47,47,HORIZON_MARK,-4.4993,-5.1654,-0.5955,-0.6299,2.8013,-4.5507,0.26,2026-09-21T15:30:00+00:00,False,False,0.0,-7.5321,0.0035
G-EUR,2026-09-21T11:34:44.104091+00:00,4,1.6,0.0058365,0.0053955,0.006542099999999999,145.81771848293448,7.614,True,True,1.0,47,47,HORIZON_MARK,-4.4993,-5.1654,-0.5955,-0.6299,2.8013,-4.5507,0.26,2026-09-21T15:30:00+00:00,False,False,0.0,-7.5321,0.0035
G-EUR,2026-09-21T11:34:44.104091+00:00,4,2,0.0058365,0.0053955,0.0067184,145.81771848293448,7.614,True,True,1.0,47,47,HORIZON_MARK,-4.4993,-5.1654,-0.5955,-0.6299,2.8013,-4.5507,0.26,2026-09-21T15:30:00+00:00,False,False,0.0,-7.5321,0.0035
G-EUR,2026-09-21T11:34:44.104091+00:00,12,1.4,0.0058365,0.0053955,0.0064538999999999985,145.81771848293448,7.614,True,True,1.0,143,143,HORIZON_MARK,-2.8545,-3.5321,-0.3778,-0.4307,2.8013,-5.5478,0.26,2026-09-21T23:30:00+00:00,False,False,0.0,-5.1504,0.0035
G-EUR,2026-09-21T11:34:44.104091+00:00,12,1.5,0.0058365,0.0053955,0.006497999999999999,145.81771848293448,7.614,True,True,1.0,143,143,HORIZON_MARK,-2.8545,-3.5321,-0.3778,-0.4307,2.8013,-5.5478,0.26,2026-09-21T23:30:00+00:00,False,False,0.0,-5.1504,0.0035
G-EUR,2026-09-21T11:34:44.104091+00:00,12,1.6,0.0058365,0.0053955,0.006542099999999999,145.81771848293448,7.614,True,True,1.0,143,143,HORIZON_MARK,-2.8545,-3.5321,-0.3778,-0.4307,2.8013,-5.5478,0.26,2026-09-21T23:30:00+00:00,False,False,0.0,-5.1504,0.0035
G-EUR,2026-09-21T11:34:44.104091+00:00,12,2,0.0058365,0.0053955,0.0067184,145.81771848293448,7.614,True,True,1.0,143,143,HORIZON_MARK,-2.8545,-3.5321,-0.3778,-0.4307,2.8013,-5.5478,0.26,2026-09-21T23:30:00+00:00,False,False,0.0,-5.1504,0.0035
G-EUR,2026-09-21T11:34:44.104091+00:00,24,1.4,0.0058365,0.0053955,0.0064538999999999985,145.81771848293448,7.614,True,True,1.0,287,287,STOP,-7.5559,-8.2007,-1.0,-1.0,2.8013,-10.9038,0.26,2026-09-22T04:35:00+00:00,False,False,0.0,-11.9581,0.0035
G-EUR,2026-09-21T11:34:44.104091+00:00,24,1.5,0.0058365,0.0053955,0.006497999999999999,145.81771848293448,7.614,True,True,1.0,287,287,STOP,-7.5559,-8.2007,-1.0,-1.0,2.8013,-10.9038,0.26,2026-09-22T04:35:00+00:00,False,False,0.0,-11.9581,0.0035
G-EUR,2026-09-21T11:34:44.104091+00:00,24,1.6,0.0058365,0.0053955,0.006542099999999999,145.81771848293448,7.614,True,True,1.0,287,287,STOP,-7.5559,-8.2007,-1.0,-1.0,2.8013,-10.9038,0.26,2026-09-22T04:35:00+00:00,False,False,0.0,-11.9581,0.0035
G-EUR,2026-09-21T11:34:44.104091+00:00,24,2,0.0058365,0.0053955,0.0067184,145.81771848293448,7.614,True,True,1.0,287,287,STOP,-7.5559,-8.2007,-1.0,-1.0,2.8013,-10.9038,0.26,2026-09-22T04:35:00+00:00,False,False,0.0,-11.9581,0.0035
PROVE-EUR,2026-09-21T12:48:08.606250+00:00,4,1.4,0.22712,0.20983,0.251326,144.82134643039998,8.413,True,True,1.0,47,47,TP,10.6578,9.8859,1.4,1.1973,14.6178,-7.0183,56.86,2026-09-21T13:05:00+00:00,False,False,0.7291,14.3169,0.0035
PROVE-EUR,2026-09-21T12:48:08.606250+00:00,4,1.5,0.22712,0.20983,0.253055,144.82134643039998,8.413,True,True,1.0,47,47,TP,11.4191,10.6419,1.5,1.2888,14.6178,-7.0183,56.86,2026-09-21T13:05:00+00:00,False,False,0.7812,15.4117,0.0035
PROVE-EUR,2026-09-21T12:48:08.606250+00:00,4,1.6,0.22712,0.20983,0.254784,144.82134643039998,8.413,True,True,1.0,47,47,TP,12.1803,11.3978,1.6,1.3804,14.6178,-7.0183,56.86,2026-09-21T13:40:00+00:00,False,False,0.8333,16.5065,0.0035
PROVE-EUR,2026-09-21T12:48:08.606250+00:00,4,2,0.22712,0.20983,0.2617,144.82134643039998,8.413,True,True,1.0,47,47,HORIZON_MARK,-7.0183,-7.6669,-0.9219,-0.9285,14.6178,-7.0183,56.86,2026-09-21T16:45:00+00:00,False,False,0.0,-11.1033,0.0035
PROVE-EUR,2026-09-21T12:48:08.606250+00:00,12,1.4,0.22712,0.20983,0.251326,144.82134643039998,8.413,True,True,1.0,143,143,TP,10.6578,9.8859,1.4,1.1973,14.6178,-9.9727,56.86,2026-09-21T13:05:00+00:00,False,False,0.7291,14.3169,0.0035
PROVE-EUR,2026-09-21T12:48:08.606250+00:00,12,1.5,0.22712,0.20983,0.253055,144.82134643039998,8.413,True,True,1.0,143,143,TP,11.4191,10.6419,1.5,1.2888,14.6178,-9.9727,56.86,2026-09-21T13:05:00+00:00,False,False,0.7812,15.4117,0.0035
PROVE-EUR,2026-09-21T12:48:08.606250+00:00,12,1.6,0.22712,0.20983,0.254784,144.82134643039998,8.413,True,True,1.0,143,143,TP,12.1803,11.3978,1.6,1.3804,14.6178,-9.9727,56.86,2026-09-21T13:40:00+00:00,False,False,0.8333,16.5065,0.0035
PROVE-EUR,2026-09-21T12:48:08.606250+00:00,12,2,0.22712,0.20983,0.2617,144.82134643039998,8.413,True,True,1.0,143,143,STOP,-7.6127,-8.2572,-1.0,-1.0,14.6178,-9.9727,56.86,2026-09-21T17:10:00+00:00,False,False,0.0,-11.9581,0.0035
PROVE-EUR,2026-09-21T12:48:08.606250+00:00,24,1.4,0.22712,0.20983,0.251326,144.82134643039998,8.413,True,True,1.0,287,287,TP,10.6578,9.8859,1.4,1.1973,14.6178,-13.8517,56.86,2026-09-21T13:05:00+00:00,False,False,0.7291,14.3169,0.0035
PROVE-EUR,2026-09-21T12:48:08.606250+00:00,24,1.5,0.22712,0.20983,0.253055,144.82134643039998,8.413,True,True,1.0,287,287,TP,11.4191,10.6419,1.5,1.2888,14.6178,-13.8517,56.86,2026-09-21T13:05:00+00:00,False,False,0.7812,15.4117,0.0035
PROVE-EUR,2026-09-21T12:48:08.606250+00:00,24,1.6,0.22712,0.20983,0.254784,144.82134643039998,8.413,True,True,1.0,287,287,TP,12.1803,11.3978,1.6,1.3804,14.6178,-13.8517,56.86,2026-09-21T13:40:00+00:00,False,False,0.8333,16.5065,0.0035
PROVE-EUR,2026-09-21T12:48:08.606250+00:00,24,2,0.22712,0.20983,0.2617,144.82134643039998,8.413,True,True,1.0,287,287,STOP,-7.6127,-8.2572,-1.0,-1.0,14.6178,-13.8517,56.86,2026-09-21T17:10:00+00:00,False,False,0.0,-11.9581,0.0035
C-EUR,2026-09-21T13:22:15.309829+00:00,4,1.4,0.068052,0.064349,0.0732362,196.0021386588,6.767,True,True,1.0,47,47,TP,7.618,6.8673,1.4,1.1256,9.0166,-1.9897,77.74,2026-09-21T14:40:00+00:00,False,False,0.8449,13.4601,0.0035
C-EUR,2026-09-21T13:22:15.309829+00:00,4,1.5,0.068052,0.064349,0.07360649999999999,196.0021386588,6.767,True,True,1.0,47,47,TP,8.1621,7.4076,1.5,1.2142,9.0166,-1.9897,77.74,2026-09-21T14:40:00+00:00,False,False,0.9052,14.5191,0.0035
C-EUR,2026-09-21T13:22:15.309829+00:00,4,1.6,0.068052,0.064349,0.0739768,196.0021386588,6.767,True,True,1.0,47,47,TP,8.7063,7.948,1.6,1.3027,9.0166,-1.9897,77.74,2026-09-21T14:40:00+00:00,False,False,0.9656,15.5782,0.0035
C-EUR,2026-09-21T13:22:15.309829+00:00,4,2,0.068052,0.064349,0.075458,196.0021386588,6.767,True,True,1.0,47,47,HORIZON_MARK,-0.2292,-0.9252,-0.0421,-0.1516,9.0166,-1.9897,77.74,2026-09-21T17:20:00+00:00,False,False,0.0,-1.8134,0.0035
C-EUR,2026-09-21T13:22:15.309829+00:00,12,1.4,0.068052,0.064349,0.0732362,196.0021386588,6.767,True,True,1.0,143,143,TP,7.618,6.8673,1.4,1.1256,9.0166,-1.9897,77.74,2026-09-21T14:40:00+00:00,False,False,0.8449,13.4601,0.0035
C-EUR,2026-09-21T13:22:15.309829+00:00,12,1.5,0.068052,0.064349,0.07360649999999999,196.0021386588,6.767,True,True,1.0,143,143,TP,8.1621,7.4076,1.5,1.2142,9.0166,-1.9897,77.74,2026-09-21T14:40:00+00:00,False,False,0.9052,14.5191,0.0035
C-EUR,2026-09-21T13:22:15.309829+00:00,12,1.6,0.068052,0.064349,0.0739768,196.0021386588,6.767,True,True,1.0,143,143,TP,8.7063,7.948,1.6,1.3027,9.0166,-1.9897,77.74,2026-09-21T14:40:00+00:00,False,False,0.9656,15.5782,0.0035
C-EUR,2026-09-21T13:22:15.309829+00:00,12,2,0.068052,0.064349,0.075458,196.0021386588,6.767,True,True,1.0,143,143,HORIZON_MARK,3.3298,2.609,0.6119,0.4276,9.0166,-1.9897,77.74,2026-09-22T01:20:00+00:00,False,False,0.3693,5.1137,0.0035
C-EUR,2026-09-21T13:22:15.309829+00:00,24,1.4,0.068052,0.064349,0.0732362,196.0021386588,6.767,True,True,1.0,287,287,TP,7.618,6.8673,1.4,1.1256,9.0166,-1.9897,77.74,2026-09-21T14:40:00+00:00,False,False,0.8449,13.4601,0.0035
C-EUR,2026-09-21T13:22:15.309829+00:00,24,1.5,0.068052,0.064349,0.07360649999999999,196.0021386588,6.767,True,True,1.0,287,287,TP,8.1621,7.4076,1.5,1.2142,9.0166,-1.9897,77.74,2026-09-21T14:40:00+00:00,False,False,0.9052,14.5191,0.0035
C-EUR,2026-09-21T13:22:15.309829+00:00,24,1.6,0.068052,0.064349,0.0739768,196.0021386588,6.767,True,True,1.0,287,287,TP,8.7063,7.948,1.6,1.3027,9.0166,-1.9897,77.74,2026-09-21T14:40:00+00:00,False,False,0.9656,15.5782,0.0035
C-EUR,2026-09-21T13:22:15.309829+00:00,24,2,0.068052,0.064349,0.075458,196.0021386588,6.767,True,True,1.0,287,287,HORIZON_MARK,4.4775,3.7487,0.8228,0.6144,9.0166,-1.9897,77.74,2026-09-22T13:20:00+00:00,False,False,0.4966,7.3475,0.0035
CELR-EUR,2026-09-21T13:56:20.167155+00:00,4,1.4,0.0031493,0.0029679,0.00340326,186.33973811529998,6.636,True,True,1.0,47,47,TP,8.064,7.3102,1.4,1.1391,9.8657,-10.4849,33.66,2026-09-21T14:25:00+00:00,False,False,0.8174,13.6218,0.0035
CELR-EUR,2026-09-21T13:56:20.167155+00:00,4,1.5,0.0031493,0.0029679,0.0034214,186.33973811529998,6.636,True,True,1.0,47,47,TP,8.64,7.8822,1.5,1.2283,9.8657,-10.4849,33.66,2026-09-21T14:30:00+00:00,False,False,0.8758,14.6876,0.0035
CELR-EUR,2026-09-21T13:56:20.167155+00:00,4,1.6,0.0031493,0.0029679,0.0034395399999999996,186.33973811529998,6.636,True,True,1.0,47,47,TP,9.216,8.4542,1.6,1.3174,9.8657,-10.4849,33.66,2026-09-21T14:30:00+00:00,False,False,0.9341,15.7535,0.0035
CELR-EUR,2026-09-21T13:56:20.167155+00:00,4,2,0.0031493,0.0029679,0.003512,186.33973811529998,6.636,True,True,1.0,47,47,STOP,-5.76,-6.4174,-1.0,-1.0,9.8657,-10.4849,33.66,2026-09-21T16:40:00+00:00,False,False,0.0,-11.9581,0.0035
CELR-EUR,2026-09-21T13:56:20.167155+00:00,12,1.4,0.0031493,0.0029679,0.00340326,186.33973811529998,6.636,True,True,1.0,143,143,TP,8.064,7.3102,1.4,1.1391,9.8657,-12.8441,33.66,2026-09-21T14:25:00+00:00,False,False,0.8174,13.6218,0.0035
CELR-EUR,2026-09-21T13:56:20.167155+00:00,12,1.5,0.0031493,0.0029679,0.0034214,186.33973811529998,6.636,True,True,1.0,143,143,TP,8.64,7.8822,1.5,1.2283,9.8657,-12.8441,33.66,2026-09-21T14:30:00+00:00,False,False,0.8758,14.6876,0.0035
CELR-EUR,2026-09-21T13:56:20.167155+00:00,12,1.6,0.0031493,0.0029679,0.0034395399999999996,186.33973811529998,6.636,True,True,1.0,143,143,TP,9.216,8.4542,1.6,1.3174,9.8657,-12.8441,33.66,2026-09-21T14:30:00+00:00,False,False,0.9341,15.7535,0.0035
CELR-EUR,2026-09-21T13:56:20.167155+00:00,12,2,0.0031493,0.0029679,0.003512,186.33973811529998,6.636,True,True,1.0,143,143,STOP,-5.76,-6.4174,-1.0,-1.0,9.8657,-12.8441,33.66,2026-09-21T16:40:00+00:00,False,False,0.0,-11.9581,0.0035
CELR-EUR,2026-09-21T13:56:20.167155+00:00,24,1.4,0.0031493,0.0029679,0.00340326,186.33973811529998,6.636,True,True,1.0,287,287,TP,8.064,7.3102,1.4,1.1391,9.8657,-14.7398,33.66,2026-09-21T14:25:00+00:00,False,False,0.8174,13.6218,0.0035
CELR-EUR,2026-09-21T13:56:20.167155+00:00,24,1.5,0.0031493,0.0029679,0.0034214,186.33973811529998,6.636,True,True,1.0,287,287,TP,8.64,7.8822,1.5,1.2283,9.8657,-14.7398,33.66,2026-09-21T14:30:00+00:00,False,False,0.8758,14.6876,0.0035
CELR-EUR,2026-09-21T13:56:20.167155+00:00,24,1.6,0.0031493,0.0029679,0.0034395399999999996,186.33973811529998,6.636,True,True,1.0,287,287,TP,9.216,8.4542,1.6,1.3174,9.8657,-14.7398,33.66,2026-09-21T14:30:00+00:00,False,False,0.9341,15.7535,0.0035
CELR-EUR,2026-09-21T13:56:20.167155+00:00,24,2,0.0031493,0.0029679,0.003512,186.33973811529998,6.636,True,True,1.0,287,287,STOP,-5.76,-6.4174,-1.0,-1.0,9.8657,-14.7398,33.66,2026-09-21T16:40:00+00:00,False,False,0.0,-11.9581,0.0035
ACE-EUR,2026-09-21T15:25:07.241948+00:00,4,1.4,0.1525,0.14572,0.161992,233.902581490525,8.5,True,True,1.0,47,47,HORIZON_MARK,0.3279,-0.372,0.0737,-0.0728,3.1803,-1.2066,134.88,2026-09-21T19:25:00+00:00,False,False,0.1031,-0.8701,0.0035
ACE-EUR,2026-09-21T15:25:07.241948+00:00,4,1.5,0.1525,0.14572,0.16267,233.902581490525,8.5,True,True,1.0,47,47,HORIZON_MARK,0.3279,-0.372,0.0737,-0.0728,3.1803,-1.2066,134.88,2026-09-21T19:25:00+00:00,False,False,0.1031,-0.8701,0.0035
ACE-EUR,2026-09-21T15:25:07.241948+00:00,4,1.6,0.1525,0.14572,0.16334800000000002,233.902581490525,8.5,True,True,1.0,47,47,HORIZON_MARK,0.3279,-0.372,0.0737,-0.0728,3.1803,-1.2066,134.88,2026-09-21T19:25:00+00:00,False,False,0.1031,-0.8701,0.0035
ACE-EUR,2026-09-21T15:25:07.241948+00:00,4,2,0.1525,0.14572,0.16606,233.902581490525,8.5,True,True,1.0,47,47,HORIZON_MARK,0.3279,-0.372,0.0737,-0.0728,3.1803,-1.2066,134.88,2026-09-21T19:25:00+00:00,False,False,0.1031,-0.8701,0.0035
ACE-EUR,2026-09-21T15:25:07.241948+00:00,12,1.4,0.1525,0.14572,0.161992,233.902581490525,8.5,True,True,1.0,143,143,HORIZON_MARK,-0.2557,-0.9515,-0.0575,-0.1861,3.1803,-2.5967,134.88,2026-09-22T03:25:00+00:00,False,False,0.0,-2.2256,0.0035
ACE-EUR,2026-09-21T15:25:07.241948+00:00,12,1.5,0.1525,0.14572,0.16267,233.902581490525,8.5,True,True,1.0,143,143,HORIZON_MARK,-0.2557,-0.9515,-0.0575,-0.1861,3.1803,-2.5967,134.88,2026-09-22T03:25:00+00:00,False,False,0.0,-2.2256,0.0035
ACE-EUR,2026-09-21T15:25:07.241948+00:00,12,1.6,0.1525,0.14572,0.16334800000000002,233.902581490525,8.5,True,True,1.0,143,143,HORIZON_MARK,-0.2557,-0.9515,-0.0575,-0.1861,3.1803,-2.5967,134.88,2026-09-22T03:25:00+00:00,False,False,0.0,-2.2256,0.0035
ACE-EUR,2026-09-21T15:25:07.241948+00:00,12,2,0.1525,0.14572,0.16606,233.902581490525,8.5,True,True,1.0,143,143,HORIZON_MARK,-0.2557,-0.9515,-0.0575,-0.1861,3.1803,-2.5967,134.88,2026-09-22T03:25:00+00:00,False,False,0.0,-2.2256,0.0035
ACE-EUR,2026-09-21T15:25:07.241948+00:00,24,1.4,0.1525,0.14572,0.161992,233.902581490525,8.5,True,True,1.0,287,287,STOP,-4.4459,-5.1124,-1.0,-1.0,3.1803,-4.6295,134.88,2026-09-22T14:35:00+00:00,False,True,0.0,-11.9581,0.0035
ACE-EUR,2026-09-21T15:25:07.241948+00:00,24,1.5,0.1525,0.14572,0.16267,233.902581490525,8.5,True,True,1.0,287,287,STOP,-4.4459,-5.1124,-1.0,-1.0,3.1803,-4.6295,134.88,2026-09-22T14:35:00+00:00,False,True,0.0,-11.9581,0.0035
ACE-EUR,2026-09-21T15:25:07.241948+00:00,24,1.6,0.1525,0.14572,0.16334800000000002,233.902581490525,8.5,True,True,1.0,287,287,STOP,-4.4459,-5.1124,-1.0,-1.0,3.1803,-4.6295,134.88,2026-09-22T14:35:00+00:00,False,True,0.0,-11.9581,0.0035
ACE-EUR,2026-09-21T15:25:07.241948+00:00,24,2,0.1525,0.14572,0.16606,233.902581490525,8.5,True,True,1.0,287,287,STOP,-4.4459,-5.1124,-1.0,-1.0,3.1803,-4.6295,134.88,2026-09-22T14:35:00+00:00,False,True,0.0,-11.9581,0.0035
ALLO-EUR,2026-09-21T16:35:23.502203+00:00,4,1.4,0.243967,0.226338,0.2686476,151.8855349253,9.71,True,True,1.0,47,47,HORIZON_MARK,-4.9285,-5.5917,-0.6821,-0.7102,4.5223,-5.4823,9.61,2026-09-21T20:35:00+00:00,False,False,0.0,-8.493,0.0035
ALLO-EUR,2026-09-21T16:35:23.502203+00:00,4,1.5,0.243967,0.226338,0.27041049999999994,151.8855349253,9.71,True,True,1.0,47,47,HORIZON_MARK,-4.9285,-5.5917,-0.6821,-0.7102,4.5223,-5.4823,9.61,2026-09-21T20:35:00+00:00,False,False,0.0,-8.493,0.0035
ALLO-EUR,2026-09-21T16:35:23.502203+00:00,4,1.6,0.243967,0.226338,0.27217339999999995,151.8855349253,9.71,True,True,1.0,47,47,HORIZON_MARK,-4.9285,-5.5917,-0.6821,-0.7102,4.5223,-5.4823,9.61,2026-09-21T20:35:00+00:00,False,False,0.0,-8.493,0.0035
ALLO-EUR,2026-09-21T16:35:23.502203+00:00,4,2,0.243967,0.226338,0.279224,151.8855349253,9.71,True,True,1.0,47,47,HORIZON_MARK,-4.9285,-5.5917,-0.6821,-0.7102,4.5223,-5.4823,9.61,2026-09-21T20:35:00+00:00,False,False,0.0,-8.493,0.0035
ALLO-EUR,2026-09-21T16:35:23.502203+00:00,12,1.4,0.243967,0.226338,0.2686476,151.8855349253,9.71,True,True,1.0,143,143,STOP,-7.226,-7.8731,-1.0,-1.0,4.5223,-7.7515,9.61,2026-09-22T03:00:00+00:00,False,True,0.0,-11.9581,0.0035
ALLO-EUR,2026-09-21T16:35:23.502203+00:00,12,1.5,0.243967,0.226338,0.27041049999999994,151.8855349253,9.71,True,True,1.0,143,143,STOP,-7.226,-7.8731,-1.0,-1.0,4.5223,-7.7515,9.61,2026-09-22T03:00:00+00:00,False,True,0.0,-11.9581,0.0035
ALLO-EUR,2026-09-21T16:35:23.502203+00:00,12,1.6,0.243967,0.226338,0.27217339999999995,151.8855349253,9.71,True,True,1.0,143,143,STOP,-7.226,-7.8731,-1.0,-1.0,4.5223,-7.7515,9.61,2026-09-22T03:00:00+00:00,False,True,0.0,-11.9581,0.0035
ALLO-EUR,2026-09-21T16:35:23.502203+00:00,12,2,0.243967,0.226338,0.279224,151.8855349253,9.71,True,True,1.0,143,143,STOP,-7.226,-7.8731,-1.0,-1.0,4.5223,-7.7515,9.61,2026-09-22T03:00:00+00:00,False,True,0.0,-11.9581,0.0035
ALLO-EUR,2026-09-21T16:35:23.502203+00:00,24,1.4,0.243967,0.226338,0.2686476,151.8855349253,9.71,True,True,1.0,287,287,STOP,-7.226,-7.8731,-1.0,-1.0,4.5223,-9.514,9.61,2026-09-22T03:00:00+00:00,False,True,0.0,-11.9581,0.0035
ALLO-EUR,2026-09-21T16:35:23.502203+00:00,24,1.5,0.243967,0.226338,0.27041049999999994,151.8855349253,9.71,True,True,1.0,287,287,STOP,-7.226,-7.8731,-1.0,-1.0,4.5223,-9.514,9.61,2026-09-22T03:00:00+00:00,False,True,0.0,-11.9581,0.0035
ALLO-EUR,2026-09-21T16:35:23.502203+00:00,24,1.6,0.243967,0.226338,0.27217339999999995,151.8855349253,9.71,True,True,1.0,287,287,STOP,-7.226,-7.8731,-1.0,-1.0,4.5223,-9.514,9.61,2026-09-22T03:00:00+00:00,False,True,0.0,-11.9581,0.0035
ALLO-EUR,2026-09-21T16:35:23.502203+00:00,24,2,0.243967,0.226338,0.279224,151.8855349253,9.71,True,True,1.0,287,287,STOP,-7.226,-7.8731,-1.0,-1.0,4.5223,-9.514,9.61,2026-09-22T03:00:00+00:00,False,True,0.0,-11.9581,0.0035
GRASS-EUR,2026-09-21T20:18:05.747955+00:00,4,1.4,0.34572,0.31894,0.38321200000000005,142.5340415866884,9.817,True,True,1.0,47,47,TP,10.8446,10.0714,1.4,1.2005,14.1589,0.8735,61.9,2026-09-21T21:00:00+00:00,False,False,0.7659,14.3552,0.0035
GRASS-EUR,2026-09-21T20:18:05.747955+00:00,4,1.5,0.34572,0.31894,0.38589000000000007,142.5340415866884,9.817,True,True,1.0,47,47,TP,11.6192,10.8406,1.5,1.2921,14.1589,0.8735,61.9,2026-09-21T21:00:00+00:00,False,False,0.8206,15.4516,0.0035
GRASS-EUR,2026-09-21T20:18:05.747955+00:00,4,1.6,0.34572,0.31894,0.3885680000000001,142.5340415866884,9.817,True,True,1.0,47,47,TP,12.3938,11.6098,1.6,1.3838,14.1589,0.8735,61.9,2026-09-21T21:10:00+00:00,False,False,0.8753,16.548,0.0035
GRASS-EUR,2026-09-21T20:18:05.747955+00:00,4,2,0.34572,0.31894,0.39928,142.5340415866884,9.817,True,True,1.0,47,47,HORIZON_MARK,4.7669,4.0361,0.6154,0.4811,14.1589,0.8735,61.9,2026-09-22T00:15:00+00:00,False,False,0.3367,5.7527,0.0035
GRASS-EUR,2026-09-21T20:18:05.747955+00:00,12,1.4,0.34572,0.31894,0.38321200000000005,142.5340415866884,9.817,True,True,1.0,143,143,TP,10.8446,10.0714,1.4,1.2005,16.739,0.512,666.9,2026-09-21T21:00:00+00:00,False,False,0.6479,14.3552,0.0035
GRASS-EUR,2026-09-21T20:18:05.747955+00:00,12,1.5,0.34572,0.31894,0.38589000000000007,142.5340415866884,9.817,True,True,1.0,143,143,TP,11.6192,10.8406,1.5,1.2921,16.739,0.512,666.9,2026-09-21T21:00:00+00:00,False,False,0.6941,15.4516,0.0035
GRASS-EUR,2026-09-21T20:18:05.747955+00:00,12,1.6,0.34572,0.31894,0.3885680000000001,142.5340415866884,9.817,True,True,1.0,143,143,TP,12.3938,11.6098,1.6,1.3838,16.739,0.512,666.9,2026-09-21T21:10:00+00:00,False,False,0.7404,16.548,0.0035
GRASS-EUR,2026-09-21T20:18:05.747955+00:00,12,2,0.34572,0.31894,0.39928,142.5340415866884,9.817,True,True,1.0,143,143,TP,15.4923,14.6867,2.0,1.7506,16.739,0.512,666.9,2026-09-22T05:10:00+00:00,False,False,0.9255,20.9335,0.0035
GRASS-EUR,2026-09-21T20:18:05.747955+00:00,24,1.4,0.34572,0.31894,0.38321200000000005,142.5340415866884,9.817,True,True,1.0,287,287,TP,10.8446,10.0714,1.4,1.2005,18.191,0.512,756.9,2026-09-21T21:00:00+00:00,False,False,0.5962,14.3552,0.0035
GRASS-EUR,2026-09-21T20:18:05.747955+00:00,24,1.5,0.34572,0.31894,0.38589000000000007,142.5340415866884,9.817,True,True,1.0,287,287,TP,11.6192,10.8406,1.5,1.2921,18.191,0.512,756.9,2026-09-21T21:00:00+00:00,False,False,0.6387,15.4516,0.0035
GRASS-EUR,2026-09-21T20:18:05.747955+00:00,24,1.6,0.34572,0.31894,0.3885680000000001,142.5340415866884,9.817,True,True,1.0,287,287,TP,12.3938,11.6098,1.6,1.3838,18.191,0.512,756.9,2026-09-21T21:10:00+00:00,False,False,0.6813,16.548,0.0035
GRASS-EUR,2026-09-21T20:18:05.747955+00:00,24,2,0.34572,0.31894,0.39928,142.5340415866884,9.817,True,True,1.0,287,287,TP,15.4923,14.6867,2.0,1.7506,18.191,0.512,756.9,2026-09-22T05:10:00+00:00,False,False,0.8516,20.9335,0.0035
TAO-EUR,2026-09-21T20:20:06.238863+00:00,4,1.4,269.88,243.48,306.84000000000003,114.8557490028,8.816,True,True,1.0,47,47,HORIZON_MARK,3.4163,2.6949,0.3492,0.2588,4.1166,-2.59,234.9,2026-09-22T00:20:00+00:00,False,False,0.8299,3.0953,0.0035
TAO-EUR,2026-09-21T20:20:06.238863+00:00,4,1.5,269.88,243.48,309.48,114.8557490028,8.816,True,True,1.0,47,47,HORIZON_MARK,3.4163,2.6949,0.3492,0.2588,4.1166,-2.59,234.9,2026-09-22T00:20:00+00:00,False,False,0.8299,3.0953,0.0035
TAO-EUR,2026-09-21T20:20:06.238863+00:00,4,1.6,269.88,243.48,312.12,114.8557490028,8.816,True,True,1.0,47,47,HORIZON_MARK,3.4163,2.6949,0.3492,0.2588,4.1166,-2.59,234.9,2026-09-22T00:20:00+00:00,False,False,0.8299,3.0953,0.0035
TAO-EUR,2026-09-21T20:20:06.238863+00:00,4,2,269.88,243.48,322.68,114.8557490028,8.816,True,True,1.0,47,47,HORIZON_MARK,3.4163,2.6949,0.3492,0.2588,4.1166,-2.59,234.9,2026-09-22T00:20:00+00:00,False,False,0.8299,3.0953,0.0035
TAO-EUR,2026-09-21T20:20:06.238863+00:00,12,1.4,269.88,243.48,306.84000000000003,114.8557490028,8.816,True,True,1.0,143,143,HORIZON_MARK,2.0935,1.3814,0.214,0.1327,5.0578,-2.59,579.9,2026-09-22T08:20:00+00:00,False,False,0.4139,1.5866,0.0035
TAO-EUR,2026-09-21T20:20:06.238863+00:00,12,1.5,269.88,243.48,309.48,114.8557490028,8.816,True,True,1.0,143,143,HORIZON_MARK,2.0935,1.3814,0.214,0.1327,5.0578,-2.59,579.9,2026-09-22T08:20:00+00:00,False,False,0.4139,1.5866,0.0035
TAO-EUR,2026-09-21T20:20:06.238863+00:00,12,1.6,269.88,243.48,312.12,114.8557490028,8.816,True,True,1.0,143,143,HORIZON_MARK,2.0935,1.3814,0.214,0.1327,5.0578,-2.59,579.9,2026-09-22T08:20:00+00:00,False,False,0.4139,1.5866,0.0035
TAO-EUR,2026-09-21T20:20:06.238863+00:00,12,2,269.88,243.48,322.68,114.8557490028,8.816,True,True,1.0,143,143,HORIZON_MARK,2.0935,1.3814,0.214,0.1327,5.0578,-2.59,579.9,2026-09-22T08:20:00+00:00,False,False,0.4139,1.5866,0.0035
TAO-EUR,2026-09-21T20:20:06.238863+00:00,24,1.4,269.88,243.48,306.84000000000003,114.8557490028,8.816,True,True,1.0,287,287,HORIZON_MARK,0.0222,-0.6755,0.0023,-0.0649,5.5803,-2.59,1064.9,2026-09-22T20:20:00+00:00,False,False,0.004,-0.7758,0.0035
TAO-EUR,2026-09-21T20:20:06.238863+00:00,24,1.5,269.88,243.48,309.48,114.8557490028,8.816,True,True,1.0,287,287,HORIZON_MARK,0.0222,-0.6755,0.0023,-0.0649,5.5803,-2.59,1064.9,2026-09-22T20:20:00+00:00,False,False,0.004,-0.7758,0.0035
TAO-EUR,2026-09-21T20:20:06.238863+00:00,24,1.6,269.88,243.48,312.12,114.8557490028,8.816,True,True,1.0,287,287,HORIZON_MARK,0.0222,-0.6755,0.0023,-0.0649,5.5803,-2.59,1064.9,2026-09-22T20:20:00+00:00,False,False,0.004,-0.7758,0.0035
TAO-EUR,2026-09-21T20:20:06.238863+00:00,24,2,269.88,243.48,322.68,114.8557490028,8.816,True,True,1.0,287,287,HORIZON_MARK,0.0222,-0.6755,0.0023,-0.0649,5.5803,-2.59,1064.9,2026-09-22T20:20:00+00:00,False,False,0.004,-0.7758,0.0035
COTI-EUR,2026-09-21T21:21:27.090819+00:00,4,1.4,0.01346,0.012835,0.014335,225.2617559175046,7.121,True,True,1.0,47,47,STOP,-4.6434,-5.3086,-1.0,-1.0,0.6166,-5.364,3.55,2026-09-21T23:40:00+00:00,False,False,0.0,-11.9581,0.0035
COTI-EUR,2026-09-21T21:21:27.090819+00:00,4,1.5,0.01346,0.012835,0.0143975,225.2617559175046,7.121,True,True,1.0,47,47,STOP,-4.6434,-5.3086,-1.0,-1.0,0.6166,-5.364,3.55,2026-09-21T23:40:00+00:00,False,False,0.0,-11.9581,0.0035
COTI-EUR,2026-09-21T21:21:27.090819+00:00,4,1.6,0.01346,0.012835,0.01446,225.2617559175046,7.121,True,True,1.0,47,47,STOP,-4.6434,-5.3086,-1.0,-1.0,0.6166,-5.364,3.55,2026-09-21T23:40:00+00:00,False,False,0.0,-11.9581,0.0035
COTI-EUR,2026-09-21T21:21:27.090819+00:00,4,2,0.01346,0.012835,0.01471,225.2617559175046,7.121,True,True,1.0,47,47,STOP,-4.6434,-5.3086,-1.0,-1.0,0.6166,-5.364,3.55,2026-09-21T23:40:00+00:00,False,False,0.0,-11.9581,0.0035
COTI-EUR,2026-09-21T21:21:27.090819+00:00,12,1.4,0.01346,0.012835,0.014335,225.2617559175046,7.121,True,True,1.0,143,143,STOP,-4.6434,-5.3086,-1.0,-1.0,1.6048,-7.6746,693.55,2026-09-21T23:40:00+00:00,False,False,0.0,-11.9581,0.0035
COTI-EUR,2026-09-21T21:21:27.090819+00:00,12,1.5,0.01346,0.012835,0.0143975,225.2617559175046,7.121,True,True,1.0,143,143,STOP,-4.6434,-5.3086,-1.0,-1.0,1.6048,-7.6746,693.55,2026-09-21T23:40:00+00:00,False,False,0.0,-11.9581,0.0035
COTI-EUR,2026-09-21T21:21:27.090819+00:00,12,1.6,0.01346,0.012835,0.01446,225.2617559175046,7.121,True,True,1.0,143,143,STOP,-4.6434,-5.3086,-1.0,-1.0,1.6048,-7.6746,693.55,2026-09-21T23:40:00+00:00,False,False,0.0,-11.9581,0.0035
COTI-EUR,2026-09-21T21:21:27.090819+00:00,12,2,0.01346,0.012835,0.01471,225.2617559175046,7.121,True,True,1.0,143,143,STOP,-4.6434,-5.3086,-1.0,-1.0,1.6048,-7.6746,693.55,2026-09-21T23:40:00+00:00,False,False,0.0,-11.9581,0.0035
COTI-EUR,2026-09-21T21:21:27.090819+00:00,24,1.4,0.01346,0.012835,0.014335,225.2617559175046,7.121,True,True,1.0,287,287,STOP,-4.6434,-5.3086,-1.0,-1.0,4.5394,-7.6746,1023.55,2026-09-21T23:40:00+00:00,False,False,0.0,-11.9581,0.0035
COTI-EUR,2026-09-21T21:21:27.090819+00:00,24,1.5,0.01346,0.012835,0.0143975,225.2617559175046,7.121,True,True,1.0,287,287,STOP,-4.6434,-5.3086,-1.0,-1.0,4.5394,-7.6746,1023.55,2026-09-21T23:40:00+00:00,False,False,0.0,-11.9581,0.0035
COTI-EUR,2026-09-21T21:21:27.090819+00:00,24,1.6,0.01346,0.012835,0.01446,225.2617559175046,7.121,True,True,1.0,287,287,STOP,-4.6434,-5.3086,-1.0,-1.0,4.5394,-7.6746,1023.55,2026-09-21T23:40:00+00:00,False,False,0.0,-11.9581,0.0035
COTI-EUR,2026-09-21T21:21:27.090819+00:00,24,2,0.01346,0.012835,0.01471,225.2617559175046,7.121,True,True,1.0,287,287,STOP,-4.6434,-5.3086,-1.0,-1.0,4.5394,-7.6746,1023.55,2026-09-21T23:40:00+00:00,False,False,0.0,-11.9581,0.0035
ZETA-EUR,2026-09-22T00:27:00.794011+00:00,4,1.4,0.051019,0.046926,0.0567492,138.0195119849,7.5,True,True,1.0,47,47,TP,11.2315,10.4556,1.4,1.2068,16.6232,-2.746,162.99,2026-09-22T02:45:00+00:00,False,False,0.6757,14.4308,0.0035
ZETA-EUR,2026-09-22T00:27:00.794011+00:00,4,1.5,0.051019,0.046926,0.0571585,138.0195119849,7.5,True,True,1.0,47,47,TP,12.0338,11.2523,1.5,1.2987,16.6232,-2.746,162.99,2026-09-22T02:45:00+00:00,False,False,0.7239,15.5303,0.0035
ZETA-EUR,2026-09-22T00:27:00.794011+00:00,4,1.6,0.051019,0.046926,0.0575678,138.0195119849,7.5,True,True,1.0,47,47,TP,12.836,12.0489,1.6,1.3907,16.6232,-2.746,162.99,2026-09-22T03:05:00+00:00,False,False,0.7722,16.6298,0.0035
ZETA-EUR,2026-09-22T00:27:00.794011+00:00,4,2,0.051019,0.046926,0.059205,138.0195119849,7.5,True,True,1.0,47,47,TP,16.045,15.2355,2.0,1.7585,16.6232,-2.746,162.99,2026-09-22T03:10:00+00:00,False,False,0.9652,21.028,0.0035
ZETA-EUR,2026-09-22T00:27:00.794011+00:00,12,1.4,0.051019,0.046926,0.0567492,138.0195119849,7.5,True,True,1.0,143,143,TP,11.2315,10.4556,1.4,1.2068,16.6232,-8.0872,162.99,2026-09-22T02:45:00+00:00,False,False,0.6757,14.4308,0.0035
ZETA-EUR,2026-09-22T00:27:00.794011+00:00,12,1.5,0.051019,0.046926,0.0571585,138.0195119849,7.5,True,True,1.0,143,143,TP,12.0338,11.2523,1.5,1.2987,16.6232,-8.0872,162.99,2026-09-22T02:45:00+00:00,False,False,0.7239,15.5303,0.0035
ZETA-EUR,2026-09-22T00:27:00.794011+00:00,12,1.6,0.051019,0.046926,0.0575678,138.0195119849,7.5,True,True,1.0,143,143,TP,12.836,12.0489,1.6,1.3907,16.6232,-8.0872,162.99,2026-09-22T03:05:00+00:00,False,False,0.7722,16.6298,0.0035
ZETA-EUR,2026-09-22T00:27:00.794011+00:00,12,2,0.051019,0.046926,0.059205,138.0195119849,7.5,True,True,1.0,143,143,TP,16.045,15.2355,2.0,1.7585,16.6232,-8.0872,162.99,2026-09-22T03:10:00+00:00,False,False,0.9652,21.028,0.0035
ZETA-EUR,2026-09-22T00:27:00.794011+00:00,24,1.4,0.051019,0.046926,0.0567492,138.0195119849,7.5,True,False,0.99608,254,255,TP,11.2315,10.4556,1.4,1.2068,16.6232,-8.0872,162.99,2026-09-22T02:45:00+00:00,False,False,0.6757,14.4308,0.0035
ZETA-EUR,2026-09-22T00:27:00.794011+00:00,24,1.5,0.051019,0.046926,0.0571585,138.0195119849,7.5,True,False,0.99608,254,255,TP,12.0338,11.2523,1.5,1.2987,16.6232,-8.0872,162.99,2026-09-22T02:45:00+00:00,False,False,0.7239,15.5303,0.0035
ZETA-EUR,2026-09-22T00:27:00.794011+00:00,24,1.6,0.051019,0.046926,0.0575678,138.0195119849,7.5,True,False,0.99608,254,255,TP,12.836,12.0489,1.6,1.3907,16.6232,-8.0872,162.99,2026-09-22T03:05:00+00:00,False,False,0.7722,16.6298,0.0035
ZETA-EUR,2026-09-22T00:27:00.794011+00:00,24,2,0.051019,0.046926,0.059205,138.0195119849,7.5,True,False,0.99608,254,255,TP,16.045,15.2355,2.0,1.7585,16.6232,-8.0872,162.99,2026-09-22T03:10:00+00:00,False,False,0.9652,21.028,0.0035
EPIC-EUR,2026-09-22T02:56:58.278165+00:00,4,1.4,0.56687,0.51956,0.6331039999999999,133.0875878612078,8.334,True,True,1.0,47,47,HORIZON_MARK,-0.1711,-0.8675,-0.0205,-0.0965,1.5541,-3.6163,193.03,2026-09-22T06:55:00+00:00,False,False,0.0,-1.1545,0.0035
EPIC-EUR,2026-09-22T02:56:58.278165+00:00,4,1.5,0.56687,0.51956,0.6378349999999999,133.0875878612078,8.334,True,True,1.0,47,47,HORIZON_MARK,-0.1711,-0.8675,-0.0205,-0.0965,1.5541,-3.6163,193.03,2026-09-22T06:55:00+00:00,False,False,0.0,-1.1545,0.0035
EPIC-EUR,2026-09-22T02:56:58.278165+00:00,4,1.6,0.56687,0.51956,0.642566,133.0875878612078,8.334,True,True,1.0,47,47,HORIZON_MARK,-0.1711,-0.8675,-0.0205,-0.0965,1.5541,-3.6163,193.03,2026-09-22T06:55:00+00:00,False,False,0.0,-1.1545,0.0035
EPIC-EUR,2026-09-22T02:56:58.278165+00:00,4,2,0.56687,0.51956,0.66148,133.0875878612078,8.334,True,True,1.0,47,47,HORIZON_MARK,-0.1711,-0.8675,-0.0205,-0.0965,1.5541,-3.6163,193.03,2026-09-22T06:55:00+00:00,False,False,0.0,-1.1545,0.0035
EPIC-EUR,2026-09-22T02:56:58.278165+00:00,12,1.4,0.56687,0.51956,0.6331039999999999,133.0875878612078,8.334,True,True,1.0,143,143,STOP,-8.3458,-8.9852,-1.0,-1.0,4.8865,-20.6061,393.03,2026-09-22T10:05:00+00:00,False,False,0.0,-11.9581,0.0035
EPIC-EUR,2026-09-22T02:56:58.278165+00:00,12,1.5,0.56687,0.51956,0.6378349999999999,133.0875878612078,8.334,True,True,1.0,143,143,STOP,-8.3458,-8.9852,-1.0,-1.0,4.8865,-20.6061,393.03,2026-09-22T10:05:00+00:00,False,False,0.0,-11.9581,0.0035
EPIC-EUR,2026-09-22T02:56:58.278165+00:00,12,1.6,0.56687,0.51956,0.642566,133.0875878612078,8.334,True,True,1.0,143,143,STOP,-8.3458,-8.9852,-1.0,-1.0,4.8865,-20.6061,393.03,2026-09-22T10:05:00+00:00,False,False,0.0,-11.9581,0.0035
EPIC-EUR,2026-09-22T02:56:58.278165+00:00,12,2,0.56687,0.51956,0.66148,133.0875878612078,8.334,True,True,1.0,143,143,STOP,-8.3458,-8.9852,-1.0,-1.0,4.8865,-20.6061,393.03,2026-09-22T10:05:00+00:00,False,False,0.0,-11.9581,0.0035
EPIC-EUR,2026-09-22T02:56:58.278165+00:00,24,1.4,0.56687,0.51956,0.6331039999999999,133.0875878612078,8.334,True,False,0.99556,224,225,STOP,-8.3458,-8.9852,-1.0,-1.0,4.8865,-20.6061,393.03,2026-09-22T10:05:00+00:00,False,False,0.0,-11.9581,0.0035
EPIC-EUR,2026-09-22T02:56:58.278165+00:00,24,1.5,0.56687,0.51956,0.6378349999999999,133.0875878612078,8.334,True,False,0.99556,224,225,STOP,-8.3458,-8.9852,-1.0,-1.0,4.8865,-20.6061,393.03,2026-09-22T10:05:00+00:00,False,False,0.0,-11.9581,0.0035
EPIC-EUR,2026-09-22T02:56:58.278165+00:00,24,1.6,0.56687,0.51956,0.642566,133.0875878612078,8.334,True,False,0.99556,224,225,STOP,-8.3458,-8.9852,-1.0,-1.0,4.8865,-20.6061,393.03,2026-09-22T10:05:00+00:00,False,False,0.0,-11.9581,0.0035
EPIC-EUR,2026-09-22T02:56:58.278165+00:00,24,2,0.56687,0.51956,0.66148,133.0875878612078,8.334,True,False,0.99556,224,225,STOP,-8.3458,-8.9852,-1.0,-1.0,4.8865,-20.6061,393.03,2026-09-22T10:05:00+00:00,False,False,0.0,-11.9581,0.0035
NIL-EUR,2026-09-22T06:33:18.279374+00:00,4,1.4,0.064545,0.05919,0.07204200000000001,133.81656846877215,7.78,True,True,1.0,47,47,TP,11.6152,10.8366,1.4,1.2127,13.6525,-0.5221,181.7,2026-09-22T09:30:00+00:00,False,False,0.8508,14.5011,0.0035
NIL-EUR,2026-09-22T06:33:18.279374+00:00,4,1.5,0.064545,0.05919,0.07257750000000002,133.81656846877215,7.78,True,True,1.0,47,47,TP,12.4448,11.6604,1.5,1.3049,13.6525,-0.5221,181.7,2026-09-22T09:35:00+00:00,False,False,0.9115,15.6036,0.0035
NIL-EUR,2026-09-22T06:33:18.279374+00:00,4,1.6,0.064545,0.05919,0.07311300000000001,133.81656846877215,7.78,True,True,1.0,47,47,TP,13.2745,12.4843,1.6,1.397,13.6525,-0.5221,181.7,2026-09-22T09:35:00+00:00,False,False,0.9723,16.7061,0.0035
NIL-EUR,2026-09-22T06:33:18.279374+00:00,4,2,0.064545,0.05919,0.075255,133.81656846877215,7.78,True,True,1.0,47,47,HORIZON_MARK,9.4461,8.6827,1.1386,0.9716,13.6525,-0.5221,181.7,2026-09-22T10:30:00+00:00,False,False,0.6919,11.6189,0.0035
NIL-EUR,2026-09-22T06:33:18.279374+00:00,12,1.4,0.064545,0.05919,0.07204200000000001,133.81656846877215,7.78,True,True,1.0,143,143,TP,11.6152,10.8366,1.4,1.2127,18.6428,-0.5221,471.7,2026-09-22T09:30:00+00:00,False,False,0.623,14.5011,0.0035
NIL-EUR,2026-09-22T06:33:18.279374+00:00,12,1.5,0.064545,0.05919,0.07257750000000002,133.81656846877215,7.78,True,True,1.0,143,143,TP,12.4448,11.6604,1.5,1.3049,18.6428,-0.5221,471.7,2026-09-22T09:35:00+00:00,False,False,0.6675,15.6036,0.0035
NIL-EUR,2026-09-22T06:33:18.279374+00:00,12,1.6,0.064545,0.05919,0.07311300000000001,133.81656846877215,7.78,True,True,1.0,143,143,TP,13.2745,12.4843,1.6,1.397,18.6428,-0.5221,471.7,2026-09-22T09:35:00+00:00,False,False,0.712,16.7061,0.0035
NIL-EUR,2026-09-22T06:33:18.279374+00:00,12,2,0.064545,0.05919,0.075255,133.81656846877215,7.78,True,True,1.0,143,143,TP,16.5931,15.7798,2.0,1.7658,18.6428,-0.5221,471.7,2026-09-22T14:25:00+00:00,False,False,0.8901,21.1159,0.0035
NIL-EUR,2026-09-22T06:33:18.279374+00:00,24,1.4,0.064545,0.05919,0.07204200000000001,133.81656846877215,7.78,True,False,0.99451,181,182,TP,11.6152,10.8366,1.4,1.2127,18.6428,-0.5221,471.7,2026-09-22T09:30:00+00:00,False,False,0.623,14.5011,0.0035
NIL-EUR,2026-09-22T06:33:18.279374+00:00,24,1.5,0.064545,0.05919,0.07257750000000002,133.81656846877215,7.78,True,False,0.99451,181,182,TP,12.4448,11.6604,1.5,1.3049,18.6428,-0.5221,471.7,2026-09-22T09:35:00+00:00,False,False,0.6675,15.6036,0.0035
NIL-EUR,2026-09-22T06:33:18.279374+00:00,24,1.6,0.064545,0.05919,0.07311300000000001,133.81656846877215,7.78,True,False,0.99451,181,182,TP,13.2745,12.4843,1.6,1.397,18.6428,-0.5221,471.7,2026-09-22T09:35:00+00:00,False,False,0.712,16.7061,0.0035
NIL-EUR,2026-09-22T06:33:18.279374+00:00,24,2,0.064545,0.05919,0.075255,133.81656846877215,7.78,True,False,0.99451,181,182,TP,16.5931,15.7798,2.0,1.7658,18.6428,-0.5221,471.7,2026-09-22T14:25:00+00:00,False,False,0.8901,21.1159,0.0035
CARV-EUR,2026-09-22T06:36:21.419479+00:00,4,1.4,0.040426,0.036778,0.045533199999999996,123.8094700561,7.98,True,True,1.0,47,47,HORIZON_MARK,-1.1527,-1.8422,-0.1277,-0.1907,3.52,-2.6592,98.64,2026-09-22T10:35:00+00:00,False,False,0.0,-2.2809,0.0035
CARV-EUR,2026-09-22T06:36:21.419479+00:00,4,1.5,0.040426,0.036778,0.045897999999999994,123.8094700561,7.98,True,True,1.0,47,47,HORIZON_MARK,-1.1527,-1.8422,-0.1277,-0.1907,3.52,-2.6592,98.64,2026-09-22T10:35:00+00:00,False,False,0.0,-2.2809,0.0035
CARV-EUR,2026-09-22T06:36:21.419479+00:00,4,1.6,0.040426,0.036778,0.04626279999999999,123.8094700561,7.98,True,True,1.0,47,47,HORIZON_MARK,-1.1527,-1.8422,-0.1277,-0.1907,3.52,-2.6592,98.64,2026-09-22T10:35:00+00:00,False,False,0.0,-2.2809,0.0035
CARV-EUR,2026-09-22T06:36:21.419479+00:00,4,2,0.040426,0.036778,0.047721,123.8094700561,7.98,True,True,1.0,47,47,HORIZON_MARK,-1.1527,-1.8422,-0.1277,-0.1907,3.52,-2.6592,98.64,2026-09-22T10:35:00+00:00,False,False,0.0,-2.2809,0.0035
CARV-EUR,2026-09-22T06:36:21.419479+00:00,12,1.4,0.040426,0.036778,0.045533199999999996,123.8094700561,7.98,True,True,1.0,143,143,HORIZON_MARK,-4.7519,-5.4163,-0.5266,-0.5608,3.52,-7.4061,98.64,2026-09-22T18:35:00+00:00,False,False,0.0,-6.7059,0.0035
CARV-EUR,2026-09-22T06:36:21.419479+00:00,12,1.5,0.040426,0.036778,0.045897999999999994,123.8094700561,7.98,True,True,1.0,143,143,HORIZON_MARK,-4.7519,-5.4163,-0.5266,-0.5608,3.52,-7.4061,98.64,2026-09-22T18:35:00+00:00,False,False,0.0,-6.7059,0.0035
CARV-EUR,2026-09-22T06:36:21.419479+00:00,12,1.6,0.040426,0.036778,0.04626279999999999,123.8094700561,7.98,True,True,1.0,143,143,HORIZON_MARK,-4.7519,-5.4163,-0.5266,-0.5608,3.52,-7.4061,98.64,2026-09-22T18:35:00+00:00,False,False,0.0,-6.7059,0.0035
CARV-EUR,2026-09-22T06:36:21.419479+00:00,12,2,0.040426,0.036778,0.047721,123.8094700561,7.98,True,True,1.0,143,143,HORIZON_MARK,-4.7519,-5.4163,-0.5266,-0.5608,3.52,-7.4061,98.64,2026-09-22T18:35:00+00:00,False,False,0.0,-6.7059,0.0035
CARV-EUR,2026-09-22T06:36:21.419479+00:00,24,1.4,0.040426,0.036778,0.045533199999999996,123.8094700561,7.98,True,False,0.99448,180,181,HORIZON_MARK,-1.8206,-2.5055,-0.2018,-0.2594,3.52,-7.4061,98.64,2026-09-22T21:40:00+00:00,False,False,0.0,-3.102,0.0035
CARV-EUR,2026-09-22T06:36:21.419479+00:00,24,1.5,0.040426,0.036778,0.045897999999999994,123.8094700561,7.98,True,False,0.99448,180,181,HORIZON_MARK,-1.8206,-2.5055,-0.2018,-0.2594,3.52,-7.4061,98.64,2026-09-22T21:40:00+00:00,False,False,0.0,-3.102,0.0035
CARV-EUR,2026-09-22T06:36:21.419479+00:00,24,1.6,0.040426,0.036778,0.04626279999999999,123.8094700561,7.98,True,False,0.99448,180,181,HORIZON_MARK,-1.8206,-2.5055,-0.2018,-0.2594,3.52,-7.4061,98.64,2026-09-22T21:40:00+00:00,False,False,0.0,-3.102,0.0035
CARV-EUR,2026-09-22T06:36:21.419479+00:00,24,2,0.040426,0.036778,0.047721,123.8094700561,7.98,True,False,0.99448,180,181,HORIZON_MARK,-1.8206,-2.5055,-0.2018,-0.2594,3.52,-7.4061,98.64,2026-09-22T21:40:00+00:00,False,False,0.0,-3.102,0.0035
FORM-EUR,2026-09-22T07:30:27.241703+00:00,4,1.4,0.27632,0.26476,0.29250400000000004,246.46158923202083,7.13,True,True,1.0,47,47,STOP,-4.1836,-4.8519,-1.0,-1.0,6.3332,-6.1125,199.55,2026-09-22T10:05:00+00:00,False,False,0.0,-11.9581,0.0035
FORM-EUR,2026-09-22T07:30:27.241703+00:00,4,1.5,0.27632,0.26476,0.29366000000000003,246.46158923202083,7.13,True,True,1.0,47,47,STOP,-4.1836,-4.8519,-1.0,-1.0,6.3332,-6.1125,199.55,2026-09-22T10:05:00+00:00,False,False,0.0,-11.9581,0.0035
FORM-EUR,2026-09-22T07:30:27.241703+00:00,4,1.6,0.27632,0.26476,0.294816,246.46158923202083,7.13,True,True,1.0,47,47,STOP,-4.1836,-4.8519,-1.0,-1.0,6.3332,-6.1125,199.55,2026-09-22T10:05:00+00:00,False,False,0.0,-11.9581,0.0035
FORM-EUR,2026-09-22T07:30:27.241703+00:00,4,2,0.27632,0.26476,0.29944,246.46158923202083,7.13,True,True,1.0,47,47,STOP,-4.1836,-4.8519,-1.0,-1.0,6.3332,-6.1125,199.55,2026-09-22T10:05:00+00:00,False,False,0.0,-11.9581,0.0035
FORM-EUR,2026-09-22T07:30:27.241703+00:00,12,1.4,0.27632,0.26476,0.29250400000000004,246.46158923202083,7.13,True,True,1.0,143,143,STOP,-4.1836,-4.8519,-1.0,-1.0,6.3332,-6.1125,199.55,2026-09-22T10:05:00+00:00,False,False,0.0,-11.9581,0.0035
FORM-EUR,2026-09-22T07:30:27.241703+00:00,12,1.5,0.27632,0.26476,0.29366000000000003,246.46158923202083,7.13,True,True,1.0,143,143,STOP,-4.1836,-4.8519,-1.0,-1.0,6.3332,-6.1125,199.55,2026-09-22T10:05:00+00:00,False,False,0.0,-11.9581,0.0035
FORM-EUR,2026-09-22T07:30:27.241703+00:00,12,1.6,0.27632,0.26476,0.294816,246.46158923202083,7.13,True,True,1.0,143,143,STOP,-4.1836,-4.8519,-1.0,-1.0,6.3332,-6.1125,199.55,2026-09-22T10:05:00+00:00,False,False,0.0,-11.9581,0.0035
FORM-EUR,2026-09-22T07:30:27.241703+00:00,12,2,0.27632,0.26476,0.29944,246.46158923202083,7.13,True,True,1.0,143,143,STOP,-4.1836,-4.8519,-1.0,-1.0,6.3332,-6.1125,199.55,2026-09-22T10:05:00+00:00,False,False,0.0,-11.9581,0.0035
FORM-EUR,2026-09-22T07:30:27.241703+00:00,24,1.4,0.27632,0.26476,0.29250400000000004,246.46158923202083,7.13,True,False,0.99412,169,170,STOP,-4.1836,-4.8519,-1.0,-1.0,6.3332,-6.1125,199.55,2026-09-22T10:05:00+00:00,False,False,0.0,-11.9581,0.0035
FORM-EUR,2026-09-22T07:30:27.241703+00:00,24,1.5,0.27632,0.26476,0.29366000000000003,246.46158923202083,7.13,True,False,0.99412,169,170,STOP,-4.1836,-4.8519,-1.0,-1.0,6.3332,-6.1125,199.55,2026-09-22T10:05:00+00:00,False,False,0.0,-11.9581,0.0035
FORM-EUR,2026-09-22T07:30:27.241703+00:00,24,1.6,0.27632,0.26476,0.294816,246.46158923202083,7.13,True,False,0.99412,169,170,STOP,-4.1836,-4.8519,-1.0,-1.0,6.3332,-6.1125,199.55,2026-09-22T10:05:00+00:00,False,False,0.0,-11.9581,0.0035
FORM-EUR,2026-09-22T07:30:27.241703+00:00,24,2,0.27632,0.26476,0.29944,246.46158923202083,7.13,True,False,0.99412,169,170,STOP,-4.1836,-4.8519,-1.0,-1.0,6.3332,-6.1125,199.55,2026-09-22T10:05:00+00:00,False,False,0.0,-11.9581,0.0035
S-EUR,2026-09-22T07:47:32.579901+00:00,4,1.4,0.037651,0.034774,0.041678799999999995,144.32640283653302,7.818,True,True,1.0,47,47,TP,10.6977,9.9255,1.4,1.1979,11.4366,-2.9322,172.46,2026-09-22T10:35:00+00:00,False,False,0.9354,14.3252,0.0035
S-EUR,2026-09-22T07:47:32.579901+00:00,4,1.5,0.037651,0.034774,0.04196649999999999,144.32640283653302,7.818,True,True,1.0,47,47,HORIZON_MARK,2.8021,2.0849,0.3667,0.2516,11.4366,-2.9322,172.46,2026-09-22T11:45:00+00:00,False,False,0.245,3.0091,0.0035
S-EUR,2026-09-22T07:47:32.579901+00:00,4,1.6,0.037651,0.034774,0.04225419999999999,144.32640283653302,7.818,True,True,1.0,47,47,HORIZON_MARK,2.8021,2.0849,0.3667,0.2516,11.4366,-2.9322,172.46,2026-09-22T11:45:00+00:00,False,False,0.245,3.0091,0.0035
S-EUR,2026-09-22T07:47:32.579901+00:00,4,2,0.037651,0.034774,0.043404,144.32640283653302,7.818,True,True,1.0,47,47,HORIZON_MARK,2.8021,2.0849,0.3667,0.2516,11.4366,-2.9322,172.46,2026-09-22T11:45:00+00:00,False,False,0.245,3.0091,0.0035
S-EUR,2026-09-22T07:47:32.579901+00:00,12,1.4,0.037651,0.034774,0.041678799999999995,144.32640283653302,7.818,True,True,1.0,143,143,TP,10.6977,9.9255,1.4,1.1979,11.4366,-2.9322,172.46,2026-09-22T10:35:00+00:00,False,False,0.9354,14.3252,0.0035
S-EUR,2026-09-22T07:47:32.579901+00:00,12,1.5,0.037651,0.034774,0.04196649999999999,144.32640283653302,7.818,True,True,1.0,143,143,HORIZON_MARK,1.3439,0.637,0.1759,0.0769,11.4366,-2.9322,172.46,2026-09-22T19:45:00+00:00,False,False,0.1175,0.9193,0.0035
S-EUR,2026-09-22T07:47:32.579901+00:00,12,1.6,0.037651,0.034774,0.04225419999999999,144.32640283653302,7.818,True,True,1.0,143,143,HORIZON_MARK,1.3439,0.637,0.1759,0.0769,11.4366,-2.9322,172.46,2026-09-22T19:45:00+00:00,False,False,0.1175,0.9193,0.0035
S-EUR,2026-09-22T07:47:32.579901+00:00,12,2,0.037651,0.034774,0.043404,144.32640283653302,7.818,True,True,1.0,143,143,HORIZON_MARK,1.3439,0.637,0.1759,0.0769,11.4366,-2.9322,172.46,2026-09-22T19:45:00+00:00,False,False,0.1175,0.9193,0.0035
S-EUR,2026-09-22T07:47:32.579901+00:00,24,1.4,0.037651,0.034774,0.041678799999999995,144.32640283653302,7.818,True,False,0.99401,166,167,TP,10.6977,9.9255,1.4,1.1979,11.4366,-2.9322,172.46,2026-09-22T10:35:00+00:00,False,False,0.9354,14.3252,0.0035
S-EUR,2026-09-22T07:47:32.579901+00:00,24,1.5,0.037651,0.034774,0.04196649999999999,144.32640283653302,7.818,True,False,0.99401,166,167,HORIZON_MARK,0.4887,-0.2123,0.064,-0.0256,11.4366,-2.9322,172.46,2026-09-22T21:40:00+00:00,False,False,0.0427,-0.3064,0.0035
S-EUR,2026-09-22T07:47:32.579901+00:00,24,1.6,0.037651,0.034774,0.04225419999999999,144.32640283653302,7.818,True,False,0.99401,166,167,HORIZON_MARK,0.4887,-0.2123,0.064,-0.0256,11.4366,-2.9322,172.46,2026-09-22T21:40:00+00:00,False,False,0.0427,-0.3064,0.0035
S-EUR,2026-09-22T07:47:32.579901+00:00,24,2,0.037651,0.034774,0.043404,144.32640283653302,7.818,True,False,0.99401,166,167,HORIZON_MARK,0.4887,-0.2123,0.064,-0.0256,11.4366,-2.9322,172.46,2026-09-22T21:40:00+00:00,False,False,0.0427,-0.3064,0.0035
KERNEL-EUR,2026-09-22T07:47:32.579901+00:00,4,1.4,0.05833,0.053527,0.0650542,134.75022949686,8.5,True,True,1.0,47,47,HORIZON_MARK,-3.5008,-4.1739,-0.4252,-0.4703,0.8058,-5.9266,117.46,2026-09-22T11:45:00+00:00,False,False,0.0,-5.6244,0.0035
KERNEL-EUR,2026-09-22T07:47:32.579901+00:00,4,1.5,0.05833,0.053527,0.0655345,134.75022949686,8.5,True,True,1.0,47,47,HORIZON_MARK,-3.5008,-4.1739,-0.4252,-0.4703,0.8058,-5.9266,117.46,2026-09-22T11:45:00+00:00,False,False,0.0,-5.6244,0.0035
KERNEL-EUR,2026-09-22T07:47:32.579901+00:00,4,1.6,0.05833,0.053527,0.0660148,134.75022949686,8.5,True,True,1.0,47,47,HORIZON_MARK,-3.5008,-4.1739,-0.4252,-0.4703,0.8058,-5.9266,117.46,2026-09-22T11:45:00+00:00,False,False,0.0,-5.6244,0.0035
KERNEL-EUR,2026-09-22T07:47:32.579901+00:00,4,2,0.05833,0.053527,0.067936,134.75022949686,8.5,True,True,1.0,47,47,HORIZON_MARK,-3.5008,-4.1739,-0.4252,-0.4703,0.8058,-5.9266,117.46,2026-09-22T11:45:00+00:00,False,False,0.0,-5.6244,0.0035
KERNEL-EUR,2026-09-22T07:47:32.579901+00:00,12,1.4,0.05833,0.053527,0.0650542,134.75022949686,8.5,True,True,1.0,143,143,STOP,-8.2342,-8.8743,-1.0,-1.0,0.8058,-14.4437,117.46,2026-09-22T13:00:00+00:00,False,False,0.0,-11.9581,0.0035
KERNEL-EUR,2026-09-22T07:47:32.579901+00:00,12,1.5,0.05833,0.053527,0.0655345,134.75022949686,8.5,True,True,1.0,143,143,STOP,-8.2342,-8.8743,-1.0,-1.0,0.8058,-14.4437,117.46,2026-09-22T13:00:00+00:00,False,False,0.0,-11.9581,0.0035
KERNEL-EUR,2026-09-22T07:47:32.579901+00:00,12,1.6,0.05833,0.053527,0.0660148,134.75022949686,8.5,True,True,1.0,143,143,STOP,-8.2342,-8.8743,-1.0,-1.0,0.8058,-14.4437,117.46,2026-09-22T13:00:00+00:00,False,False,0.0,-11.9581,0.0035
KERNEL-EUR,2026-09-22T07:47:32.579901+00:00,12,2,0.05833,0.053527,0.067936,134.75022949686,8.5,True,True,1.0,143,143,STOP,-8.2342,-8.8743,-1.0,-1.0,0.8058,-14.4437,117.46,2026-09-22T13:00:00+00:00,False,False,0.0,-11.9581,0.0035
KERNEL-EUR,2026-09-22T07:47:32.579901+00:00,24,1.4,0.05833,0.053527,0.0650542,134.75022949686,8.5,True,False,0.99401,166,167,STOP,-8.2342,-8.8743,-1.0,-1.0,0.8058,-14.4437,117.46,2026-09-22T13:00:00+00:00,False,False,0.0,-11.9581,0.0035
KERNEL-EUR,2026-09-22T07:47:32.579901+00:00,24,1.5,0.05833,0.053527,0.0655345,134.75022949686,8.5,True,False,0.99401,166,167,STOP,-8.2342,-8.8743,-1.0,-1.0,0.8058,-14.4437,117.46,2026-09-22T13:00:00+00:00,False,False,0.0,-11.9581,0.0035
KERNEL-EUR,2026-09-22T07:47:32.579901+00:00,24,1.6,0.05833,0.053527,0.0660148,134.75022949686,8.5,True,False,0.99401,166,167,STOP,-8.2342,-8.8743,-1.0,-1.0,0.8058,-14.4437,117.46,2026-09-22T13:00:00+00:00,False,False,0.0,-11.9581,0.0035
KERNEL-EUR,2026-09-22T07:47:32.579901+00:00,24,2,0.05833,0.053527,0.067936,134.75022949686,8.5,True,False,0.99401,166,167,STOP,-8.2342,-8.8743,-1.0,-1.0,0.8058,-14.4437,117.46,2026-09-22T13:00:00+00:00,False,False,0.0,-11.9581,0.0035
USELESS-EUR,2026-09-22T08:23:26.846286+00:00,4,1.4,0.262362,0.239934,0.29376119999999994,130.17197148972,8.03,True,True,1.0,47,47,HORIZON_MARK,3.4616,2.7399,0.4049,0.2983,4.8132,-3.4921,211.55,2026-09-22T12:20:00+00:00,False,False,0.7192,3.5666,0.0035
USELESS-EUR,2026-09-22T08:23:26.846286+00:00,4,1.5,0.262362,0.239934,0.29600399999999993,130.17197148972,8.03,True,True,1.0,47,47,HORIZON_MARK,3.4616,2.7399,0.4049,0.2983,4.8132,-3.4921,211.55,2026-09-22T12:20:00+00:00,False,False,0.7192,3.5666,0.0035
USELESS-EUR,2026-09-22T08:23:26.846286+00:00,4,1.6,0.262362,0.239934,0.2982467999999999,130.17197148972,8.03,True,True,1.0,47,47,HORIZON_MARK,3.4616,2.7399,0.4049,0.2983,4.8132,-3.4921,211.55,2026-09-22T12:20:00+00:00,False,False,0.7192,3.5666,0.0035
USELESS-EUR,2026-09-22T08:23:26.846286+00:00,4,2,0.262362,0.239934,0.307217,130.17197148972,8.03,True,True,1.0,47,47,HORIZON_MARK,3.4616,2.7399,0.4049,0.2983,4.8132,-3.4921,211.55,2026-09-22T12:20:00+00:00,False,False,0.7192,3.5666,0.0035
USELESS-EUR,2026-09-22T08:23:26.846286+00:00,12,1.4,0.262362,0.239934,0.29376119999999994,130.17197148972,8.03,True,True,1.0,143,143,TP,11.9679,11.1869,1.4,1.2178,13.1258,-3.4921,706.55,2026-09-22T18:10:00+00:00,False,False,0.9118,14.5621,0.0035
USELESS-EUR,2026-09-22T08:23:26.846286+00:00,12,1.5,0.262362,0.239934,0.29600399999999993,130.17197148972,8.03,True,True,1.0,143,143,TP,12.8227,12.0357,1.5,1.3102,13.1258,-3.4921,706.55,2026-09-22T20:10:00+00:00,False,False,0.9769,15.6672,0.0035
USELESS-EUR,2026-09-22T08:23:26.846286+00:00,12,1.6,0.262362,0.239934,0.2982467999999999,130.17197148972,8.03,True,True,1.0,143,143,HORIZON_MARK,11.6031,10.8246,1.3573,1.1783,13.1258,-3.4921,706.55,2026-09-22T20:20:00+00:00,False,False,0.884,14.0905,0.0035
USELESS-EUR,2026-09-22T08:23:26.846286+00:00,12,2,0.262362,0.239934,0.307217,130.17197148972,8.03,True,True,1.0,143,143,HORIZON_MARK,11.6031,10.8246,1.3573,1.1783,13.1258,-3.4921,706.55,2026-09-22T20:20:00+00:00,False,False,0.884,14.0905,0.0035
USELESS-EUR,2026-09-22T08:23:26.846286+00:00,24,1.4,0.262362,0.239934,0.29376119999999994,130.17197148972,8.03,True,False,0.99375,159,160,TP,11.9679,11.1869,1.4,1.2178,16.5009,-3.4921,716.55,2026-09-22T18:10:00+00:00,False,False,0.7253,14.5621,0.0035
USELESS-EUR,2026-09-22T08:23:26.846286+00:00,24,1.5,0.262362,0.239934,0.29600399999999993,130.17197148972,8.03,True,False,0.99375,159,160,TP,12.8227,12.0357,1.5,1.3102,16.5009,-3.4921,716.55,2026-09-22T20:10:00+00:00,False,False,0.7771,15.6672,0.0035
USELESS-EUR,2026-09-22T08:23:26.846286+00:00,24,1.6,0.262362,0.239934,0.2982467999999999,130.17197148972,8.03,True,False,0.99375,159,160,TP,13.6776,12.8846,1.6,1.4026,16.5009,-3.4921,716.55,2026-09-22T20:20:00+00:00,False,False,0.8289,16.7722,0.0035
USELESS-EUR,2026-09-22T08:23:26.846286+00:00,24,2,0.262362,0.239934,0.307217,130.17197148972,8.03,True,False,0.99375,159,160,HORIZON_MARK,14.3458,13.5482,1.6782,1.4748,16.5009,-3.4921,716.55,2026-09-22T21:40:00+00:00,False,False,0.8694,17.636,0.0035
AVA-EUR,2026-09-22T08:42:31.691388+00:00,4,1.4,0.24,0.22083,0.26683799999999996,138.57543014159998,8.884,True,True,1.0,47,47,HORIZON_MARK,-1.5833,-2.2698,-0.1982,-0.263,0.2583,-6.9875,147.47,2026-09-22T12:40:00+00:00,False,False,0.0,-3.1455,0.0035
AVA-EUR,2026-09-22T08:42:31.691388+00:00,4,1.5,0.24,0.22083,0.26875499999999997,138.57543014159998,8.884,True,True,1.0,47,47,HORIZON_MARK,-1.5833,-2.2698,-0.1982,-0.263,0.2583,-6.9875,147.47,2026-09-22T12:40:00+00:00,False,False,0.0,-3.1455,0.0035
AVA-EUR,2026-09-22T08:42:31.691388+00:00,4,1.6,0.24,0.22083,0.27067199999999997,138.57543014159998,8.884,True,True,1.0,47,47,HORIZON_MARK,-1.5833,-2.2698,-0.1982,-0.263,0.2583,-6.9875,147.47,2026-09-22T12:40:00+00:00,False,False,0.0,-3.1455,0.0035
AVA-EUR,2026-09-22T08:42:31.691388+00:00,4,2,0.24,0.22083,0.27834,138.57543014159998,8.884,True,True,1.0,47,47,HORIZON_MARK,-1.5833,-2.2698,-0.1982,-0.263,0.2583,-6.9875,147.47,2026-09-22T12:40:00+00:00,False,False,0.0,-3.1455,0.0035
AVA-EUR,2026-09-22T08:42:31.691388+00:00,12,1.4,0.24,0.22083,0.26683799999999996,138.57543014159998,8.884,True,True,1.0,143,143,HORIZON_MARK,-5.6083,-6.2668,-0.7021,-0.7262,0.7792,-6.9875,342.47,2026-09-22T20:40:00+00:00,False,False,0.0,-8.6842,0.0035
AVA-EUR,2026-09-22T08:42:31.691388+00:00,12,1.5,0.24,0.22083,0.26875499999999997,138.57543014159998,8.884,True,True,1.0,143,143,HORIZON_MARK,-5.6083,-6.2668,-0.7021,-0.7262,0.7792,-6.9875,342.47,2026-09-22T20:40:00+00:00,False,False,0.0,-8.6842,0.0035
AVA-EUR,2026-09-22T08:42:31.691388+00:00,12,1.6,0.24,0.22083,0.27067199999999997,138.57543014159998,8.884,True,True,1.0,143,143,HORIZON_MARK,-5.6083,-6.2668,-0.7021,-0.7262,0.7792,-6.9875,342.47,2026-09-22T20:40:00+00:00,False,False,0.0,-8.6842,0.0035
AVA-EUR,2026-09-22T08:42:31.691388+00:00,12,2,0.24,0.22083,0.27834,138.57543014159998,8.884,True,True,1.0,143,143,HORIZON_MARK,-5.6083,-6.2668,-0.7021,-0.7262,0.7792,-6.9875,342.47,2026-09-22T20:40:00+00:00,False,False,0.0,-8.6842,0.0035
AVA-EUR,2026-09-22T08:42:31.691388+00:00,24,1.4,0.24,0.22083,0.26683799999999996,138.57543014159998,8.884,True,False,0.99359,155,156,HORIZON_MARK,-5.5083,-6.1675,-0.6896,-0.7147,0.7792,-6.9875,342.47,2026-09-22T21:40:00+00:00,False,False,0.0,-8.5466,0.0035
AVA-EUR,2026-09-22T08:42:31.691388+00:00,24,1.5,0.24,0.22083,0.26875499999999997,138.57543014159998,8.884,True,False,0.99359,155,156,HORIZON_MARK,-5.5083,-6.1675,-0.6896,-0.7147,0.7792,-6.9875,342.47,2026-09-22T21:40:00+00:00,False,False,0.0,-8.5466,0.0035
AVA-EUR,2026-09-22T08:42:31.691388+00:00,24,1.6,0.24,0.22083,0.27067199999999997,138.57543014159998,8.884,True,False,0.99359,155,156,HORIZON_MARK,-5.5083,-6.1675,-0.6896,-0.7147,0.7792,-6.9875,342.47,2026-09-22T21:40:00+00:00,False,False,0.0,-8.5466,0.0035
AVA-EUR,2026-09-22T08:42:31.691388+00:00,24,2,0.24,0.22083,0.27834,138.57543014159998,8.884,True,False,0.99359,155,156,HORIZON_MARK,-5.5083,-6.1675,-0.6896,-0.7147,0.7792,-6.9875,342.47,2026-09-22T21:40:00+00:00,False,False,0.0,-8.5466,0.0035
WIF-EUR,2026-09-22T08:58:09.751910+00:00,4,1.4,0.22472,0.20827,0.24775,150.10131927928,7.453,True,True,1.0,47,47,HORIZON_MARK,4.1118,3.3855,0.5617,0.425,4.1162,-3.2529,231.84,2026-09-22T12:55:00+00:00,False,False,0.9989,5.0817,0.0035
WIF-EUR,2026-09-22T08:58:09.751910+00:00,4,1.5,0.22472,0.20827,0.24939499999999998,150.10131927928,7.453,True,True,1.0,47,47,HORIZON_MARK,4.1118,3.3855,0.5617,0.425,4.1162,-3.2529,231.84,2026-09-22T12:55:00+00:00,False,False,0.9989,5.0817,0.0035
WIF-EUR,2026-09-22T08:58:09.751910+00:00,4,1.6,0.22472,0.20827,0.25104,150.10131927928,7.453,True,True,1.0,47,47,HORIZON_MARK,4.1118,3.3855,0.5617,0.425,4.1162,-3.2529,231.84,2026-09-22T12:55:00+00:00,False,False,0.9989,5.0817,0.0035
WIF-EUR,2026-09-22T08:58:09.751910+00:00,4,2,0.22472,0.20827,0.25761,150.10131927928,7.453,True,True,1.0,47,47,HORIZON_MARK,4.1118,3.3855,0.5617,0.425,4.1162,-3.2529,231.84,2026-09-22T12:55:00+00:00,False,False,0.9989,5.0817,0.0035
WIF-EUR,2026-09-22T08:58:09.751910+00:00,12,1.4,0.22472,0.20827,0.24775,150.10131927928,7.453,True,True,1.0,143,143,HORIZON_MARK,-3.7113,-4.383,-0.507,-0.5502,8.5796,-3.9694,241.84,2026-09-22T20:55:00+00:00,False,False,0.0,-6.5789,0.0035
WIF-EUR,2026-09-22T08:58:09.751910+00:00,12,1.5,0.22472,0.20827,0.24939499999999998,150.10131927928,7.453,True,True,1.0,143,143,HORIZON_MARK,-3.7113,-4.383,-0.507,-0.5502,8.5796,-3.9694,241.84,2026-09-22T20:55:00+00:00,False,False,0.0,-6.5789,0.0035
WIF-EUR,2026-09-22T08:58:09.751910+00:00,12,1.6,0.22472,0.20827,0.25104,150.10131927928,7.453,True,True,1.0,143,143,HORIZON_MARK,-3.7113,-4.383,-0.507,-0.5502,8.5796,-3.9694,241.84,2026-09-22T20:55:00+00:00,False,False,0.0,-6.5789,0.0035
WIF-EUR,2026-09-22T08:58:09.751910+00:00,12,2,0.22472,0.20827,0.25761,150.10131927928,7.453,True,True,1.0,143,143,HORIZON_MARK,-3.7113,-4.383,-0.507,-0.5502,8.5796,-3.9694,241.84,2026-09-22T20:55:00+00:00,False,False,0.0,-6.5789,0.0035
WIF-EUR,2026-09-22T08:58:09.751910+00:00,24,1.4,0.22472,0.20827,0.24775,150.10131927928,7.453,True,False,0.99346,152,153,HORIZON_MARK,-2.6255,-3.3047,-0.3587,-0.4148,8.5796,-3.9694,241.84,2026-09-22T21:40:00+00:00,False,False,0.0,-4.9604,0.0035
WIF-EUR,2026-09-22T08:58:09.751910+00:00,24,1.5,0.22472,0.20827,0.24939499999999998,150.10131927928,7.453,True,False,0.99346,152,153,HORIZON_MARK,-2.6255,-3.3047,-0.3587,-0.4148,8.5796,-3.9694,241.84,2026-09-22T21:40:00+00:00,False,False,0.0,-4.9604,0.0035
WIF-EUR,2026-09-22T08:58:09.751910+00:00,24,1.6,0.22472,0.20827,0.25104,150.10131927928,7.453,True,False,0.99346,152,153,HORIZON_MARK,-2.6255,-3.3047,-0.3587,-0.4148,8.5796,-3.9694,241.84,2026-09-22T21:40:00+00:00,False,False,0.0,-4.9604,0.0035
WIF-EUR,2026-09-22T08:58:09.751910+00:00,24,2,0.22472,0.20827,0.25761,150.10131927928,7.453,True,False,0.99346,152,153,HORIZON_MARK,-2.6255,-3.3047,-0.3587,-0.4148,8.5796,-3.9694,241.84,2026-09-22T21:40:00+00:00,False,False,0.0,-4.9604,0.0035
LAPTOP-EUR,2026-09-22T11:20:06.964864+00:00,4,1.4,0.0697,0.06562,0.07541199999999999,183.6780402,7.226,True,True,1.0,47,47,STOP,-5.8537,-6.5104,-1.0,-1.0,0.5739,-9.5696,14.88,2026-09-22T13:45:00+00:00,False,False,0.0,-11.9581,0.0035
LAPTOP-EUR,2026-09-22T11:20:06.964864+00:00,4,1.5,0.0697,0.06562,0.07582,183.6780402,7.226,True,True,1.0,47,47,STOP,-5.8537,-6.5104,-1.0,-1.0,0.5739,-9.5696,14.88,2026-09-22T13:45:00+00:00,False,False,0.0,-11.9581,0.0035
LAPTOP-EUR,2026-09-22T11:20:06.964864+00:00,4,1.6,0.0697,0.06562,0.076228,183.6780402,7.226,True,True,1.0,47,47,STOP,-5.8537,-6.5104,-1.0,-1.0,0.5739,-9.5696,14.88,2026-09-22T13:45:00+00:00,False,False,0.0,-11.9581,0.0035
LAPTOP-EUR,2026-09-22T11:20:06.964864+00:00,4,2,0.0697,0.06562,0.07786,183.6780402,7.226,True,True,1.0,47,47,STOP,-5.8537,-6.5104,-1.0,-1.0,0.5739,-9.5696,14.88,2026-09-22T13:45:00+00:00,False,False,0.0,-11.9581,0.0035
LAPTOP-EUR,2026-09-22T11:20:06.964864+00:00,12,1.4,0.0697,0.06562,0.07541199999999999,183.6780402,7.226,True,False,0.99194,123,124,STOP,-5.8537,-6.5104,-1.0,-1.0,3.3716,-12.1234,554.88,2026-09-22T13:45:00+00:00,False,False,0.0,-11.9581,0.0035
LAPTOP-EUR,2026-09-22T11:20:06.964864+00:00,12,1.5,0.0697,0.06562,0.07582,183.6780402,7.226,True,False,0.99194,123,124,STOP,-5.8537,-6.5104,-1.0,-1.0,3.3716,-12.1234,554.88,2026-09-22T13:45:00+00:00,False,False,0.0,-11.9581,0.0035
LAPTOP-EUR,2026-09-22T11:20:06.964864+00:00,12,1.6,0.0697,0.06562,0.076228,183.6780402,7.226,True,False,0.99194,123,124,STOP,-5.8537,-6.5104,-1.0,-1.0,3.3716,-12.1234,554.88,2026-09-22T13:45:00+00:00,False,False,0.0,-11.9581,0.0035
LAPTOP-EUR,2026-09-22T11:20:06.964864+00:00,12,2,0.0697,0.06562,0.07786,183.6780402,7.226,True,False,0.99194,123,124,STOP,-5.8537,-6.5104,-1.0,-1.0,3.3716,-12.1234,554.88,2026-09-22T13:45:00+00:00,False,False,0.0,-11.9581,0.0035
LAPTOP-EUR,2026-09-22T11:20:06.964864+00:00,24,1.4,0.0697,0.06562,0.07541199999999999,183.6780402,7.226,True,False,0.99194,123,124,STOP,-5.8537,-6.5104,-1.0,-1.0,3.3716,-12.1234,554.88,2026-09-22T13:45:00+00:00,False,False,0.0,-11.9581,0.0035
LAPTOP-EUR,2026-09-22T11:20:06.964864+00:00,24,1.5,0.0697,0.06562,0.07582,183.6780402,7.226,True,False,0.99194,123,124,STOP,-5.8537,-6.5104,-1.0,-1.0,3.3716,-12.1234,554.88,2026-09-22T13:45:00+00:00,False,False,0.0,-11.9581,0.0035
LAPTOP-EUR,2026-09-22T11:20:06.964864+00:00,24,1.6,0.0697,0.06562,0.076228,183.6780402,7.226,True,False,0.99194,123,124,STOP,-5.8537,-6.5104,-1.0,-1.0,3.3716,-12.1234,554.88,2026-09-22T13:45:00+00:00,False,False,0.0,-11.9581,0.0035
LAPTOP-EUR,2026-09-22T11:20:06.964864+00:00,24,2,0.0697,0.06562,0.07786,183.6780402,7.226,True,False,0.99194,123,124,STOP,-5.8537,-6.5104,-1.0,-1.0,3.3716,-12.1234,554.88,2026-09-22T13:45:00+00:00,False,False,0.0,-11.9581,0.0035
FLOCK-EUR,2026-09-22T11:52:05.893172+00:00,4,1.4,0.074141,0.068291,0.08233099999999999,140.14181568611,7.941,True,True,1.0,47,47,TP,11.0465,10.2719,1.4,1.2038,14.6761,-6.9327,227.9,2026-09-22T14:05:00+00:00,False,False,0.7527,14.3952,0.0035
FLOCK-EUR,2026-09-22T11:52:05.893172+00:00,4,1.5,0.074141,0.068291,0.08291599999999999,140.14181568611,7.941,True,True,1.0,47,47,TP,11.8356,11.0554,1.5,1.2956,14.6761,-6.9327,227.9,2026-09-22T14:05:00+00:00,False,False,0.8065,15.4933,0.0035
FLOCK-EUR,2026-09-22T11:52:05.893172+00:00,4,1.6,0.074141,0.068291,0.08350099999999999,140.14181568611,7.941,True,True,1.0,47,47,TP,12.6246,11.839,1.6,1.3875,14.6761,-6.9327,227.9,2026-09-22T14:10:00+00:00,False,False,0.8602,16.5913,0.0035
FLOCK-EUR,2026-09-22T11:52:05.893172+00:00,4,2,0.074141,0.068291,0.08584,140.14181568611,7.941,True,True,1.0,47,47,HORIZON_MARK,13.5526,12.7605,1.7176,1.4954,14.6761,-6.9327,227.9,2026-09-22T15:50:00+00:00,False,False,0.9234,17.8827,0.0035
FLOCK-EUR,2026-09-22T11:52:05.893172+00:00,12,1.4,0.074141,0.068291,0.08233099999999999,140.14181568611,7.941,True,False,0.99153,117,118,TP,11.0465,10.2719,1.4,1.2038,14.6761,-6.9327,227.9,2026-09-22T14:05:00+00:00,False,False,0.7527,14.3952,0.0035
FLOCK-EUR,2026-09-22T11:52:05.893172+00:00,12,1.5,0.074141,0.068291,0.08291599999999999,140.14181568611,7.941,True,False,0.99153,117,118,TP,11.8356,11.0554,1.5,1.2956,14.6761,-6.9327,227.9,2026-09-22T14:05:00+00:00,False,False,0.8065,15.4933,0.0035
FLOCK-EUR,2026-09-22T11:52:05.893172+00:00,12,1.6,0.074141,0.068291,0.08350099999999999,140.14181568611,7.941,True,False,0.99153,117,118,TP,12.6246,11.839,1.6,1.3875,14.6761,-6.9327,227.9,2026-09-22T14:10:00+00:00,False,False,0.8602,16.5913,0.0035
FLOCK-EUR,2026-09-22T11:52:05.893172+00:00,12,2,0.074141,0.068291,0.08584,140.14181568611,7.941,True,False,0.99153,117,118,HORIZON_MARK,1.3717,0.6646,0.1738,0.0779,14.6761,-6.9327,227.9,2026-09-22T21:40:00+00:00,False,False,0.0935,0.9314,0.0035
FLOCK-EUR,2026-09-22T11:52:05.893172+00:00,24,1.4,0.074141,0.068291,0.08233099999999999,140.14181568611,7.941,True,False,0.99153,117,118,TP,11.0465,10.2719,1.4,1.2038,14.6761,-6.9327,227.9,2026-09-22T14:05:00+00:00,False,False,0.7527,14.3952,0.0035
FLOCK-EUR,2026-09-22T11:52:05.893172+00:00,24,1.5,0.074141,0.068291,0.08291599999999999,140.14181568611,7.941,True,False,0.99153,117,118,TP,11.8356,11.0554,1.5,1.2956,14.6761,-6.9327,227.9,2026-09-22T14:05:00+00:00,False,False,0.8065,15.4933,0.0035
FLOCK-EUR,2026-09-22T11:52:05.893172+00:00,24,1.6,0.074141,0.068291,0.08350099999999999,140.14181568611,7.941,True,False,0.99153,117,118,TP,12.6246,11.839,1.6,1.3875,14.6761,-6.9327,227.9,2026-09-22T14:10:00+00:00,False,False,0.8602,16.5913,0.0035
FLOCK-EUR,2026-09-22T11:52:05.893172+00:00,24,2,0.074141,0.068291,0.08584,140.14181568611,7.941,True,False,0.99153,117,118,HORIZON_MARK,1.3717,0.6646,0.1738,0.0779,14.6761,-6.9327,227.9,2026-09-22T21:40:00+00:00,False,False,0.0935,0.9314,0.0035
UNI-EUR,2026-09-22T12:53:38.535005+00:00,4,1.4,8.3723,7.5354,9.543959999999998,112.55903481742298,8.839,True,True,1.0,47,47,HORIZON_MARK,-4.0347,-4.7041,-0.4036,-0.4428,1.2864,-8.1937,1.36,2026-09-22T16:50:00+00:00,False,False,0.0,-5.2949,0.0035
UNI-EUR,2026-09-22T12:53:38.535005+00:00,4,1.5,8.3723,7.5354,9.627649999999997,112.55903481742298,8.839,True,True,1.0,47,47,HORIZON_MARK,-4.0347,-4.7041,-0.4036,-0.4428,1.2864,-8.1937,1.36,2026-09-22T16:50:00+00:00,False,False,0.0,-5.2949,0.0035
UNI-EUR,2026-09-22T12:53:38.535005+00:00,4,1.6,8.3723,7.5354,9.711339999999998,112.55903481742298,8.839,True,True,1.0,47,47,HORIZON_MARK,-4.0347,-4.7041,-0.4036,-0.4428,1.2864,-8.1937,1.36,2026-09-22T16:50:00+00:00,False,False,0.0,-5.2949,0.0035
UNI-EUR,2026-09-22T12:53:38.535005+00:00,4,2,8.3723,7.5354,10.046,112.55903481742298,8.839,True,True,1.0,47,47,HORIZON_MARK,-4.0347,-4.7041,-0.4036,-0.4428,1.2864,-8.1937,1.36,2026-09-22T16:50:00+00:00,False,False,0.0,-5.2949,0.0035
UNI-EUR,2026-09-22T12:53:38.535005+00:00,12,1.4,8.3723,7.5354,9.543959999999998,112.55903481742298,8.839,True,False,0.99057,105,106,HORIZON_MARK,-1.4094,-2.0971,-0.141,-0.1974,1.2864,-8.1937,1.36,2026-09-22T21:40:00+00:00,False,False,0.0,-2.3605,0.0035
UNI-EUR,2026-09-22T12:53:38.535005+00:00,12,1.5,8.3723,7.5354,9.627649999999997,112.55903481742298,8.839,True,False,0.99057,105,106,HORIZON_MARK,-1.4094,-2.0971,-0.141,-0.1974,1.2864,-8.1937,1.36,2026-09-22T21:40:00+00:00,False,False,0.0,-2.3605,0.0035
UNI-EUR,2026-09-22T12:53:38.535005+00:00,12,1.6,8.3723,7.5354,9.711339999999998,112.55903481742298,8.839,True,False,0.99057,105,106,HORIZON_MARK,-1.4094,-2.0971,-0.141,-0.1974,1.2864,-8.1937,1.36,2026-09-22T21:40:00+00:00,False,False,0.0,-2.3605,0.0035
UNI-EUR,2026-09-22T12:53:38.535005+00:00,12,2,8.3723,7.5354,10.046,112.55903481742298,8.839,True,False,0.99057,105,106,HORIZON_MARK,-1.4094,-2.0971,-0.141,-0.1974,1.2864,-8.1937,1.36,2026-09-22T21:40:00+00:00,False,False,0.0,-2.3605,0.0035
UNI-EUR,2026-09-22T12:53:38.535005+00:00,24,1.4,8.3723,7.5354,9.543959999999998,112.55903481742298,8.839,True,False,0.99057,105,106,HORIZON_MARK,-1.4094,-2.0971,-0.141,-0.1974,1.2864,-8.1937,1.36,2026-09-22T21:40:00+00:00,False,False,0.0,-2.3605,0.0035
UNI-EUR,2026-09-22T12:53:38.535005+00:00,24,1.5,8.3723,7.5354,9.627649999999997,112.55903481742298,8.839,True,False,0.99057,105,106,HORIZON_MARK,-1.4094,-2.0971,-0.141,-0.1974,1.2864,-8.1937,1.36,2026-09-22T21:40:00+00:00,False,False,0.0,-2.3605,0.0035
UNI-EUR,2026-09-22T12:53:38.535005+00:00,24,1.6,8.3723,7.5354,9.711339999999998,112.55903481742298,8.839,True,False,0.99057,105,106,HORIZON_MARK,-1.4094,-2.0971,-0.141,-0.1974,1.2864,-8.1937,1.36,2026-09-22T21:40:00+00:00,False,False,0.0,-2.3605,0.0035
UNI-EUR,2026-09-22T12:53:38.535005+00:00,24,2,8.3723,7.5354,10.046,112.55903481742298,8.839,True,False,0.99057,105,106,HORIZON_MARK,-1.4094,-2.0971,-0.141,-0.1974,1.2864,-8.1937,1.36,2026-09-22T21:40:00+00:00,False,False,0.0,-2.3605,0.0035
GOAT-EUR,2026-09-22T13:18:59.284728+00:00,4,1.4,0.017404,0.016185,0.019110599999999995,156.257680619616,10.0,True,True,1.0,47,47,HORIZON_MARK,-1.1894,-1.8786,-0.1698,-0.2455,3.482,-3.8382,11.01,2026-09-22T17:15:00+00:00,False,False,0.0,-2.9355,0.0035
GOAT-EUR,2026-09-22T13:18:59.284728+00:00,4,1.5,0.017404,0.016185,0.019232499999999996,156.257680619616,10.0,True,True,1.0,47,47,HORIZON_MARK,-1.1894,-1.8786,-0.1698,-0.2455,3.482,-3.8382,11.01,2026-09-22T17:15:00+00:00,False,False,0.0,-2.9355,0.0035
GOAT-EUR,2026-09-22T13:18:59.284728+00:00,4,1.6,0.017404,0.016185,0.019354399999999997,156.257680619616,10.0,True,True,1.0,47,47,HORIZON_MARK,-1.1894,-1.8786,-0.1698,-0.2455,3.482,-3.8382,11.01,2026-09-22T17:15:00+00:00,False,False,0.0,-2.9355,0.0035
GOAT-EUR,2026-09-22T13:18:59.284728+00:00,4,2,0.017404,0.016185,0.019841,156.257680619616,10.0,True,True,1.0,47,47,HORIZON_MARK,-1.1894,-1.8786,-0.1698,-0.2455,3.482,-3.8382,11.01,2026-09-22T17:15:00+00:00,False,False,0.0,-2.9355,0.0035
GOAT-EUR,2026-09-22T13:18:59.284728+00:00,12,1.4,0.017404,0.016185,0.019110599999999995,156.257680619616,10.0,True,False,0.9901,100,101,HORIZON_MARK,4.2462,3.519,0.6062,0.4598,9.7564,-3.8382,341.01,2026-09-22T21:40:00+00:00,False,False,0.4352,5.4987,0.0035
GOAT-EUR,2026-09-22T13:18:59.284728+00:00,12,1.5,0.017404,0.016185,0.019232499999999996,156.257680619616,10.0,True,False,0.9901,100,101,HORIZON_MARK,4.2462,3.519,0.6062,0.4598,9.7564,-3.8382,341.01,2026-09-22T21:40:00+00:00,False,False,0.4352,5.4987,0.0035
GOAT-EUR,2026-09-22T13:18:59.284728+00:00,12,1.6,0.017404,0.016185,0.019354399999999997,156.257680619616,10.0,True,False,0.9901,100,101,HORIZON_MARK,4.2462,3.519,0.6062,0.4598,9.7564,-3.8382,341.01,2026-09-22T21:40:00+00:00,False,False,0.4352,5.4987,0.0035
GOAT-EUR,2026-09-22T13:18:59.284728+00:00,12,2,0.017404,0.016185,0.019841,156.257680619616,10.0,True,False,0.9901,100,101,HORIZON_MARK,4.2462,3.519,0.6062,0.4598,9.7564,-3.8382,341.01,2026-09-22T21:40:00+00:00,False,False,0.4352,5.4987,0.0035
GOAT-EUR,2026-09-22T13:18:59.284728+00:00,24,1.4,0.017404,0.016185,0.019110599999999995,156.257680619616,10.0,True,False,0.9901,100,101,HORIZON_MARK,4.2462,3.519,0.6062,0.4598,9.7564,-3.8382,341.01,2026-09-22T21:40:00+00:00,False,False,0.4352,5.4987,0.0035
GOAT-EUR,2026-09-22T13:18:59.284728+00:00,24,1.5,0.017404,0.016185,0.019232499999999996,156.257680619616,10.0,True,False,0.9901,100,101,HORIZON_MARK,4.2462,3.519,0.6062,0.4598,9.7564,-3.8382,341.01,2026-09-22T21:40:00+00:00,False,False,0.4352,5.4987,0.0035
GOAT-EUR,2026-09-22T13:18:59.284728+00:00,24,1.6,0.017404,0.016185,0.019354399999999997,156.257680619616,10.0,True,False,0.9901,100,101,HORIZON_MARK,4.2462,3.519,0.6062,0.4598,9.7564,-3.8382,341.01,2026-09-22T21:40:00+00:00,False,False,0.4352,5.4987,0.0035
GOAT-EUR,2026-09-22T13:18:59.284728+00:00,24,2,0.017404,0.016185,0.019841,156.257680619616,10.0,True,False,0.9901,100,101,HORIZON_MARK,4.2462,3.519,0.6062,0.4598,9.7564,-3.8382,341.01,2026-09-22T21:40:00+00:00,False,False,0.4352,5.4987,0.0035
PYTH-EUR,2026-09-22T14:24:29.779812+00:00,4,1.4,0.057831,0.053697,0.0636186,153.386079020139,8.5,True,True,1.0,47,47,HORIZON_MARK,1.4248,0.7173,0.1993,0.092,2.4364,-1.9522,0.5,2026-09-22T18:20:00+00:00,False,False,0.5848,1.1003,0.0035
PYTH-EUR,2026-09-22T14:24:29.779812+00:00,4,1.5,0.057831,0.053697,0.064032,153.386079020139,8.5,True,True,1.0,47,47,HORIZON_MARK,1.4248,0.7173,0.1993,0.092,2.4364,-1.9522,0.5,2026-09-22T18:20:00+00:00,False,False,0.5848,1.1003,0.0035
PYTH-EUR,2026-09-22T14:24:29.779812+00:00,4,1.6,0.057831,0.053697,0.0644454,153.386079020139,8.5,True,True,1.0,47,47,HORIZON_MARK,1.4248,0.7173,0.1993,0.092,2.4364,-1.9522,0.5,2026-09-22T18:20:00+00:00,False,False,0.5848,1.1003,0.0035
PYTH-EUR,2026-09-22T14:24:29.779812+00:00,4,2,0.057831,0.053697,0.066098,153.386079020139,8.5,True,True,1.0,47,47,HORIZON_MARK,1.4248,0.7173,0.1993,0.092,2.4364,-1.9522,0.5,2026-09-22T18:20:00+00:00,False,False,0.5848,1.1003,0.0035
PYTH-EUR,2026-09-22T14:24:29.779812+00:00,12,1.4,0.057831,0.053697,0.0636186,153.386079020139,8.5,True,False,0.98864,87,88,HORIZON_MARK,-0.287,-0.9826,-0.0402,-0.126,2.4364,-1.9522,0.5,2026-09-22T21:40:00+00:00,False,False,0.0,-1.5072,0.0035
PYTH-EUR,2026-09-22T14:24:29.779812+00:00,12,1.5,0.057831,0.053697,0.064032,153.386079020139,8.5,True,False,0.98864,87,88,HORIZON_MARK,-0.287,-0.9826,-0.0402,-0.126,2.4364,-1.9522,0.5,2026-09-22T21:40:00+00:00,False,False,0.0,-1.5072,0.0035
PYTH-EUR,2026-09-22T14:24:29.779812+00:00,12,1.6,0.057831,0.053697,0.0644454,153.386079020139,8.5,True,False,0.98864,87,88,HORIZON_MARK,-0.287,-0.9826,-0.0402,-0.126,2.4364,-1.9522,0.5,2026-09-22T21:40:00+00:00,False,False,0.0,-1.5072,0.0035
PYTH-EUR,2026-09-22T14:24:29.779812+00:00,12,2,0.057831,0.053697,0.066098,153.386079020139,8.5,True,False,0.98864,87,88,HORIZON_MARK,-0.287,-0.9826,-0.0402,-0.126,2.4364,-1.9522,0.5,2026-09-22T21:40:00+00:00,False,False,0.0,-1.5072,0.0035
PYTH-EUR,2026-09-22T14:24:29.779812+00:00,24,1.4,0.057831,0.053697,0.0636186,153.386079020139,8.5,True,False,0.98864,87,88,HORIZON_MARK,-0.287,-0.9826,-0.0402,-0.126,2.4364,-1.9522,0.5,2026-09-22T21:40:00+00:00,False,False,0.0,-1.5072,0.0035
PYTH-EUR,2026-09-22T14:24:29.779812+00:00,24,1.5,0.057831,0.053697,0.064032,153.386079020139,8.5,True,False,0.98864,87,88,HORIZON_MARK,-0.287,-0.9826,-0.0402,-0.126,2.4364,-1.9522,0.5,2026-09-22T21:40:00+00:00,False,False,0.0,-1.5072,0.0035
PYTH-EUR,2026-09-22T14:24:29.779812+00:00,24,1.6,0.057831,0.053697,0.0644454,153.386079020139,8.5,True,False,0.98864,87,88,HORIZON_MARK,-0.287,-0.9826,-0.0402,-0.126,2.4364,-1.9522,0.5,2026-09-22T21:40:00+00:00,False,False,0.0,-1.5072,0.0035
PYTH-EUR,2026-09-22T14:24:29.779812+00:00,24,2,0.057831,0.053697,0.066098,153.386079020139,8.5,True,False,0.98864,87,88,HORIZON_MARK,-0.287,-0.9826,-0.0402,-0.126,2.4364,-1.9522,0.5,2026-09-22T21:40:00+00:00,False,False,0.0,-1.5072,0.0035
NOS-EUR,2026-09-22T15:37:52.481877+00:00,4,1.4,0.34684,0.31427,0.39243799999999995,119.3123988336904,7.105,True,True,1.0,47,47,HORIZON_MARK,-3.751,-4.4224,-0.3994,-0.4412,3.1657,-8.3295,52.13,2026-09-22T19:35:00+00:00,False,False,0.0,-5.2765,0.0035
NOS-EUR,2026-09-22T15:37:52.481877+00:00,4,1.5,0.34684,0.31427,0.39569499999999996,119.3123988336904,7.105,True,True,1.0,47,47,HORIZON_MARK,-3.751,-4.4224,-0.3994,-0.4412,3.1657,-8.3295,52.13,2026-09-22T19:35:00+00:00,False,False,0.0,-5.2765,0.0035
NOS-EUR,2026-09-22T15:37:52.481877+00:00,4,1.6,0.34684,0.31427,0.398952,119.3123988336904,7.105,True,True,1.0,47,47,HORIZON_MARK,-3.751,-4.4224,-0.3994,-0.4412,3.1657,-8.3295,52.13,2026-09-22T19:35:00+00:00,False,False,0.0,-5.2765,0.0035
NOS-EUR,2026-09-22T15:37:52.481877+00:00,4,2,0.34684,0.31427,0.41197,119.3123988336904,7.105,True,True,1.0,47,47,HORIZON_MARK,-3.751,-4.4224,-0.3994,-0.4412,3.1657,-8.3295,52.13,2026-09-22T19:35:00+00:00,False,False,0.0,-5.2765,0.0035
NOS-EUR,2026-09-22T15:37:52.481877+00:00,12,1.4,0.34684,0.31427,0.39243799999999995,119.3123988336904,7.105,True,False,0.9863,72,73,HORIZON_MARK,-3.2724,-3.9471,-0.3485,-0.3938,3.1657,-8.3295,52.13,2026-09-22T21:40:00+00:00,False,False,0.0,-4.7094,0.0035
NOS-EUR,2026-09-22T15:37:52.481877+00:00,12,1.5,0.34684,0.31427,0.39569499999999996,119.3123988336904,7.105,True,False,0.9863,72,73,HORIZON_MARK,-3.2724,-3.9471,-0.3485,-0.3938,3.1657,-8.3295,52.13,2026-09-22T21:40:00+00:00,False,False,0.0,-4.7094,0.0035
NOS-EUR,2026-09-22T15:37:52.481877+00:00,12,1.6,0.34684,0.31427,0.398952,119.3123988336904,7.105,True,False,0.9863,72,73,HORIZON_MARK,-3.2724,-3.9471,-0.3485,-0.3938,3.1657,-8.3295,52.13,2026-09-22T21:40:00+00:00,False,False,0.0,-4.7094,0.0035
NOS-EUR,2026-09-22T15:37:52.481877+00:00,12,2,0.34684,0.31427,0.41197,119.3123988336904,7.105,True,False,0.9863,72,73,HORIZON_MARK,-3.2724,-3.9471,-0.3485,-0.3938,3.1657,-8.3295,52.13,2026-09-22T21:40:00+00:00,False,False,0.0,-4.7094,0.0035
NOS-EUR,2026-09-22T15:37:52.481877+00:00,24,1.4,0.34684,0.31427,0.39243799999999995,119.3123988336904,7.105,True,False,0.9863,72,73,HORIZON_MARK,-3.2724,-3.9471,-0.3485,-0.3938,3.1657,-8.3295,52.13,2026-09-22T21:40:00+00:00,False,False,0.0,-4.7094,0.0035
NOS-EUR,2026-09-22T15:37:52.481877+00:00,24,1.5,0.34684,0.31427,0.39569499999999996,119.3123988336904,7.105,True,False,0.9863,72,73,HORIZON_MARK,-3.2724,-3.9471,-0.3485,-0.3938,3.1657,-8.3295,52.13,2026-09-22T21:40:00+00:00,False,False,0.0,-4.7094,0.0035
NOS-EUR,2026-09-22T15:37:52.481877+00:00,24,1.6,0.34684,0.31427,0.398952,119.3123988336904,7.105,True,False,0.9863,72,73,HORIZON_MARK,-3.2724,-3.9471,-0.3485,-0.3938,3.1657,-8.3295,52.13,2026-09-22T21:40:00+00:00,False,False,0.0,-4.7094,0.0035
NOS-EUR,2026-09-22T15:37:52.481877+00:00,24,2,0.34684,0.31427,0.41197,119.3123988336904,7.105,True,False,0.9863,72,73,HORIZON_MARK,-3.2724,-3.9471,-0.3485,-0.3938,3.1657,-8.3295,52.13,2026-09-22T21:40:00+00:00,False,False,0.0,-4.7094,0.0035
SAGA-EUR,2026-09-22T16:30:15.142903+00:00,4,1.4,0.034395,0.03135,0.038658,126.0233442718728,9.0,True,True,1.0,47,47,HORIZON_MARK,-3.0382,-3.7146,-0.3432,-0.3915,1.2211,-5.0124,4.75,2026-09-22T20:30:00+00:00,False,False,0.0,-4.6813,0.0035
SAGA-EUR,2026-09-22T16:30:15.142903+00:00,4,1.5,0.034395,0.03135,0.0389625,126.0233442718728,9.0,True,True,1.0,47,47,HORIZON_MARK,-3.0382,-3.7146,-0.3432,-0.3915,1.2211,-5.0124,4.75,2026-09-22T20:30:00+00:00,False,False,0.0,-4.6813,0.0035
SAGA-EUR,2026-09-22T16:30:15.142903+00:00,4,1.6,0.034395,0.03135,0.039267,126.0233442718728,9.0,True,True,1.0,47,47,HORIZON_MARK,-3.0382,-3.7146,-0.3432,-0.3915,1.2211,-5.0124,4.75,2026-09-22T20:30:00+00:00,False,False,0.0,-4.6813,0.0035
SAGA-EUR,2026-09-22T16:30:15.142903+00:00,4,2,0.034395,0.03135,0.040485,126.0233442718728,9.0,True,True,1.0,47,47,HORIZON_MARK,-3.0382,-3.7146,-0.3432,-0.3915,1.2211,-5.0124,4.75,2026-09-22T20:30:00+00:00,False,False,0.0,-4.6813,0.0035
SAGA-EUR,2026-09-22T16:30:15.142903+00:00,12,1.4,0.034395,0.03135,0.038658,126.0233442718728,9.0,True,False,0.98387,61,62,HORIZON_MARK,-1.8375,-2.5222,-0.2076,-0.2658,1.2211,-5.0124,4.75,2026-09-22T21:40:00+00:00,False,False,0.0,-3.1786,0.0035
SAGA-EUR,2026-09-22T16:30:15.142903+00:00,12,1.5,0.034395,0.03135,0.0389625,126.0233442718728,9.0,True,False,0.98387,61,62,HORIZON_MARK,-1.8375,-2.5222,-0.2076,-0.2658,1.2211,-5.0124,4.75,2026-09-22T21:40:00+00:00,False,False,0.0,-3.1786,0.0035
SAGA-EUR,2026-09-22T16:30:15.142903+00:00,12,1.6,0.034395,0.03135,0.039267,126.0233442718728,9.0,True,False,0.98387,61,62,HORIZON_MARK,-1.8375,-2.5222,-0.2076,-0.2658,1.2211,-5.0124,4.75,2026-09-22T21:40:00+00:00,False,False,0.0,-3.1786,0.0035
SAGA-EUR,2026-09-22T16:30:15.142903+00:00,12,2,0.034395,0.03135,0.040485,126.0233442718728,9.0,True,False,0.98387,61,62,HORIZON_MARK,-1.8375,-2.5222,-0.2076,-0.2658,1.2211,-5.0124,4.75,2026-09-22T21:40:00+00:00,False,False,0.0,-3.1786,0.0035
SAGA-EUR,2026-09-22T16:30:15.142903+00:00,24,1.4,0.034395,0.03135,0.038658,126.0233442718728,9.0,True,False,0.98387,61,62,HORIZON_MARK,-1.8375,-2.5222,-0.2076,-0.2658,1.2211,-5.0124,4.75,2026-09-22T21:40:00+00:00,False,False,0.0,-3.1786,0.0035
SAGA-EUR,2026-09-22T16:30:15.142903+00:00,24,1.5,0.034395,0.03135,0.0389625,126.0233442718728,9.0,True,False,0.98387,61,62,HORIZON_MARK,-1.8375,-2.5222,-0.2076,-0.2658,1.2211,-5.0124,4.75,2026-09-22T21:40:00+00:00,False,False,0.0,-3.1786,0.0035
SAGA-EUR,2026-09-22T16:30:15.142903+00:00,24,1.6,0.034395,0.03135,0.039267,126.0233442718728,9.0,True,False,0.98387,61,62,HORIZON_MARK,-1.8375,-2.5222,-0.2076,-0.2658,1.2211,-5.0124,4.75,2026-09-22T21:40:00+00:00,False,False,0.0,-3.1786,0.0035
SAGA-EUR,2026-09-22T16:30:15.142903+00:00,24,2,0.034395,0.03135,0.040485,126.0233442718728,9.0,True,False,0.98387,61,62,HORIZON_MARK,-1.8375,-2.5222,-0.2076,-0.2658,1.2211,-5.0124,4.75,2026-09-22T21:40:00+00:00,False,False,0.0,-3.1786,0.0035
MERL-EUR,2026-09-22T16:47:58.557786+00:00,4,1.4,0.026928,0.025035,0.0295782,155.73791231768882,9.459,True,True,1.0,47,47,HORIZON_MARK,-0.1523,-0.8488,-0.0217,-0.1105,4.1332,-2.3247,32.02,2026-09-22T20:45:00+00:00,False,False,0.0,-1.3218,0.0035
MERL-EUR,2026-09-22T16:47:58.557786+00:00,4,1.5,0.026928,0.025035,0.0297675,155.73791231768882,9.459,True,True,1.0,47,47,HORIZON_MARK,-0.1523,-0.8488,-0.0217,-0.1105,4.1332,-2.3247,32.02,2026-09-22T20:45:00+00:00,False,False,0.0,-1.3218,0.0035
MERL-EUR,2026-09-22T16:47:58.557786+00:00,4,1.6,0.026928,0.025035,0.0299568,155.73791231768882,9.459,True,True,1.0,47,47,HORIZON_MARK,-0.1523,-0.8488,-0.0217,-0.1105,4.1332,-2.3247,32.02,2026-09-22T20:45:00+00:00,False,False,0.0,-1.3218,0.0035
MERL-EUR,2026-09-22T16:47:58.557786+00:00,4,2,0.026928,0.025035,0.030713,155.73791231768882,9.459,True,True,1.0,47,47,HORIZON_MARK,-0.1523,-0.8488,-0.0217,-0.1105,4.1332,-2.3247,32.02,2026-09-22T20:45:00+00:00,False,False,0.0,-1.3218,0.0035
MERL-EUR,2026-09-22T16:47:58.557786+00:00,12,1.4,0.026928,0.025035,0.0295782,155.73791231768882,9.459,True,False,0.98305,58,59,HORIZON_MARK,0.052,-0.6459,0.0074,-0.0841,4.1332,-2.5475,32.02,2026-09-22T21:40:00+00:00,False,False,0.0126,-1.006,0.0035
MERL-EUR,2026-09-22T16:47:58.557786+00:00,12,1.5,0.026928,0.025035,0.0297675,155.73791231768882,9.459,True,False,0.98305,58,59,HORIZON_MARK,0.052,-0.6459,0.0074,-0.0841,4.1332,-2.5475,32.02,2026-09-22T21:40:00+00:00,False,False,0.0126,-1.006,0.0035
MERL-EUR,2026-09-22T16:47:58.557786+00:00,12,1.6,0.026928,0.025035,0.0299568,155.73791231768882,9.459,True,False,0.98305,58,59,HORIZON_MARK,0.052,-0.6459,0.0074,-0.0841,4.1332,-2.5475,32.02,2026-09-22T21:40:00+00:00,False,False,0.0126,-1.006,0.0035
MERL-EUR,2026-09-22T16:47:58.557786+00:00,12,2,0.026928,0.025035,0.030713,155.73791231768882,9.459,True,False,0.98305,58,59,HORIZON_MARK,0.052,-0.6459,0.0074,-0.0841,4.1332,-2.5475,32.02,2026-09-22T21:40:00+00:00,False,False,0.0126,-1.006,0.0035
MERL-EUR,2026-09-22T16:47:58.557786+00:00,24,1.4,0.026928,0.025035,0.0295782,155.73791231768882,9.459,True,False,0.98305,58,59,HORIZON_MARK,0.052,-0.6459,0.0074,-0.0841,4.1332,-2.5475,32.02,2026-09-22T21:40:00+00:00,False,False,0.0126,-1.006,0.0035
MERL-EUR,2026-09-22T16:47:58.557786+00:00,24,1.5,0.026928,0.025035,0.0297675,155.73791231768882,9.459,True,False,0.98305,58,59,HORIZON_MARK,0.052,-0.6459,0.0074,-0.0841,4.1332,-2.5475,32.02,2026-09-22T21:40:00+00:00,False,False,0.0126,-1.006,0.0035
MERL-EUR,2026-09-22T16:47:58.557786+00:00,24,1.6,0.026928,0.025035,0.0299568,155.73791231768882,9.459,True,False,0.98305,58,59,HORIZON_MARK,0.052,-0.6459,0.0074,-0.0841,4.1332,-2.5475,32.02,2026-09-22T21:40:00+00:00,False,False,0.0126,-1.006,0.0035
MERL-EUR,2026-09-22T16:47:58.557786+00:00,24,2,0.026928,0.025035,0.030713,155.73791231768882,9.459,True,False,0.98305,58,59,HORIZON_MARK,0.052,-0.6459,0.0074,-0.0841,4.1332,-2.5475,32.02,2026-09-22T21:40:00+00:00,False,False,0.0126,-1.006,0.0035
EPIC-EUR,2026-09-22T17:00:58.306962+00:00,4,1.4,0.49009,0.45146,0.5441720000000001,140.2747855248918,9.28,True,True,1.0,47,47,HORIZON_MARK,-1.5283,-2.2152,-0.1939,-0.2599,1.2345,-4.2768,19.03,2026-09-22T21:00:00+00:00,False,False,0.0,-3.1074,0.0035
EPIC-EUR,2026-09-22T17:00:58.306962+00:00,4,1.5,0.49009,0.45146,0.548035,140.2747855248918,9.28,True,True,1.0,47,47,HORIZON_MARK,-1.5283,-2.2152,-0.1939,-0.2599,1.2345,-4.2768,19.03,2026-09-22T21:00:00+00:00,False,False,0.0,-3.1074,0.0035
EPIC-EUR,2026-09-22T17:00:58.306962+00:00,4,1.6,0.49009,0.45146,0.5518980000000001,140.2747855248918,9.28,True,True,1.0,47,47,HORIZON_MARK,-1.5283,-2.2152,-0.1939,-0.2599,1.2345,-4.2768,19.03,2026-09-22T21:00:00+00:00,False,False,0.0,-3.1074,0.0035
EPIC-EUR,2026-09-22T17:00:58.306962+00:00,4,2,0.49009,0.45146,0.56735,140.2747855248918,9.28,True,True,1.0,47,47,HORIZON_MARK,-1.5283,-2.2152,-0.1939,-0.2599,1.2345,-4.2768,19.03,2026-09-22T21:00:00+00:00,False,False,0.0,-3.1074,0.0035
EPIC-EUR,2026-09-22T17:00:58.306962+00:00,12,1.4,0.49009,0.45146,0.5441720000000001,140.2747855248918,9.28,True,False,0.98214,55,56,HORIZON_MARK,-2.4159,-3.0966,-0.3065,-0.3632,1.2345,-4.2768,19.03,2026-09-22T21:40:00+00:00,False,False,0.0,-4.3437,0.0035
EPIC-EUR,2026-09-22T17:00:58.306962+00:00,12,1.5,0.49009,0.45146,0.548035,140.2747855248918,9.28,True,False,0.98214,55,56,HORIZON_MARK,-2.4159,-3.0966,-0.3065,-0.3632,1.2345,-4.2768,19.03,2026-09-22T21:40:00+00:00,False,False,0.0,-4.3437,0.0035
EPIC-EUR,2026-09-22T17:00:58.306962+00:00,12,1.6,0.49009,0.45146,0.5518980000000001,140.2747855248918,9.28,True,False,0.98214,55,56,HORIZON_MARK,-2.4159,-3.0966,-0.3065,-0.3632,1.2345,-4.2768,19.03,2026-09-22T21:40:00+00:00,False,False,0.0,-4.3437,0.0035
EPIC-EUR,2026-09-22T17:00:58.306962+00:00,12,2,0.49009,0.45146,0.56735,140.2747855248918,9.28,True,False,0.98214,55,56,HORIZON_MARK,-2.4159,-3.0966,-0.3065,-0.3632,1.2345,-4.2768,19.03,2026-09-22T21:40:00+00:00,False,False,0.0,-4.3437,0.0035
EPIC-EUR,2026-09-22T17:00:58.306962+00:00,24,1.4,0.49009,0.45146,0.5441720000000001,140.2747855248918,9.28,True,False,0.98214,55,56,HORIZON_MARK,-2.4159,-3.0966,-0.3065,-0.3632,1.2345,-4.2768,19.03,2026-09-22T21:40:00+00:00,False,False,0.0,-4.3437,0.0035
EPIC-EUR,2026-09-22T17:00:58.306962+00:00,24,1.5,0.49009,0.45146,0.548035,140.2747855248918,9.28,True,False,0.98214,55,56,HORIZON_MARK,-2.4159,-3.0966,-0.3065,-0.3632,1.2345,-4.2768,19.03,2026-09-22T21:40:00+00:00,False,False,0.0,-4.3437,0.0035
EPIC-EUR,2026-09-22T17:00:58.306962+00:00,24,1.6,0.49009,0.45146,0.5518980000000001,140.2747855248918,9.28,True,False,0.98214,55,56,HORIZON_MARK,-2.4159,-3.0966,-0.3065,-0.3632,1.2345,-4.2768,19.03,2026-09-22T21:40:00+00:00,False,False,0.0,-4.3437,0.0035
EPIC-EUR,2026-09-22T17:00:58.306962+00:00,24,2,0.49009,0.45146,0.56735,140.2747855248918,9.28,True,False,0.98214,55,56,HORIZON_MARK,-2.4159,-3.0966,-0.3065,-0.3632,1.2345,-4.2768,19.03,2026-09-22T21:40:00+00:00,False,False,0.0,-4.3437,0.0035
APE-EUR,2026-09-22T17:36:30.897702+00:00,4,1.4,0.13764,0.12881,0.15000200000000002,169.1848718184444,8.731,True,True,1.0,47,47,HORIZON_MARK,-0.5231,-1.217,-0.0815,-0.1722,2.8916,-1.671,28.49,2026-09-22T21:35:00+00:00,False,False,0.0,-2.059,0.0035
APE-EUR,2026-09-22T17:36:30.897702+00:00,4,1.5,0.13764,0.12881,0.15088500000000002,169.1848718184444,8.731,True,True,1.0,47,47,HORIZON_MARK,-0.5231,-1.217,-0.0815,-0.1722,2.8916,-1.671,28.49,2026-09-22T21:35:00+00:00,False,False,0.0,-2.059,0.0035
APE-EUR,2026-09-22T17:36:30.897702+00:00,4,1.6,0.13764,0.12881,0.15176800000000001,169.1848718184444,8.731,True,True,1.0,47,47,HORIZON_MARK,-0.5231,-1.217,-0.0815,-0.1722,2.8916,-1.671,28.49,2026-09-22T21:35:00+00:00,False,False,0.0,-2.059,0.0035
APE-EUR,2026-09-22T17:36:30.897702+00:00,4,2,0.13764,0.12881,0.1553,169.1848718184444,8.731,True,True,1.0,47,47,HORIZON_MARK,-0.5231,-1.217,-0.0815,-0.1722,2.8916,-1.671,28.49,2026-09-22T21:35:00+00:00,False,False,0.0,-2.059,0.0035
APE-EUR,2026-09-22T17:36:30.897702+00:00,12,1.4,0.13764,0.12881,0.15000200000000002,169.1848718184444,8.731,True,False,0.97959,48,49,HORIZON_MARK,-0.6611,-1.3541,-0.1031,-0.1916,2.8916,-1.671,28.49,2026-09-22T21:40:00+00:00,False,False,0.0,-2.2909,0.0035
APE-EUR,2026-09-22T17:36:30.897702+00:00,12,1.5,0.13764,0.12881,0.15088500000000002,169.1848718184444,8.731,True,False,0.97959,48,49,HORIZON_MARK,-0.6611,-1.3541,-0.1031,-0.1916,2.8916,-1.671,28.49,2026-09-22T21:40:00+00:00,False,False,0.0,-2.2909,0.0035
APE-EUR,2026-09-22T17:36:30.897702+00:00,12,1.6,0.13764,0.12881,0.15176800000000001,169.1848718184444,8.731,True,False,0.97959,48,49,HORIZON_MARK,-0.6611,-1.3541,-0.1031,-0.1916,2.8916,-1.671,28.49,2026-09-22T21:40:00+00:00,False,False,0.0,-2.2909,0.0035
APE-EUR,2026-09-22T17:36:30.897702+00:00,12,2,0.13764,0.12881,0.1553,169.1848718184444,8.731,True,False,0.97959,48,49,HORIZON_MARK,-0.6611,-1.3541,-0.1031,-0.1916,2.8916,-1.671,28.49,2026-09-22T21:40:00+00:00,False,False,0.0,-2.2909,0.0035
APE-EUR,2026-09-22T17:36:30.897702+00:00,24,1.4,0.13764,0.12881,0.15000200000000002,169.1848718184444,8.731,True,False,0.97959,48,49,HORIZON_MARK,-0.6611,-1.3541,-0.1031,-0.1916,2.8916,-1.671,28.49,2026-09-22T21:40:00+00:00,False,False,0.0,-2.2909,0.0035
APE-EUR,2026-09-22T17:36:30.897702+00:00,24,1.5,0.13764,0.12881,0.15088500000000002,169.1848718184444,8.731,True,False,0.97959,48,49,HORIZON_MARK,-0.6611,-1.3541,-0.1031,-0.1916,2.8916,-1.671,28.49,2026-09-22T21:40:00+00:00,False,False,0.0,-2.2909,0.0035
APE-EUR,2026-09-22T17:36:30.897702+00:00,24,1.6,0.13764,0.12881,0.15176800000000001,169.1848718184444,8.731,True,False,0.97959,48,49,HORIZON_MARK,-0.6611,-1.3541,-0.1031,-0.1916,2.8916,-1.671,28.49,2026-09-22T21:40:00+00:00,False,False,0.0,-2.2909,0.0035
APE-EUR,2026-09-22T17:36:30.897702+00:00,24,2,0.13764,0.12881,0.1553,169.1848718184444,8.731,True,False,0.97959,48,49,HORIZON_MARK,-0.6611,-1.3541,-0.1031,-0.1916,2.8916,-1.671,28.49,2026-09-22T21:40:00+00:00,False,False,0.0,-2.2909,0.0035
STO-EUR,2026-09-22T17:36:30.897702+00:00,4,1.4,0.039707,0.036418,0.0443116,134.01557456641999,6.99,True,True,1.0,47,47,HORIZON_MARK,-5.8831,-6.5396,-0.7102,-0.7329,0.748,-5.8831,3.49,2026-09-22T21:35:00+00:00,False,False,0.0,-8.7641,0.0035
STO-EUR,2026-09-22T17:36:30.897702+00:00,4,1.5,0.039707,0.036418,0.0446405,134.01557456641999,6.99,True,True,1.0,47,47,HORIZON_MARK,-5.8831,-6.5396,-0.7102,-0.7329,0.748,-5.8831,3.49,2026-09-22T21:35:00+00:00,False,False,0.0,-8.7641,0.0035
STO-EUR,2026-09-22T17:36:30.897702+00:00,4,1.6,0.039707,0.036418,0.0449694,134.01557456641999,6.99,True,True,1.0,47,47,HORIZON_MARK,-5.8831,-6.5396,-0.7102,-0.7329,0.748,-5.8831,3.49,2026-09-22T21:35:00+00:00,False,False,0.0,-8.7641,0.0035
STO-EUR,2026-09-22T17:36:30.897702+00:00,4,2,0.039707,0.036418,0.046285,134.01557456641999,6.99,True,True,1.0,47,47,HORIZON_MARK,-5.8831,-6.5396,-0.7102,-0.7329,0.748,-5.8831,3.49,2026-09-22T21:35:00+00:00,False,False,0.0,-8.7641,0.0035
STO-EUR,2026-09-22T17:36:30.897702+00:00,12,1.4,0.039707,0.036418,0.0443116,134.01557456641999,6.99,True,False,0.97959,48,49,HORIZON_MARK,-5.8831,-6.5396,-0.7102,-0.7329,0.748,-5.8831,3.49,2026-09-22T21:40:00+00:00,False,False,0.0,-8.7641,0.0035
STO-EUR,2026-09-22T17:36:30.897702+00:00,12,1.5,0.039707,0.036418,0.0446405,134.01557456641999,6.99,True,False,0.97959,48,49,HORIZON_MARK,-5.8831,-6.5396,-0.7102,-0.7329,0.748,-5.8831,3.49,2026-09-22T21:40:00+00:00,False,False,0.0,-8.7641,0.0035
STO-EUR,2026-09-22T17:36:30.897702+00:00,12,1.6,0.039707,0.036418,0.0449694,134.01557456641999,6.99,True,False,0.97959,48,49,HORIZON_MARK,-5.8831,-6.5396,-0.7102,-0.7329,0.748,-5.8831,3.49,2026-09-22T21:40:00+00:00,False,False,0.0,-8.7641,0.0035
STO-EUR,2026-09-22T17:36:30.897702+00:00,12,2,0.039707,0.036418,0.046285,134.01557456641999,6.99,True,False,0.97959,48,49,HORIZON_MARK,-5.8831,-6.5396,-0.7102,-0.7329,0.748,-5.8831,3.49,2026-09-22T21:40:00+00:00,False,False,0.0,-8.7641,0.0035
STO-EUR,2026-09-22T17:36:30.897702+00:00,24,1.4,0.039707,0.036418,0.0443116,134.01557456641999,6.99,True,False,0.97959,48,49,HORIZON_MARK,-5.8831,-6.5396,-0.7102,-0.7329,0.748,-5.8831,3.49,2026-09-22T21:40:00+00:00,False,False,0.0,-8.7641,0.0035
STO-EUR,2026-09-22T17:36:30.897702+00:00,24,1.5,0.039707,0.036418,0.0446405,134.01557456641999,6.99,True,False,0.97959,48,49,HORIZON_MARK,-5.8831,-6.5396,-0.7102,-0.7329,0.748,-5.8831,3.49,2026-09-22T21:40:00+00:00,False,False,0.0,-8.7641,0.0035
STO-EUR,2026-09-22T17:36:30.897702+00:00,24,1.6,0.039707,0.036418,0.0449694,134.01557456641999,6.99,True,False,0.97959,48,49,HORIZON_MARK,-5.8831,-6.5396,-0.7102,-0.7329,0.748,-5.8831,3.49,2026-09-22T21:40:00+00:00,False,False,0.0,-8.7641,0.0035
STO-EUR,2026-09-22T17:36:30.897702+00:00,24,2,0.039707,0.036418,0.046285,134.01557456641999,6.99,True,False,0.97959,48,49,HORIZON_MARK,-5.8831,-6.5396,-0.7102,-0.7329,0.748,-5.8831,3.49,2026-09-22T21:40:00+00:00,False,False,0.0,-8.7641,0.0035
TREAD-EUR,2026-09-22T18:47:42.106827+00:00,4,1.4,0.47,0.43311,0.5216459999999999,140.82085479999998,6.875,True,False,0.97143,34,35,HORIZON_MARK,2.9106,2.1928,0.3708,0.2582,10.1298,-0.8362,127.3,2026-09-22T21:40:00+00:00,False,False,0.2873,3.0879,0.0035
TREAD-EUR,2026-09-22T18:47:42.106827+00:00,4,1.5,0.47,0.43311,0.5253349999999999,140.82085479999998,6.875,True,False,0.97143,34,35,HORIZON_MARK,2.9106,2.1928,0.3708,0.2582,10.1298,-0.8362,127.3,2026-09-22T21:40:00+00:00,False,False,0.2873,3.0879,0.0035
TREAD-EUR,2026-09-22T18:47:42.106827+00:00,4,1.6,0.47,0.43311,0.5290239999999999,140.82085479999998,6.875,True,False,0.97143,34,35,HORIZON_MARK,2.9106,2.1928,0.3708,0.2582,10.1298,-0.8362,127.3,2026-09-22T21:40:00+00:00,False,False,0.2873,3.0879,0.0035
TREAD-EUR,2026-09-22T18:47:42.106827+00:00,4,2,0.47,0.43311,0.54377,140.82085479999998,6.875,True,False,0.97143,34,35,HORIZON_MARK,2.9106,2.1928,0.3708,0.2582,10.1298,-0.8362,127.3,2026-09-22T21:40:00+00:00,False,False,0.2873,3.0879,0.0035
TREAD-EUR,2026-09-22T18:47:42.106827+00:00,12,1.4,0.47,0.43311,0.5216459999999999,140.82085479999998,6.875,True,False,0.97143,34,35,HORIZON_MARK,2.9106,2.1928,0.3708,0.2582,10.1298,-0.8362,127.3,2026-09-22T21:40:00+00:00,False,False,0.2873,3.0879,0.0035
TREAD-EUR,2026-09-22T18:47:42.106827+00:00,12,1.5,0.47,0.43311,0.5253349999999999,140.82085479999998,6.875,True,False,0.97143,34,35,HORIZON_MARK,2.9106,2.1928,0.3708,0.2582,10.1298,-0.8362,127.3,2026-09-22T21:40:00+00:00,False,False,0.2873,3.0879,0.0035
TREAD-EUR,2026-09-22T18:47:42.106827+00:00,12,1.6,0.47,0.43311,0.5290239999999999,140.82085479999998,6.875,True,False,0.97143,34,35,HORIZON_MARK,2.9106,2.1928,0.3708,0.2582,10.1298,-0.8362,127.3,2026-09-22T21:40:00+00:00,False,False,0.2873,3.0879,0.0035
TREAD-EUR,2026-09-22T18:47:42.106827+00:00,12,2,0.47,0.43311,0.54377,140.82085479999998,6.875,True,False,0.97143,34,35,HORIZON_MARK,2.9106,2.1928,0.3708,0.2582,10.1298,-0.8362,127.3,2026-09-22T21:40:00+00:00,False,False,0.2873,3.0879,0.0035
TREAD-EUR,2026-09-22T18:47:42.106827+00:00,24,1.4,0.47,0.43311,0.5216459999999999,140.82085479999998,6.875,True,False,0.97143,34,35,HORIZON_MARK,2.9106,2.1928,0.3708,0.2582,10.1298,-0.8362,127.3,2026-09-22T21:40:00+00:00,False,False,0.2873,3.0879,0.0035
TREAD-EUR,2026-09-22T18:47:42.106827+00:00,24,1.5,0.47,0.43311,0.5253349999999999,140.82085479999998,6.875,True,False,0.97143,34,35,HORIZON_MARK,2.9106,2.1928,0.3708,0.2582,10.1298,-0.8362,127.3,2026-09-22T21:40:00+00:00,False,False,0.2873,3.0879,0.0035
TREAD-EUR,2026-09-22T18:47:42.106827+00:00,24,1.6,0.47,0.43311,0.5290239999999999,140.82085479999998,6.875,True,False,0.97143,34,35,HORIZON_MARK,2.9106,2.1928,0.3708,0.2582,10.1298,-0.8362,127.3,2026-09-22T21:40:00+00:00,False,False,0.2873,3.0879,0.0035
TREAD-EUR,2026-09-22T18:47:42.106827+00:00,24,2,0.47,0.43311,0.54377,140.82085479999998,6.875,True,False,0.97143,34,35,HORIZON_MARK,2.9106,2.1928,0.3708,0.2582,10.1298,-0.8362,127.3,2026-09-22T21:40:00+00:00,False,False,0.2873,3.0879,0.0035
MOVR-EUR,2026-09-22T19:20:13.951284+00:00,4,1.4,0.8312,0.7741,0.9111400000000001,159.03428889830403,10.0,True,False,0.96429,27,28,HORIZON_MARK,-3.3085,-3.9829,-0.4816,-0.5297,0.3008,-4.0423,4.77,2026-09-22T21:40:00+00:00,False,False,0.0,-6.3343,0.0035
MOVR-EUR,2026-09-22T19:20:13.951284+00:00,4,1.5,0.8312,0.7741,0.9168500000000002,159.03428889830403,10.0,True,False,0.96429,27,28,HORIZON_MARK,-3.3085,-3.9829,-0.4816,-0.5297,0.3008,-4.0423,4.77,2026-09-22T21:40:00+00:00,False,False,0.0,-6.3343,0.0035
MOVR-EUR,2026-09-22T19:20:13.951284+00:00,4,1.6,0.8312,0.7741,0.9225600000000002,159.03428889830403,10.0,True,False,0.96429,27,28,HORIZON_MARK,-3.3085,-3.9829,-0.4816,-0.5297,0.3008,-4.0423,4.77,2026-09-22T21:40:00+00:00,False,False,0.0,-6.3343,0.0035
MOVR-EUR,2026-09-22T19:20:13.951284+00:00,4,2,0.8312,0.7741,0.9454,159.03428889830403,10.0,True,False,0.96429,27,28,HORIZON_MARK,-3.3085,-3.9829,-0.4816,-0.5297,0.3008,-4.0423,4.77,2026-09-22T21:40:00+00:00,False,False,0.0,-6.3343,0.0035
MOVR-EUR,2026-09-22T19:20:13.951284+00:00,12,1.4,0.8312,0.7741,0.9111400000000001,159.03428889830403,10.0,True,False,0.96429,27,28,HORIZON_MARK,-3.3085,-3.9829,-0.4816,-0.5297,0.3008,-4.0423,4.77,2026-09-22T21:40:00+00:00,False,False,0.0,-6.3343,0.0035
MOVR-EUR,2026-09-22T19:20:13.951284+00:00,12,1.5,0.8312,0.7741,0.9168500000000002,159.03428889830403,10.0,True,False,0.96429,27,28,HORIZON_MARK,-3.3085,-3.9829,-0.4816,-0.5297,0.3008,-4.0423,4.77,2026-09-22T21:40:00+00:00,False,False,0.0,-6.3343,0.0035
MOVR-EUR,2026-09-22T19:20:13.951284+00:00,12,1.6,0.8312,0.7741,0.9225600000000002,159.03428889830403,10.0,True,False,0.96429,27,28,HORIZON_MARK,-3.3085,-3.9829,-0.4816,-0.5297,0.3008,-4.0423,4.77,2026-09-22T21:40:00+00:00,False,False,0.0,-6.3343,0.0035
MOVR-EUR,2026-09-22T19:20:13.951284+00:00,12,2,0.8312,0.7741,0.9454,159.03428889830403,10.0,True,False,0.96429,27,28,HORIZON_MARK,-3.3085,-3.9829,-0.4816,-0.5297,0.3008,-4.0423,4.77,2026-09-22T21:40:00+00:00,False,False,0.0,-6.3343,0.0035
MOVR-EUR,2026-09-22T19:20:13.951284+00:00,24,1.4,0.8312,0.7741,0.9111400000000001,159.03428889830403,10.0,True,False,0.96429,27,28,HORIZON_MARK,-3.3085,-3.9829,-0.4816,-0.5297,0.3008,-4.0423,4.77,2026-09-22T21:40:00+00:00,False,False,0.0,-6.3343,0.0035
MOVR-EUR,2026-09-22T19:20:13.951284+00:00,24,1.5,0.8312,0.7741,0.9168500000000002,159.03428889830403,10.0,True,False,0.96429,27,28,HORIZON_MARK,-3.3085,-3.9829,-0.4816,-0.5297,0.3008,-4.0423,4.77,2026-09-22T21:40:00+00:00,False,False,0.0,-6.3343,0.0035
MOVR-EUR,2026-09-22T19:20:13.951284+00:00,24,1.6,0.8312,0.7741,0.9225600000000002,159.03428889830403,10.0,True,False,0.96429,27,28,HORIZON_MARK,-3.3085,-3.9829,-0.4816,-0.5297,0.3008,-4.0423,4.77,2026-09-22T21:40:00+00:00,False,False,0.0,-6.3343,0.0035
MOVR-EUR,2026-09-22T19:20:13.951284+00:00,24,2,0.8312,0.7741,0.9454,159.03428889830403,10.0,True,False,0.96429,27,28,HORIZON_MARK,-3.3085,-3.9829,-0.4816,-0.5297,0.3008,-4.0423,4.77,2026-09-22T21:40:00+00:00,False,False,0.0,-6.3343,0.0035
TIA-EUR,2026-09-22T19:34:34.922965+00:00,4,1.4,0.41293,0.39119,0.4433660000000001,201.8031784067677,9.615,True,False,0.96154,25,26,TP,7.3707,6.6218,1.4,1.1175,8.0498,-0.1187,25.42,2026-09-22T20:00:00+00:00,False,False,0.9156,13.3629,0.0035
TIA-EUR,2026-09-22T19:34:34.922965+00:00,4,1.5,0.41293,0.39119,0.44554000000000005,201.8031784067677,9.615,True,False,0.96154,25,26,TP,7.8972,7.1446,1.5,1.2057,8.0498,-0.1187,25.42,2026-09-22T20:00:00+00:00,False,False,0.981,14.418,0.0035
TIA-EUR,2026-09-22T19:34:34.922965+00:00,4,1.6,0.41293,0.39119,0.44771400000000006,201.8031784067677,9.615,True,False,0.96154,25,26,HORIZON_MARK,3.698,2.9746,0.7024,0.502,8.0498,-0.1187,25.42,2026-09-22T21:40:00+00:00,False,False,0.4594,6.0029,0.0035
TIA-EUR,2026-09-22T19:34:34.922965+00:00,4,2,0.41293,0.39119,0.45641,201.8031784067677,9.615,True,False,0.96154,25,26,HORIZON_MARK,3.698,2.9746,0.7024,0.502,8.0498,-0.1187,25.42,2026-09-22T21:40:00+00:00,False,False,0.4594,6.0029,0.0035
TIA-EUR,2026-09-22T19:34:34.922965+00:00,12,1.4,0.41293,0.39119,0.4433660000000001,201.8031784067677,9.615,True,False,0.96154,25,26,TP,7.3707,6.6218,1.4,1.1175,8.0498,-0.1187,25.42,2026-09-22T20:00:00+00:00,False,False,0.9156,13.3629,0.0035
TIA-EUR,2026-09-22T19:34:34.922965+00:00,12,1.5,0.41293,0.39119,0.44554000000000005,201.8031784067677,9.615,True,False,0.96154,25,26,TP,7.8972,7.1446,1.5,1.2057,8.0498,-0.1187,25.42,2026-09-22T20:00:00+00:00,False,False,0.981,14.418,0.0035
TIA-EUR,2026-09-22T19:34:34.922965+00:00,12,1.6,0.41293,0.39119,0.44771400000000006,201.8031784067677,9.615,True,False,0.96154,25,26,HORIZON_MARK,3.698,2.9746,0.7024,0.502,8.0498,-0.1187,25.42,2026-09-22T21:40:00+00:00,False,False,0.4594,6.0029,0.0035
TIA-EUR,2026-09-22T19:34:34.922965+00:00,12,2,0.41293,0.39119,0.45641,201.8031784067677,9.615,True,False,0.96154,25,26,HORIZON_MARK,3.698,2.9746,0.7024,0.502,8.0498,-0.1187,25.42,2026-09-22T21:40:00+00:00,False,False,0.4594,6.0029,0.0035
TIA-EUR,2026-09-22T19:34:34.922965+00:00,24,1.4,0.41293,0.39119,0.4433660000000001,201.8031784067677,9.615,True,False,0.96154,25,26,TP,7.3707,6.6218,1.4,1.1175,8.0498,-0.1187,25.42,2026-09-22T20:00:00+00:00,False,False,0.9156,13.3629,0.0035
TIA-EUR,2026-09-22T19:34:34.922965+00:00,24,1.5,0.41293,0.39119,0.44554000000000005,201.8031784067677,9.615,True,False,0.96154,25,26,TP,7.8972,7.1446,1.5,1.2057,8.0498,-0.1187,25.42,2026-09-22T20:00:00+00:00,False,False,0.981,14.418,0.0035
TIA-EUR,2026-09-22T19:34:34.922965+00:00,24,1.6,0.41293,0.39119,0.44771400000000006,201.8031784067677,9.615,True,False,0.96154,25,26,HORIZON_MARK,3.698,2.9746,0.7024,0.502,8.0498,-0.1187,25.42,2026-09-22T21:40:00+00:00,False,False,0.4594,6.0029,0.0035
TIA-EUR,2026-09-22T19:34:34.922965+00:00,24,2,0.41293,0.39119,0.45641,201.8031784067677,9.615,True,False,0.96154,25,26,HORIZON_MARK,3.698,2.9746,0.7024,0.502,8.0498,-0.1187,25.42,2026-09-22T21:40:00+00:00,False,False,0.4594,6.0029,0.0035
LAPTOP-EUR,2026-09-22T20:53:54.361560+00:00,4,1.4,0.06835,0.0621,0.07709999999999997,122.297893581,8.5,True,False,0.9,9,10,HORIZON_MARK,-2.2824,-2.964,-0.2496,-0.3031,-0.2048,-3.1309,6.09,2026-09-22T21:40:00+00:00,False,False,,-3.6249,0.0035
LAPTOP-EUR,2026-09-22T20:53:54.361560+00:00,4,1.5,0.06835,0.0621,0.07772499999999999,122.297893581,8.5,True,False,0.9,9,10,HORIZON_MARK,-2.2824,-2.964,-0.2496,-0.3031,-0.2048,-3.1309,6.09,2026-09-22T21:40:00+00:00,False,False,,-3.6249,0.0035
LAPTOP-EUR,2026-09-22T20:53:54.361560+00:00,4,1.6,0.06835,0.0621,0.07834999999999998,122.297893581,8.5,True,False,0.9,9,10,HORIZON_MARK,-2.2824,-2.964,-0.2496,-0.3031,-0.2048,-3.1309,6.09,2026-09-22T21:40:00+00:00,False,False,,-3.6249,0.0035
LAPTOP-EUR,2026-09-22T20:53:54.361560+00:00,4,2,0.06835,0.0621,0.08084,122.297893581,8.5,True,False,0.9,9,10,HORIZON_MARK,-2.2824,-2.964,-0.2496,-0.3031,-0.2048,-3.1309,6.09,2026-09-22T21:40:00+00:00,False,False,,-3.6249,0.0035
LAPTOP-EUR,2026-09-22T20:53:54.361560+00:00,12,1.4,0.06835,0.0621,0.07709999999999997,122.297893581,8.5,True,False,0.9,9,10,HORIZON_MARK,-2.2824,-2.964,-0.2496,-0.3031,-0.2048,-3.1309,6.09,2026-09-22T21:40:00+00:00,False,False,,-3.6249,0.0035
LAPTOP-EUR,2026-09-22T20:53:54.361560+00:00,12,1.5,0.06835,0.0621,0.07772499999999999,122.297893581,8.5,True,False,0.9,9,10,HORIZON_MARK,-2.2824,-2.964,-0.2496,-0.3031,-0.2048,-3.1309,6.09,2026-09-22T21:40:00+00:00,False,False,,-3.6249,0.0035
LAPTOP-EUR,2026-09-22T20:53:54.361560+00:00,12,1.6,0.06835,0.0621,0.07834999999999998,122.297893581,8.5,True,False,0.9,9,10,HORIZON_MARK,-2.2824,-2.964,-0.2496,-0.3031,-0.2048,-3.1309,6.09,2026-09-22T21:40:00+00:00,False,False,,-3.6249,0.0035
LAPTOP-EUR,2026-09-22T20:53:54.361560+00:00,12,2,0.06835,0.0621,0.08084,122.297893581,8.5,True,False,0.9,9,10,HORIZON_MARK,-2.2824,-2.964,-0.2496,-0.3031,-0.2048,-3.1309,6.09,2026-09-22T21:40:00+00:00,False,False,,-3.6249,0.0035
LAPTOP-EUR,2026-09-22T20:53:54.361560+00:00,24,1.4,0.06835,0.0621,0.07709999999999997,122.297893581,8.5,True,False,0.9,9,10,HORIZON_MARK,-2.2824,-2.964,-0.2496,-0.3031,-0.2048,-3.1309,6.09,2026-09-22T21:40:00+00:00,False,False,,-3.6249,0.0035
LAPTOP-EUR,2026-09-22T20:53:54.361560+00:00,24,1.5,0.06835,0.0621,0.07772499999999999,122.297893581,8.5,True,False,0.9,9,10,HORIZON_MARK,-2.2824,-2.964,-0.2496,-0.3031,-0.2048,-3.1309,6.09,2026-09-22T21:40:00+00:00,False,False,,-3.6249,0.0035
LAPTOP-EUR,2026-09-22T20:53:54.361560+00:00,24,1.6,0.06835,0.0621,0.07834999999999998,122.297893581,8.5,True,False,0.9,9,10,HORIZON_MARK,-2.2824,-2.964,-0.2496,-0.3031,-0.2048,-3.1309,6.09,2026-09-22T21:40:00+00:00,False,False,,-3.6249,0.0035
LAPTOP-EUR,2026-09-22T20:53:54.361560+00:00,24,2,0.06835,0.0621,0.08084,122.297893581,8.5,True,False,0.9,9,10,HORIZON_MARK,-2.2824,-2.964,-0.2496,-0.3031,-0.2048,-3.1309,6.09,2026-09-22T21:40:00+00:00,False,False,,-3.6249,0.0035
