market,available_utc,available_ts,recorded_ready,gate_reason,best_bid,best_ask,spread_pct,ask_depth_eur,bid_depth_present,stop_eur,range_pct,vwap_100,impact_pct_100,spread_cost_eur_100,levels_100,risk_eur_100,vwap_150,impact_pct_150,spread_cost_eur_150,levels_150,risk_eur_150
LSK-EUR,2026-09-24T19:24:45.531846+00:00,1790277885.5318463,True,ENTRY_READY_SHADOW,0.37923,0.38072,0.3929014054795177,29115.1587760188,False,0.34358,9.074166644742027,0.38071999999999995,-1.1102230246251565e-14,0.39136373187643736,1,10.295094122751522,0.38072,0.0,0.587045597814656,1,15.442641184127297
WMTX-EUR,2026-09-24T19:24:45.916626+00:00,1790277885.9166262,False,WAITING_SPREAD,0.017569,0.01868,6.323638226421524,17637.7603893556,False,,,0.018680934581160467,0.005003111137402705,5.947537473233389,2,,0.0186809563873894,0.005119846838330666,8.921306209850083,2,
VVV-EUR,2026-09-24T19:24:46.673058+00:00,1790277886.6730583,True,ENTRY_READY_SHADOW,27.7107,27.7407,0.10826142970044028,24802.9848779919,False,26.3337,4.284661543320359,27.7407,0.0,0.10814435107983078,1,5.639881147470334,27.7407,0.0,0.16221652661974617,1,8.459821721205515
LDO-EUR,2026-09-24T19:24:47.353928+00:00,1790277887.3539276,True,ENTRY_READY_SHADOW,0.38139,0.38193,0.14158735152993707,46987.673118942046,False,0.36536,2.9239456034779803,0.38193,0.0,0.1413871651873344,1,4.910790496855,0.38193,0.0,0.2120807477810016,1,7.366185745282536
QNT-EUR,2026-09-24T19:24:48.009663+00:00,1790277888.0096629,True,ENTRY_READY_SHADOW,76.049,76.113,0.08415626766951068,28777.079133026073,False,72.307,3.5970840913013884,76.113,0.0,0.08408550444732876,1,5.568798737459275,76.113,0.0,0.12612825667099314,1,8.353198106188927
DBR-EUR,2026-09-24T19:24:49.947304+00:00,1790277889.9473038,True,ENTRY_READY_SHADOW,0.018831,0.018846,0.0796558865700181,12866.098568899857,False,0.017739,4.403294396296492,0.0188611085121985,0.08016827018200168,0.07959248646928208,3,6.5119865730586355,0.018863738274603938,0.09412222542681814,0.11938872970392311,3,9.787529372480634
CRV-EUR,2026-09-24T19:24:48.708818+00:00,1790277888.7088182,False,WAITING_INSUFFICIENT_NET_RISK_REWARD,0.30856,0.30903,0.15232045631321522,45824.91386961386,False,0.3011,2.096784712711143,0.3090304050731518,0.0001310789087716202,0.15208879396823027,2,3.149123453118648,0.3090436022548304,0.00440159687744579,0.2281331909523454,2,4.729888957741281
ENA-EUR,2026-09-24T19:24:50.411329+00:00,1790277890.4113288,False,WAITING_INSUFFICIENT_NET_RISK_REWARD,0.1928,0.193,0.10373443983402453,46158.23904488696,False,0.18824,1.9586450540315998,0.193,0.0,0.10362694300518616,1,3.049820733141246,0.193,0.0,0.15544041450777923,1,4.574731099711869
FET-EUR,2026-09-24T19:24:50.966098+00:00,1790277890.966098,True,ENTRY_READY_SHADOW,0.19993,0.20004,0.055019256739852196,40433.06950390236,False,0.18962,3.723859914336109,0.20004,0.0,0.054989002199556936,1,5.776049752642962,0.20004,0.0,0.0824835032993354,1,8.664074628964414
CVC-EUR,2026-09-24T19:24:49.336361+00:00,1790277889.3363607,False,WAITING_INSUFFICIENT_NET_RISK_REWARD,0.02653,0.026536,0.022615906520906393,20075.698834466282,False,0.02605,1.2597889002383382,0.026536,0.0,0.02261079288513601,1,2.4187717133154365,0.026536,0.0,0.033916189327704016,1,3.6281575699731263
ATH-EUR,2026-09-24T19:30:24.997844+00:00,1790278224.9978442,True,ENTRY_READY_SHADOW,0.005309,0.0053196,0.19966095309851273,55315.66738288646,False,0.0050599,4.774316950137825,0.0053196,0.0,0.19926310248890022,1,5.450993920004848,0.0053196,0.0,0.29889465373335034,1,8.176490880007265
CC-EUR,2026-09-24T19:30:25.373885+00:00,1790278225.3738854,False,WAITING_INSUFFICIENT_NET_RISK_REWARD,0.10065,0.10071,0.05961251862889316,64010.0667112055,False,0.09726,2.8167612222553986,0.1007279854402912,0.0178586439193662,0.059577003276722884,2,4.020578409369222,0.10072865695124064,0.018525420753290334,0.08936550491508433,2,6.031827389074181
PTB-EUR,2026-09-24T19:30:25.964221+00:00,1790278225.9642208,True,ENTRY_READY_SHADOW,0.0008687,0.00087,0.14964890065614078,30526.2153923961,False,0.0008296,4.205446397793854,0.00087,0.0,0.14942528735631955,1,5.2141515177573154,0.0008700210798147962,0.002422967217952099,0.22413793103447932,2,7.82467213822207
HYPE-EUR,2026-09-24T19:30:28.769152+00:00,1790278228.769152,False,WAITING_INSUFFICIENT_NET_RISK_REWARD,83.234,83.237,0.0036042963212246093,129836.4149008265,False,81.511,1.825124276554353,83.237,0.0,0.0036041664163821707,1,2.659446057298098,83.237,0.0,0.005406249624573256,1,3.989169085947111
GRASS-EUR,2026-09-24T19:30:27.399400+00:00,1790278227.3994002,False,WAITING_INSUFFICIENT_NET_RISK_REWARD,0.38976,0.39077,0.25913382594418,34611.57220586791,False,0.37793,2.676923076923078,0.39077,0.0,0.25846405814161644,1,3.8644171042312507,0.39077,0.0,0.38769608721242466,1,5.79662565634689
GRT-EUR,2026-09-24T19:30:27.922299+00:00,1790278227.922299,False,WAITING_INSUFFICIENT_NET_RISK_REWARD,0.022951,0.023004,0.2309267570040463,54960.48591488564,False,0.02251,1.8036857927068408,0.023004,0.0,0.23039471396278932,1,2.732859752028375,0.023004,0.0,0.345592070944184,1,4.099289628042584
PENDLE-EUR,2026-09-24T19:30:24.243251+00:00,1790278224.243251,True,ENTRY_READY_SHADOW,2.2883,2.2939,0.2447231569287167,58686.11496527135,False,2.1897,4.897763019923097,2.2939,0.0,0.24412572474823424,1,5.113561001372034,2.2939,0.0,0.36618858712235136,1,7.670341502058051
TAI-EUR,2026-09-24T19:30:24.562808+00:00,1790278224.5628076,False,WAITING_SPREAD,0.003793,0.00401,5.721065119957802,29260.143803154297,False,,,0.00401,0.0,5.41147132169576,1,,0.00401,0.0,8.11720698254364,1,
INJ-EUR,2026-09-24T19:30:29.251390+00:00,1790278229.2513897,True,ENTRY_READY_SHADOW,7.2556,7.2611,0.07580351728320167,36227.850527558716,False,6.9404,6.143951079770817,7.2611,0.0,0.0757460990758907,1,4.988517523313078,7.2611,0.0,0.11361914861383604,1,7.482776284969589
INJ-EUR,2026-09-24T19:35:31.816486+00:00,1790278531.8164864,True,ENTRY_READY_SHADOW,7.2966,7.3025,0.08085957843380065,29970.657068408957,False,6.9404,6.143951079770817,7.302572834429056,0.0009973903328353018,0.08079424854502415,2,5.528107551506594,7.302581889596914,0.0011213912620933186,0.12119137281753622,2,8.29233704432616
HUMA-EUR,2026-09-24T19:35:22.288593+00:00,1790278522.2885926,False,WAITING_INSUFFICIENT_NET_RISK_REWARD,0.02271,0.022763,0.2333773667987593,35369.037443582,False,0.022242,1.6103414806317713,0.022763000000000002,2.220446049250313e-14,0.23283398497561114,1,2.8733635094708347,0.022763,0.0,0.3492509774634167,1,4.310045264206252
GRASS-EUR,2026-09-24T19:35:20.573865+00:00,1790278520.5738654,True,ENTRY_READY_SHADOW,0.39278,0.39376,0.2495035388767164,26285.697914885848,False,0.37793,2.676923076923078,0.39376,0.0,0.248882568061759,1,4.594418609865002,0.39376,0.0,0.3733238520926385,1,6.891627914797539
LIGHTER-EUR,2026-09-24T19:35:25.585554+00:00,1790278525.585554,False,WAITING_SPREAD,4.7697,4.8035,0.7086399563913659,46929.737905651804,False,,,4.8035,0.0,0.7036535859269111,1,,4.803508109847358,0.00016883204658757478,1.0554803788903666,2,
KMNO-EUR,2026-09-24T19:35:23.977794+00:00,1790278523.977794,False,WAITING_INSUFFICIENT_NET_RISK_REWARD,0.032966,0.032992,0.07886913789965089,64883.32458125673,False,0.032187,0.7907935628788587,0.032992510007277195,0.0015458513493937787,0.07880698351114823,2,3.025141582821732,0.03299314486352729,0.0034701246583779266,0.11821047526672235,4,4.540511369079439
COTI-EUR,2026-09-24T19:40:38.299185+00:00,1790278838.2991848,False,WAITING_INSUFFICIENT_NET_RISK_REWARD,0.014368,0.014408,0.2783964365256075,45356.42686917059,False,0.013987,2.434119278779477,0.014409505079618338,0.010446138383790604,0.27762354247640175,2,3.5128404114278027,0.014409670049301437,0.011591125079379871,0.41643531371460263,2,5.270917572792229
CHIP-EUR,2026-09-24T19:40:38.948358+00:00,1790278838.9483576,True,ENTRY_READY_SHADOW,0.04231,0.042393,0.19617111793901465,19412.6424787661,False,0.038956,4.978780162483325,0.042394530085575935,0.0036092882691463046,0.19578704031325556,2,8.660518345738055,0.04239502004572527,0.004765045468047013,0.29368056046988333,2,12.992360937108458
XPL-EUR,2026-09-24T19:40:39.898105+00:00,1790278839.898105,True,ENTRY_READY_SHADOW,0.093742,0.093842,0.10667576966567616,29730.83049372324,False,0.086728,7.39805620114092,0.09384199999999998,-1.1102230246251565e-14,0.10656209373200998,1,8.133729081741379,0.093842,0.0,0.15984314059801497,1,12.200593622612104
SKY-EUR,2026-09-24T19:40:40.901810+00:00,1790278840.9018104,False,WAITING_INSUFFICIENT_NET_RISK_REWARD,0.067702,0.067785,0.12259608283360368,29899.6097184143,False,0.066076,1.9269476675349242,0.067785,0.0,0.12244596887216463,1,3.1043778912974176,0.067785,0.0,0.18366895330824695,1,4.656566836946126
SYRUP-EUR,2026-09-24T19:40:42.670519+00:00,1790278842.6705189,False,WAITING_INSUFFICIENT_NET_RISK_REWARD,0.1904,0.19045,0.026260504201669477,60276.41568090829,False,0.18557,2.149973780807547,0.19055173927327376,0.05342046378249421,0.026253609871351724,2,3.1969899198761027,0.19056609437895447,0.060957930666560856,0.039380414807027586,3,4.806422954431554
SQD-EUR,2026-09-24T19:40:41.591970+00:00,1790278841.5919697,False,WAITING_INSUFFICIENT_NET_RISK_REWARD,0.026458,0.026535,0.2910272885327636,64440.12064382049,False,0.026018,1.7629110633969924,0.026535,0.0,0.2901827774637322,1,2.5349682323304137,0.026535,0.0,0.43527416619559833,1,3.802452348495649
SYN-EUR,2026-09-24T19:40:42.124749+00:00,1790278842.1247494,False,WAITING_INSUFFICIENT_NET_RISK_REWARD,0.171054,0.171273,0.12802974499279696,34191.18983983274,False,0.168411,2.4214004793930783,0.171273,0.0,0.1278660384298691,1,2.2592738826944156,0.171273,0.0,0.19179905764480365,1,3.3889108240416306
TREAD-EUR,2026-09-24T19:40:44.446086+00:00,1790278844.446086,False,WAITING_SPREAD,0.58003,0.5835,0.5982449183662863,7831.2998227289,False,,,0.5838789524399719,0.0649447197895281,0.5946872322193597,3,,0.5855563525980406,0.3524168976933417,0.8920308483290396,4,
TIA-EUR,2026-09-24T19:40:43.990202+00:00,1790278843.9902022,False,WAITING_INSUFFICIENT_NET_RISK_REWARD,0.43418,0.43464,0.10594684232345664,31798.818035243712,False,0.41962,2.8509579955784825,0.43465571581928075,0.0036158244249850924,0.10583471378612375,2,4.036783629729015,0.4346604771085397,0.004711280264046991,0.15875207067918562,2,6.056752222292772
TAO-EUR,2026-09-24T19:40:43.369498+00:00,1790278843.3694978,True,ENTRY_READY_SHADOW,262.89,263.12,0.08748906386701893,77899.5010996533,False,253.31,2.3709955879531965,263.12,0.0,0.08741258741259417,1,4.304286306504935,263.12,0.0,0.13111888111889125,1,6.456429459757402
UNI-EUR,2026-09-24T19:40:45.019233+00:00,1790278845.0192332,False,WAITING_INSUFFICIENT_NET_RISK_REWARD,8.1657,8.1716,0.07225345040842157,40834.14094131236,False,8.0439,1.5018055826663954,8.1716,0.0,0.07220128249058044,1,2.1516347201651627,8.1716,0.0,0.10830192373587066,1,3.22745208024773
PENDLE-EUR,2026-09-24T19:46:19.460447+00:00,1790279179.4604468,True,ENTRY_READY_SHADOW,2.2849,2.2879,0.1312967744759197,58698.60908840215,False,2.1889,4.872218358831704,2.2879,0.0,0.13112461208969473,1,4.8994794254801945,2.2879,0.0,0.1966869181345421,1,7.349219138220263
PLUME-EUR,2026-09-24T19:46:22.516275+00:00,1790279182.516275,True,ENTRY_READY_SHADOW,0.0163579,0.0163907,0.2005147359991133,46007.97280534218,False,0.015737,4.771056404624639,0.0163907,0.0,0.20011347898503118,1,4.5626317928874585,0.0163907,0.0,0.30017021847754677,1,6.843947689331202
AAVE-EUR,2026-09-24T19:46:07.674509+00:00,1790279167.674509,False,WAITING_INSUFFICIENT_NET_RISK_REWARD,129.36,129.46,0.07730364873221873,95701.94610186439,False,125.29,2.8368246115791926,129.46,0.0,0.07724393635099025,1,3.800056305243359,129.46,0.0,0.11586590452648537,1,5.700084457865046
CNPY-EUR,2026-09-24T19:46:09.561676+00:00,1790279169.561676,False,WAITING_SPREAD,0.35813,0.36104,0.8125541004663228,10148.3794358549,False,,,0.36104851970106916,0.0023597665270047585,0.806004874806121,2,,0.36105089487916725,0.0030176377041835067,1.2090073122091816,3,
DOT-EUR,2026-09-24T19:46:11.195278+00:00,1790279171.1952782,False,WAITING_INSUFFICIENT_NET_RISK_REWARD,1.0277,1.0288,0.10703512698257978,76122.23923722195,False,1.0124,1.888445439501614,1.0288,0.0,0.10692068429236645,1,2.182807852065011,1.0288,0.0,0.16038102643854968,1,3.2742117780975093
BOME-EUR,2026-09-24T19:46:09.179943+00:00,1790279169.1799428,False,WAITING_INSUFFICIENT_NET_RISK_REWARD,0.00092877,0.00093167,0.3122409207877208,108047.08559663175,False,0.0009193,1.5002514686841237,0.00093167,0.0,0.3112690115598893,1,1.9180345368077951,0.00093167,0.0,0.46690351733983393,1,2.8770518052116927
HNT-EUR,2026-09-24T19:51:00.990784+00:00,1790279460.9907844,False,WAITING_INSUFFICIENT_NET_RISK_REWARD,0.44699,0.44837,0.30873173896508455,20777.902513170193,False,0.44156,1.8220602613101025,0.44837,0.0,0.30778151972701284,1,2.1080027588988486,0.44837,0.0,0.46167227959051926,1,3.162004138348294
TREAD-EUR,2026-09-24T20:01:29.103995+00:00,1790280089.1039946,False,WAITING_STOP_GEOMETRY,0.67401,0.67429,0.04154241034999284,14003.361988528599,False,0.50538,27.181108439457358,0.674843648572963,0.08210837665738602,0.04152515979770621,3,25.559565810976252,0.674992366805704,0.10416390658380958,0.06228773969655932,3,38.36395043870928
PTB-EUR,2026-09-24T20:01:30.096902+00:00,1790280090.0969017,True,ENTRY_READY_SHADOW,0.0008801,0.0008828,0.30678332007727516,34591.1696511415,False,0.0008295,6.0040705563093555,0.0008828,0.0,0.30584503851381895,1,6.599741725206684,0.0008828006702912883,7.592787587551442e-05,0.4587675577707284,2,9.899718962977516
VVV-EUR,2026-09-24T20:01:30.831666+00:00,1790280090.8316662,True,ENTRY_READY_SHADOW,27.8877,27.9229,0.1262205201576272,30855.439976341,False,26.3649,6.154700089525521,27.9229,0.0,0.1260614047967734,1,6.1445235446099815,27.9229,0.0,0.18909210719516012,1,9.216785316915008
ENA-EUR,2026-09-24T20:01:32.389840+00:00,1790280092.38984,True,ENTRY_READY_SHADOW,0.1959,0.19609,0.09698825931596655,44260.082375276135,False,0.18827,3.590188178897455,0.19609,0.0,0.0968942832372921,1,4.562360901255431,0.19609,0.0,0.14534142485593815,1,6.843541351883147
KAIA-EUR,2026-09-24T20:01:34.855945+00:00,1790280094.8559449,False,WAITING_INSUFFICIENT_NET_RISK_REWARD,0.029578,0.029647,0.233281493001547,74535.85671122017,False,0.029317,1.2263099219621034,0.029647,0.0,0.2327385570209506,1,1.704692656660697,0.029647,0.0,0.3491078355314259,1,2.557038984991067
COMP-EUR,2026-09-24T20:01:31.292830+00:00,1790280091.2928295,False,WAITING_INSUFFICIENT_NET_RISK_REWARD,21.265,21.292,0.12696919821302277,58727.419874178806,False,20.721,2.754058365393637,21.292,0.0,0.12680819086982043,1,3.263969034299464,21.292,0.0,0.19021228630473064,1,4.895953551449196
ENS-EUR,2026-09-24T20:01:37.960798+00:00,1790280097.9607983,False,WAITING_INSUFFICIENT_NET_RISK_REWARD,6.2463,6.2583,0.1921137313289467,55375.786778074995,False,,,6.2583,0.0,0.19174536215905702,1,,6.258310951684801,0.00017499456403946567,0.28761804323858553,2,
DUSK-EUR,2026-09-24T20:01:35.453115+00:00,1790280095.4531152,False,WAITING_INSUFFICIENT_NET_RISK_REWARD,0.076547,0.076874,0.4271885246972307,54544.49642390426,False,0.075842,1.2001250944723947,0.076874,0.0,0.42537138694486165,1,1.9326795468077052,0.076874,0.0,0.6380570804172925,1,2.8990193202115506
LTC-EUR,2026-09-24T20:01:38.454832+00:00,1790280098.454832,False,WAITING_INSUFFICIENT_NET_RISK_REWARD,62.846,62.865,0.030232632148430305,96149.36664995624,False,61.708,2.243773488757244,62.87523977098787,0.01628850868984344,0.030223494790437844,2,2.4435860277853436,62.89081878992866,0.041070213837035574,0.045335242185656766,2,3.7016283682962126
LAPTOP-EUR,2026-09-24T20:01:36.112716+00:00,1790280096.112716,False,WAITING_INSUFFICIENT_NET_RISK_REWARD,0.06354,0.06355,0.015738117721109113,30303.6705050206,False,0.06244,1.5895498898331712,0.0635733248008959,0.03670306985981142,0.015735641227376806,2,2.3702941926553223,0.06358845554237899,0.06051226180801006,0.02360346184106521,3,3.5902874688526367
HEI-EUR,2026-09-24T20:01:36.792547+00:00,1790280096.7925467,False,WAITING_INSUFFICIENT_NET_RISK_REWARD,0.128065,0.128349,0.22176238628819345,73361.6547741715,False,0.127261,0.9934957077880774,0.128349,0.0,0.22127168891068472,1,1.4408717530204598,0.128349,0.0,0.3319075333660271,1,2.161307629530711
CELR-EUR,2026-09-24T20:01:37.331731+00:00,1790280097.3317308,False,WAITING_INSUFFICIENT_NET_RISK_REWARD,0.0026488,0.002658,0.3473270915131277,33143.5413101368,False,0.0025849,2.409320564060025,0.002658,0.0,0.34612490594432277,1,3.3319893550548016,0.002658,0.0,0.5191873589164842,1,4.997984032582224
WLFI-EUR,2026-09-24T20:01:39.664412+00:00,1790280099.6644115,False,WAITING_INSUFFICIENT_NET_RISK_REWARD,0.04915,0.04918,0.06103763987792554,73689.2424902785,False,0.04841,1.261958070425407,0.04918,0.0,0.061000406669387,1,2.1545647369984806,0.04918000000000001,2.220446049250313e-14,0.0915006100040805,1,3.2318471054977636
ORCA-EUR,2026-09-24T20:01:39.023215+00:00,1790280099.0232146,False,WAITING_INSUFFICIENT_NET_RISK_REWARD,1.39204,1.39489,0.20473549610644515,26535.84738459933,False,1.37205,1.5037593984962405,1.39489,0.0,0.20431718630142814,1,2.225863616664654,1.39489,0.0,0.3064757794521422,1,3.338795424996988
ACH-EUR,2026-09-24T20:06:54.164979+00:00,1790280414.1649792,False,WAITING_VISIBLE_DEPTH,0.0054577,0.0054707,0.2381955768913535,103304.23631943473,False,,,0.0054707000000012605,2.3026025530725747e-11,0.23762955380481898,1,,0.005470733332927134,0.0006092991232220513,0.3564443307072285,2,
ICNT-EUR,2026-09-24T20:06:57.396359+00:00,1790280417.396359,False,WAITING_INSUFFICIENT_NET_RISK_REWARD,0.08759,0.08772,0.14841876926590114,26838.3527016801,False,0.08639,1.390313390313389,0.08772,0.0,0.14819881440949478,1,2.105371574483769,0.08772,0.0,0.22229822161424218,1,3.158057361725639
GRASS-EUR,2026-09-24T20:06:54.740385+00:00,1790280414.7403846,True,ENTRY_READY_SHADOW,0.39188,0.39259,0.18117791160559005,25033.413067675177,False,0.37797,3.727087576374742,0.39259,0.0,0.18085025089787932,1,4.299962306719522,0.39259,0.0,0.271275376346819,1,6.449943460079226
HBAR-EUR,2026-09-24T20:06:55.371647+00:00,1790280415.3716471,False,WAITING_INSUFFICIENT_NET_RISK_REWARD,0.08164,0.081674,0.04164625183733506,94026.10785033522,False,0.08047,1.637573347082077,0.081674,0.0,0.041628914954561225,1,2.0635885187244725,0.081674,0.0,0.06244337243184184,1,3.0953827780867016
HEI-EUR,2026-09-24T20:06:55.977468+00:00,1790280415.9774683,False,WAITING_INSUFFICIENT_NET_RISK_REWARD,0.128067,0.128287,0.171785081246556,74520.02140020703,False,0.127261,0.9934957077880774,0.128287,0.0,0.17149048617555174,1,1.3932389768910696,0.128287,0.0,0.2572357292633276,1,2.089858465336647
OP-EUR,2026-09-24T20:07:00.069276+00:00,1790280420.0692756,False,WAITING_INSUFFICIENT_NET_RISK_REWARD,0.11704,0.11713,0.07689678742308637,57816.01893098545,False,0.11469,1.816941056043681,0.11713,0.0,0.07683770169896187,1,2.6689472638730933,0.11713,0.0,0.1152565525484428,1,4.003420895809626
ALICE-EUR,2026-09-24T20:07:01.383121+00:00,1790280421.3831215,True,ENTRY_READY_SHADOW,0.13414,0.13432,0.13418816162218405,58021.09868269611,False,0.1294,6.5137820273399605,0.13432,0.0,0.13400833829659842,1,4.239235517519475,0.13432,0.0,0.20101250744489763,1,6.358853276279234
PENGU-EUR,2026-09-24T20:07:00.629560+00:00,1790280420.6295598,False,WAITING_INSUFFICIENT_NET_RISK_REWARD,0.0087956,0.0088069,0.12847332757286445,80300.1805054172,False,0.0086413,1.7381228273464697,0.0088069,0.0,0.1283084853921257,1,2.4673489464407368,0.0088069,0.0,0.19246272808818854,1,3.701023419661084
GRAM-EUR,2026-09-24T20:06:59.158520+00:00,1790280419.1585195,False,WAITING_INSUFFICIENT_NET_RISK_REWARD,1.2525,1.2563,0.30339321357286675,96937.15413274651,False,1.2449,1.1374482978046436,1.2564070236007596,0.008518952539970925,0.3024755233622556,2,1.5086426471089567,1.2566712378952913,0.029550099123731854,0.4537132850433834,2,2.2940255845315676
CPOOL-EUR,2026-09-24T20:06:59.531017+00:00,1790280419.5310166,False,WAITING_SPREAD,0.029105,0.029453,1.1956708469335275,3573.7685668998683,False,,,0.029453,0.0,1.181543476046587,1,,0.029453,0.0,1.7723152140698806,1,
APT-EUR,2026-09-24T20:07:02.045914+00:00,1790280422.045914,False,WAITING_INSUFFICIENT_NET_RISK_REWARD,0.7113,0.7125,0.1687051876845258,58172.13335223399,False,0.7046,1.345857283050617,0.7125000000000001,2.220446049250313e-14,0.16842105263157325,1,1.7003930174563777,0.7125,0.0,0.2526315789473599,1,2.550589526184524
XAI-EUR,2026-09-24T20:12:05.766326+00:00,1790280725.766326,True,ENTRY_READY_SHADOW,0.00945,0.0094882,0.40423280423280694,44921.647405541495,False,0.0085859,15.106196719261325,0.009488250920978403,0.000536676908180489,0.40260534137138704,2,10.051551654437517,0.009488267280595854,0.0007090975722823245,0.6039080120570806,2,15.077560114574595
XPL-EUR,2026-09-24T20:12:06.503198+00:00,1790280726.5031981,True,ENTRY_READY_SHADOW,0.093765,0.093903,0.14717645176771654,33354.11732882319,False,0.08712,8.41569459172854,0.09390299999999999,-1.1102230246251565e-14,0.14696016101721776,1,7.77845138280459,0.093903,0.0,0.22044024152582664,1,11.667677074206921
SUI-EUR,2026-09-24T20:11:52.698606+00:00,1790280712.6986058,False,WAITING_INSUFFICIENT_NET_RISK_REWARD,0.9006,0.90073,0.014434821230291384,50107.29780913445,False,0.87241,3.001604248492558,0.90073,0.0,0.01443273789039079,1,3.7235609891705224,0.90073,0.0,0.021649106835586185,1,5.585341483755769
NEAR-EUR,2026-09-24T20:11:54.132138+00:00,1790280714.1321383,True,ENTRY_READY_SHADOW,4.2251,4.2288,0.08757189178953961,61578.70173526194,False,3.9984,4.86971889852167,4.228887944904934,0.002079665742860115,0.08749527052590578,2,6.0159680443937305,4.228891963262319,0.0021746893283935975,0.13124290578885867,2,9.024086024172902
SEI-EUR,2026-09-24T20:11:54.501401+00:00,1790280714.5014014,False,WAITING_VISIBLE_DEPTH,0.05436,0.054391,0.05702722590139597,45652.64544591034,False,,,0.05439100000028401,5.221600929417036e-10,0.056994723391745605,1,,0.05439133332924775,0.0006128389765658326,0.08549208508761841,2,
2Z-EUR,2026-09-24T20:11:55.958605+00:00,1790280715.9586048,True,ENTRY_READY_SHADOW,0.050412,0.050559,0.2915972387526722,25517.4249108403,False,0.048654,2.5158227848101173,0.05056104785929914,0.004050434737901121,0.2907494214679951,2,4.347462385906809,0.050561698556117335,0.005337439659269805,0.43612413220199264,2,6.523040059605194
NIL-EUR,2026-09-24T20:11:59.517744+00:00,1790280719.5177438,False,WAITING_INSUFFICIENT_NET_RISK_REWARD,0.10141,0.101654,0.24060743516418626,25841.428931064343,False,0.09874,3.182225764670721,0.101654,0.0,0.2400299053652577,1,3.4476915410138673,0.10165399999999998,-1.1102230246251565e-14,0.36004485804788655,1,5.17153731152078
HBAR-EUR,2026-09-24T20:11:57.894531+00:00,1790280717.8945305,False,WAITING_INSUFFICIENT_NET_RISK_REWARD,0.081841,0.081842,0.0012218814530617905,76140.22129219932,False,0.08047,1.637573347082077,0.081842,0.0,0.0012218665233043602,1,2.264626092694499,0.081842,0.0,0.0018327997849565403,1,3.3969391390417343
TAIKO-EUR,2026-09-24T20:11:54.911093+00:00,1790280714.911093,False,WAITING_INSUFFICIENT_NET_RISK_REWARD,0.07987,0.07993,0.07512207336923815,25939.115267814326,False,0.07845,2.15134459036898,0.07993,0.0,0.07506568247216405,1,2.4387971332771485,0.07993,0.0,0.11259852370824608,1,3.658195699915723
EURC-EUR,2026-09-24T20:11:57.313873+00:00,1790280717.3138726,False,WAITING_INSUFFICIENT_NET_RISK_REWARD,0.99514,0.99898,0.38587535422152097,144810.48266720749,False,0.99459,0.38538924313556894,0.99898,0.0,0.3843920799215139,1,1.0350735830347162,0.9989799999999999,-1.1102230246251565e-14,0.5765881198822709,1,1.5526103745521027
NOM-EUR,2026-09-24T20:11:56.588794+00:00,1790280716.5887938,True,ENTRY_READY_SHADOW,0.002003,0.0020094,0.3195207189216287,17557.07669751427,False,0.0018658,6.2979328559094006,0.0020094,0.0,0.31850303573206507,1,7.701912507474248,0.0020094,0.0,0.4777545535980976,1,11.552868761211329
RSR-EUR,2026-09-24T20:11:56.929424+00:00,1790280716.929424,False,WAITING_INSUFFICIENT_NET_RISK_REWARD,0.001541,0.0015422,0.07787151200520093,32804.94263062984,False,0.0015285,0.7106069496055872,0.001542200000000136,8.815170815523743e-12,0.07781091946570395,2,1.4812811538870676,0.0015422333318925435,0.002161321005278438,0.11671637919855593,2,2.2251156204341385
IMU-EUR,2026-09-24T20:11:58.204667+00:00,1790280718.204667,False,WAITING_SPREAD,0.001709,0.0017351,1.527208894090104,17207.6743097017,False,,,0.001735151313531576,0.0029573817979411388,1.5042360670854737,2,,0.0017351675420508143,0.003892689229112456,2.2563541006282106,2,
TRUMP-EUR,2026-09-24T20:12:01.235013+00:00,1790280721.2350135,False,WAITING_INSUFFICIENT_NET_RISK_REWARD,1.8381,1.8396,0.08160600620203962,43787.05927516669,False,1.8092,1.3929698552617296,1.839735870473061,0.007385870464293731,0.08153946510109922,2,2.248120998887643,1.8398239052226513,0.012171408058891942,0.12230919765164883,2,3.3791975737548228
SYN-EUR,2026-09-24T20:12:00.604199+00:00,1790280720.6041992,False,WAITING_INSUFFICIENT_NET_RISK_REWARD,0.171183,0.171396,0.12442824345875181,30864.386235769118,False,0.168692,1.5538459737005361,0.171396,0.0,0.12427361198626974,1,2.166449188936909,0.171396,0.0,0.1864104179794046,1,3.2496737834053704
MANTRA-EUR,2026-09-24T20:11:59.141488+00:00,1790280719.1414878,False,WAITING_INSUFFICIENT_NET_RISK_REWARD,0.004121,0.004126,0.1213297743266395,48801.5797160218,False,0.004037,4.693229039354689,0.004126,0.0,0.1211827435773305,1,2.7424025370408316,0.004126,0.0,0.18177411536599575,1,4.11360380556124
COMP-EUR,2026-09-24T20:24:10.739059+00:00,1790281450.7390587,True,ENTRY_READY_SHADOW,21.443,21.477,0.15855990299864509,51756.67293863213,False,20.716,2.9252336448598024,21.477,0.0,0.15830888857847336,1,4.1203816830322495,21.477,0.0,0.23746333286771004,1,6.180572524548381
ARX-EUR,2026-09-24T20:24:14.116055+00:00,1790281454.1160555,False,WAITING_INSUFFICIENT_NET_RISK_REWARD,0.22483,0.22543,0.2668683004936945,22445.2109275636,False,0.22057,1.1176181322365784,0.22543,0.0,0.2661580091380844,1,2.7412365926774527,0.22543,0.0,0.3992370137071266,1,4.111854889016172
ATH-EUR,2026-09-24T20:24:11.773594+00:00,1790281451.7735937,True,ENTRY_READY_SHADOW,0.0053195,0.0053349,0.28950089294108583,100195.72674057072,False,0.0051009,4.399691908850113,0.005334900000000001,2.220446049250313e-14,0.2886652045961613,1,4.958225212428644,0.0053349,0.0,0.43299780689424194,1,7.437337818642931
STX-EUR,2026-09-24T20:24:14.897769+00:00,1790281454.8977695,False,WAITING_INSUFFICIENT_NET_RISK_REWARD,0.27483,0.27514,0.11279700178290497,36434.70595743854,False,0.27172,1.2139992708713088,0.27514,0.0,0.11266991349857536,1,1.8338216028584355,0.27514,0.0,0.16900487024786304,1,2.750732404287618
REZ-EUR,2026-09-24T20:24:17.419848+00:00,1790281457.4198482,False,WAITING_VISIBLE_DEPTH,0.0034386,0.0034447,0.17739777816554447,33150.94826322391,False,,,0.0034447000000004916,1.425526363618701e-11,0.17708363573025743,1,,0.0034447333326882326,0.0009676514132639369,0.26562545359538614,2,
PHA-EUR,2026-09-24T20:24:15.225580+00:00,1790281455.2255795,False,WAITING_INSUFFICIENT_NET_RISK_REWARD,0.043929,0.043996,0.15251883721458803,25546.690730505263,False,0.043035,1.8846075248064247,0.043996,0.0,0.15228657150649916,1,2.769476237808078,0.043996,0.0,0.22842985725974874,1,4.154214356712089
ORCA-EUR,2026-09-24T20:24:13.678658+00:00,1790281453.6786578,False,WAITING_INSUFFICIENT_NET_RISK_REWARD,1.39033,1.39311,0.19995252925564255,26036.547033417428,False,1.37204,1.5983679896925638,1.3931100000000014,8.881784197001252e-14,0.19955351695127854,2,2.1016494876254512,1.3931133333173829,0.00023927165713200083,0.2993302754269178,2,3.152825595105668
EPIC-EUR,2026-09-24T20:24:12.760724+00:00,1790281452.760724,False,WAITING_INSUFFICIENT_NET_RISK_REWARD,0.45013,0.45126,0.25103858885211494,16405.247656644664,False,0.44594,1.7796105585816089,0.45126,0.0,0.25040996321411546,1,1.7701226590484112,0.45126,0.0,0.3756149448211732,1,2.6551839885726167
VIRTUAL-EUR,2026-09-24T20:24:15.539420+00:00,1790281455.5394201,False,WAITING_INSUFFICIENT_NET_RISK_REWARD,0.6532,0.65436,0.177587262706691,34083.146366690264,False,0.64393,1.6513761467889958,0.654367158881217,0.0010940279382865015,0.17727244941623255,2,2.183712616680083,0.6543681059180702,0.0012387551302284194,0.2659086741243488,2,3.2757812725386657
ALLO-EUR,2026-09-24T20:24:16.048584+00:00,1790281456.0485845,False,WAITING_INSUFFICIENT_NET_RISK_REWARD,0.252417,0.252918,0.1984810848714602,21231.3590541983,False,0.251308,1.4316995115378213,0.2529273165372839,0.0036836197043754737,0.19808791782315316,2,1.234654151771025,0.25292821101852925,0.00403728423017391,0.29713187673472974,2,1.8525051534922454
MANTA-EUR,2026-09-24T20:24:16.850146+00:00,1790281456.8501456,False,WAITING_INSUFFICIENT_NET_RISK_REWARD,0.061787,0.061886,0.16022787965104257,57949.014887143,False,0.061415,1.153132811870011,0.0618860000000307,4.9604764740251994e-11,0.15997156061143825,2,1.3547780075235352,0.061886333329763,0.0005386190140121982,0.23995734091715737,2,2.0329639898022833
HOT-EUR,2026-09-24T20:24:16.526395+00:00,1790281456.5263953,False,WAITING_INSUFFICIENT_NET_RISK_REWARD,0.0003808,0.00038168,0.2310924369747891,67998.6424065511,False,,,0.00038168,0.0,0.23055963110459876,1,,0.00038168,0.0,0.34583944665689814,1,
MOODENG-EUR,2026-09-24T20:24:17.206117+00:00,1790281457.2061167,False,WAITING_INSUFFICIENT_NET_RISK_REWARD,0.041607,0.041667,0.14420650371331778,55438.09440569466,False,0.04093,2.336996863252155,0.04166700000266669,6.399991647754177e-09,0.14399884800923024,1,2.356458381514841,0.041667333328000176,0.0007999808005809683,0.21599827201384536,2,3.5358592479042272
ARK-EUR,2026-09-24T20:28:45.092490+00:00,1790281725.0924902,True,ENTRY_READY_SHADOW,0.16842,0.16885,0.2553140957131106,30373.972681143794,False,0.15635,5.426497277676955,0.16886986230227766,0.011763282367582839,0.2546639028723763,2,7.967811909769395,0.16887657433457942,0.01573842734936548,0.3819958543085644,2,11.95720462048476
PLUME-EUR,2026-09-24T20:28:46.848119+00:00,1790281726.8481188,False,WAITING_INSUFFICIENT_NET_RISK_REWARD,0.0163069,0.0163248,0.1097694840834329,41438.26648963441,False,0.0158364,4.3859540164209365,0.0163248,0.0,0.10964912280702066,1,3.572123114002679,0.0163248,0.0,0.164473684210531,1,5.3581846710040395
HNT-EUR,2026-09-24T20:28:53.950246+00:00,1790281733.9502463,False,WAITING_INSUFFICIENT_NET_RISK_REWARD,0.44477,0.44654,0.3979584954021176,22019.180384456424,False,0.44168,1.8385650224215213,0.44654,0.0,0.3963810632865994,1,1.6801114962403574,0.44654,0.0,0.5945715949298991,1,2.520167244360522
S-EUR,2026-09-24T20:28:48.193376+00:00,1790281728.193376,False,WAITING_INSUFFICIENT_NET_RISK_REWARD,0.036284,0.036379,0.2618233932311975,56772.177520804136,False,0.03554,2.5652329650345833,0.036379,0.0,0.26113966849007353,1,2.8907325682330622,0.036379,0.0,0.3917095027351103,1,4.336098852349551
PEAQ-EUR,2026-09-24T20:28:46.370816+00:00,1790281726.370816,True,ENTRY_READY_SHADOW,0.036772,0.036899,0.34537147829871717,14733.594618804404,False,0.035551,5.3942796043838515,0.03689962965410621,0.0017064259362209455,0.3441827691807453,2,4.23124859983524,0.03689975310191148,0.002040981900530703,0.516274153771118,2,6.347353490048732
ALGO-EUR,2026-09-24T20:28:50.918687+00:00,1790281730.9186866,False,WAITING_INSUFFICIENT_NET_RISK_REWARD,0.09817,0.098316,0.14872160537844348,92852.94550690749,False,0.097319,1.0598332366146423,0.098316,0.0,0.14850075267505147,1,1.6062646614879839,0.09831602686764006,2.732784090131446e-05,0.2227511290125772,2,2.4094373255460937
AKT-EUR,2026-09-24T20:28:49.304297+00:00,1790281729.3042974,False,WAITING_INSUFFICIENT_NET_RISK_REWARD,0.61359,0.61459,0.16297527665052325,108717.06940129786,False,0.60382,1.436033469240729,0.6148424808662605,0.041081186849845075,0.16271009941587478,3,2.3802617455592667,0.6149449530758936,0.057754450266611634,0.24406514912381216,3,3.5947931201221763
FLOKI-EUR,2026-09-24T20:28:53.292237+00:00,1790281733.292237,False,WAITING_INSUFFICIENT_NET_RISK_REWARD,2.5052e-05,2.51e-05,0.19160146894459107,98838.735657778,False,2.4887e-05,1.1203585147247148,2.510067291689632e-05,0.0026809438100405814,0.19123505976095245,2,1.4444253414548456,2.5100781943650408e-05,0.00311531334824533,0.2868525896414287,2,2.1672801352698627
FIL-EUR,2026-09-24T20:28:52.708983+00:00,1790281732.7089832,False,WAITING_INSUFFICIENT_NET_RISK_REWARD,0.87802,0.8794,0.15717181840959604,38039.49835308691,False,0.86934,0.9245380170490276,0.879400401783053,4.568831624141012e-05,0.15692517625652824,2,1.7354172503091405,0.8794136007924795,0.0015465990993446255,0.23538776438479236,2,2.6053381368265605
CHIP-EUR,2026-09-24T20:34:53.068146+00:00,1790282093.0681458,True,ENTRY_READY_SHADOW,0.041701,0.0418,0.23740437879187226,27708.8759317271,False,0.039291,9.534622463369743,0.0418,0.0,0.23684210526314642,1,6.564737134436626,0.04180002021240912,4.8355045745296366e-05,0.35526315789471963,2,9.847173472618294
ICX-EUR,2026-09-24T20:34:38.528449+00:00,1790282078.5284486,False,WAITING_SPREAD,0.012097,0.0125,3.3314044804497067,12872.605432680719,False,,,0.0125,0.0,3.2240000000000046,1,,0.0125,0.0,4.836000000000007,1,
KMNO-EUR,2026-09-24T20:34:39.316179+00:00,1790282079.3161793,True,ENTRY_READY_SHADOW,0.033527,0.033549,0.06561875503325876,47297.62582136434,False,0.032179,3.415014079444018,0.03354973623197374,0.0021944975222565333,0.0655757250588751,2,4.659495660369359,0.033549824154188335,0.00245656856636689,0.09836358758831265,2,6.989618271130098
PEAQ-EUR,2026-09-24T20:34:44.357161+00:00,1790282084.357161,False,WAITING_INSUFFICIENT_NET_RISK_REWARD,0.036809,0.036879,0.19017088212123223,16203.718239802964,False,0.035604,4.5367083118783755,0.036879,0.0,0.1898099189240554,1,4.034823297243733,0.036879,0.0,0.2847148783860831,1,6.052234945865649
COMP-EUR,2026-09-24T20:34:40.139309+00:00,1790282080.1393094,False,WAITING_INSUFFICIENT_NET_RISK_REWARD,21.33,21.361,0.14533520862636262,55835.491931837605,False,20.798,2.808804972659715,21.361,0.0,0.14512429193390686,1,3.218130905123317,21.361,0.0,0.21768643790086029,1,4.827196357684954
REZ-EUR,2026-09-24T20:34:42.478934+00:00,1790282082.4789338,False,WAITING_VISIBLE_DEPTH,0.0034393,0.0034459,0.191899514436078,31603.914429299508,False,,,0.003445900000000112,3.241851231905457e-12,0.19153196552423868,1,,0.003445933332688457,0.000967314444899614,0.287297948286358,2,
ATH-EUR,2026-09-24T20:34:44.686257+00:00,1790282084.6862566,True,ENTRY_READY_SHADOW,0.0052789,0.0053039,0.47358351171644664,102482.1235948937,False,0.0051085,4.267675821499498,0.0053039,0.0,0.4713512698203193,1,4.2602957105059716,0.0053039,0.0,0.7070269047304789,1,6.390443565758915
MAVIA-EUR,2026-09-24T20:34:47.086352+00:00,1790282087.0863519,False,WAITING_VISIBLE_DEPTH,0.030041,0.030112,0.23634366365965498,53716.106914809054,False,,,0.030112000000048756,1.6191492591133283e-10,0.23578639744951113,1,,0.030112333325953644,0.001106953884311146,0.3536795961742667,2,
ZK-EUR,2026-09-24T20:34:46.071525+00:00,1790282086.0715246,False,WAITING_INSUFFICIENT_NET_RISK_REWARD,0.010535,0.010552,0.16136687233034852,103133.34177288764,False,0.010425,1.591059759446915,0.010552,0.0,0.16110689916605248,1,1.7946172996243348,0.010552487992693541,0.004624646451301118,0.2416603487490787,2,2.698738112017111
USELESS-EUR,2026-09-24T20:34:45.263276+00:00,1790282085.2632759,False,WAITING_INSUFFICIENT_NET_RISK_REWARD,0.252906,0.25349,0.23091583434160512,44534.702945426936,False,0.248202,2.1028101871749385,0.25349011046790354,4.3578801345312e-05,0.23038384157164638,2,2.6718950700521162,0.2534937402079838,0.0014754854171128429,0.34557576235746956,2,4.009933045594238
TIA-EUR,2026-09-24T20:34:47.619714+00:00,1790282087.6197145,False,WAITING_INSUFFICIENT_NET_RISK_REWARD,0.43251,0.43321,0.16184596887933722,41808.441592459545,False,0.42336,2.558818080770657,0.43321,0.0,0.161584450959118,1,2.8583757705986415,0.43321000000000004,2.220446049250313e-14,0.242376676438677,1,4.287563655898026
XVG-EUR,2026-09-24T20:34:45.620744+00:00,1790282085.6207438,False,WAITING_INSUFFICIENT_NET_RISK_REWARD,0.0026592,0.0026645,0.19930806257522082,51439.19614759285,False,0.0026472,0.8517694945916328,0.0026645,0.0,0.19891161568775795,1,1.2436475708832688,0.0026645,0.0,0.2983674235316369,1,1.865471356324889
LSK-EUR,2026-09-24T20:43:52.969573+00:00,1790282632.9695728,False,WAITING_SPREAD,0.40784,0.41005,0.5418791683013069,67282.1406772416,False,,,0.41005,0.0,0.5389586635776267,1,,0.4100857572271992,0.008720211486212825,0.80843799536644,2,
TAIKO-EUR,2026-09-24T20:43:55.109365+00:00,1790282635.1093645,False,WAITING_VISIBLE_DEPTH,0.08008,0.08014,0.07492507492508071,18310.437389245057,False,,,0.08014000000048067,5.997868868234946e-10,0.0748689792862578,1,,0.08014333305606393,0.0041590417568349025,0.1123034689293867,2,
ICP-EUR,2026-09-24T20:43:57.492337+00:00,1790282637.4923368,False,WAITING_INSUFFICIENT_NET_RISK_REWARD,2.7218,2.7242,0.088176941729734,90869.25046576434,False,2.7022,1.007278876553198,2.7242,0.0,0.088099258497909,1,1.4009995384492413,2.7242,0.0,0.1321488877468635,1,2.101499307673862
DATAIP-EUR,2026-09-24T20:43:57.195394+00:00,1790282637.1953943,False,WAITING_INSUFFICIENT_NET_RISK_REWARD,0.1943,0.1944,0.05146680391148184,35806.462975807386,False,0.1932,0.5167958656330753,0.1944,0.0,0.05144032921809982,1,1.2118453865336534,0.1944,0.0,0.07716049382714973,1,1.8177680798004587
W-EUR,2026-09-24T20:43:56.303531+00:00,1790282636.3035307,False,WAITING_INSUFFICIENT_NET_RISK_REWARD,0.010334,0.010339,0.048383975227395126,56864.70579628285,False,0.010254,1.0064840801316164,0.010339,0.0,0.04836057645807301,1,1.4154657364712477,0.010339,0.0,0.07254086468710952,1,2.123198604706886
DYM-EUR,2026-09-24T20:59:05.051548+00:00,1790283545.0515482,False,WAITING_INSUFFICIENT_NET_RISK_REWARD,0.017424,0.017475,0.2926997245179308,24517.04156798741,False,0.016874,2.0991591765729067,0.017475,0.0,0.2918454935622483,1,4.016878062354834,0.017475,0.0,0.4377682403433725,1,6.025317093532266
SYRUP-EUR,2026-09-24T20:59:11.551013+00:00,1790283551.5510125,False,WAITING_INSUFFICIENT_NET_RISK_REWARD,0.1922,0.19224,0.02081165452652023,47528.72472773295,False,0.18655,2.388560054475921,0.19224000000000002,2.220446049250313e-14,0.020807324178107045,1,3.5403888453024877,0.19224058719015988,0.00030544640026164416,0.031210986267160568,2,5.311025215218763
FET-EUR,2026-09-24T20:59:06.265308+00:00,1790283546.2653077,False,WAITING_INSUFFICIENT_NET_RISK_REWARD,0.19957,0.19976,0.09520469008368337,47207.64681198845,False,0.19322,3.162414751199806,0.19976,0.0,0.09511413696435822,1,3.8525966571356776,0.19976,0.0,0.14267120544653733,1,5.778894985703516
ARX-EUR,2026-09-24T20:59:07.049949+00:00,1790283547.0499492,False,WAITING_INSUFFICIENT_NET_RISK_REWARD,0.228,0.22855,0.24122807017543657,24130.7537870361,False,0.22099,1.9705739407060452,0.22855,0.0,0.24064756070881765,1,3.8862753529651997,0.22855,0.0,0.3609713410632265,1,5.829413029447835
BICO-EUR,2026-09-24T20:59:07.546179+00:00,1790283547.5461788,False,WAITING_INSUFFICIENT_NET_RISK_REWARD,0.020058,0.020085,0.1346096320669954,23274.258828084254,False,0.019782,0.8573301729789703,0.020089711325473915,0.023456935394161604,0.13442867811799264,2,2.1207771325111224,0.020090102385819493,0.025403962257875,0.20164301717698896,3,3.184023574897793
CPOOL-EUR,2026-09-24T20:59:09.472284+00:00,1790283549.472284,False,WAITING_SPREAD,0.0296,0.029845,0.8277027027026929,3668.119414170996,False,,,0.029845000000000003,2.220446049250313e-14,0.8209080247947642,1,,0.029845,0.0,1.2313620371921463,1,
INJ-EUR,2026-09-24T20:59:10.955889+00:00,1790283550.9558887,False,WAITING_INSUFFICIENT_NET_RISK_REWARD,7.1622,7.1701,0.11030130406857186,33369.398536892935,False,7.0094,3.4256006744414815,7.170187856591644,0.0012253189166644418,0.1101797743406574,2,2.827288517995896,7.170191904389858,0.0012817727766512022,0.1652696615109861,2,4.24101506255883
BCH-EUR,2026-09-24T20:59:08.558087+00:00,1790283548.5580873,False,WAITING_INSUFFICIENT_NET_RISK_REWARD,296.96,297.29,0.11112607758620996,93924.52092391551,False,294.12,1.158548942781871,297.2987984811763,0.002959561766702201,0.11100272461234129,2,1.661084485395179,297.29919898637183,0.0030942804573941274,0.16650408691851193,2,2.491825443293095
ICP-EUR,2026-09-24T20:59:10.387780+00:00,1790283550.38778,False,WAITING_INSUFFICIENT_NET_RISK_REWARD,2.7335,2.7379,0.16096579476860828,97385.85486262622,False,2.7055,0.9333088370383932,2.7379,0.0,0.16070711128967075,1,1.7745634179644583,2.7379,0.0,0.24106066693450612,1,2.661845126946673
PENDLE-EUR,2026-09-24T20:59:16.380848+00:00,1790283556.3808482,False,WAITING_INSUFFICIENT_NET_RISK_REWARD,2.2797,2.283,0.14475588893274605,60377.95468507649,False,2.2171,3.5695538057742735,2.283,0.0,0.14454664914584914,1,3.4675382175310574,2.283,0.0,0.2168199737187737,1,5.201307326296586
ONDO-EUR,2026-09-24T20:59:15.878273+00:00,1790283555.878273,False,WAITING_INSUFFICIENT_NET_RISK_REWARD,0.44868,0.44882,0.031202638851746123,51365.440995252764,False,0.43578,3.514334196659827,0.4488279367806932,0.0017683660918033084,0.03119290584198131,2,3.4879757621177134,0.4488286245183545,0.0019215984925935459,0.046789358762971966,2,5.232185470451611
CNPY-EUR,2026-09-24T20:59:09.281395+00:00,1790283549.281395,True,ENTRY_READY_SHADOW,0.3644,0.36593,0.4198682766190842,10063.922691493,False,0.35344,3.8523053165673895,0.36707882342994724,0.31394622740612554,0.4181127538053664,3,4.291528862163432,0.36736993326514783,0.3934996488803577,0.6271691307080496,4,6.551054687703612
MOG-EUR,2026-09-24T20:59:14.865274+00:00,1790283554.8652744,False,WAITING_INSUFFICIENT_NET_RISK_REWARD,1.1138e-07,1.1151e-07,0.11671754354463104,50159.12878965409,False,1.1008e-07,1.4909286869049785,1.1151e-07,0.0,0.11658147251367712,1,1.8729785705228323,1.1151e-07,0.0,0.17487220877051568,1,2.8094678557842485
POND-EUR,2026-09-24T20:59:16.658732+00:00,1790283556.6587317,False,WAITING_SPREAD,0.0007806,0.000795,1.8447348193697088,1225.4222305221,False,,,0.0007952071758488578,0.026059855202231752,1.811320754716983,3,,0.0007952381148249106,0.029951550303231045,2.7169811320754746,3,
PUMP-EUR,2026-09-24T20:59:17.083930+00:00,1790283557.0839298,False,WAITING_INSUFFICIENT_NET_RISK_REWARD,0.0034025,0.0034073,0.1410727406318868,51538.5837871182,False,0.0033663,2.1153170045704948,0.0034073,0.0,0.14087400581104248,1,1.7943543761439713,0.0034073,0.0,0.21131100871656372,1,2.6915315642159783
ROSE-EUR,2026-09-24T20:59:17.717823+00:00,1790283557.7178226,False,WAITING_INSUFFICIENT_NET_RISK_REWARD,0.007001,0.007013,0.1714040851306997,101248.66506496543,False,0.006948,0.9447466361294029,0.007013,0.0,0.1711107942392709,1,1.519559578168483,0.007013,0.0,0.25666619135890634,1,2.27933936725276
HOME-EUR,2026-09-24T20:59:13.695089+00:00,1790283553.6950893,False,WAITING_INSUFFICIENT_NET_RISK_REWARD,0.00556,0.005568,0.14388489208634336,28739.8175324037,False,0.00554,1.1357490535424655,0.005568000000000832,1.4943601911454607e-11,0.143678160919547,2,1.098119464285105,0.005568333293428066,0.005985873348879345,0.2155172413793205,2,1.6560588768418825
ALIGN-EUR,2026-09-24T21:06:22.136457+00:00,1790283982.1364574,True,ENTRY_READY_SHADOW,0.005713,0.00572,0.1225275687029681,14343.9052690262,False,0.005518,9.953343701399692,0.005741742851500588,0.3801197814788049,0.12237762237762295,4,4.471717629150845,0.005744980092898449,0.4367149108120305,0.18356643356643443,5,6.78832035546057
FET-EUR,2026-09-24T21:06:06.103297+00:00,1790283966.1032965,True,ENTRY_READY_SHADOW,0.20016,0.20036,0.0999200639488329,55005.26272531218,False,0.1932,3.1614059543961077,0.20036,0.0,0.09982032341785407,1,4.1504429184575,0.20036,0.0,0.1497304851267811,1,6.2256643776862575
SEI-EUR,2026-09-24T21:06:12.655329+00:00,1790283972.655329,False,WAITING_INSUFFICIENT_NET_RISK_REWARD,0.055076,0.055116,0.0726269155348902,34601.44675796483,False,0.053348,2.7013270314488294,0.055116,0.0,0.07257420712678542,1,3.78684363552253,0.05511601171966395,2.126363298771139e-05,0.10886131069017813,2,5.68029614089599
JUP-EUR,2026-09-24T21:06:14.528116+00:00,1790283974.528116,False,WAITING_INSUFFICIENT_NET_RISK_REWARD,0.26907,0.2692,0.048314564983087394,46100.38840441,False,0.26397,1.5251274039355698,0.26920030435290665,0.00011305828626628767,0.048291233283814794,2,2.529535177964533,0.26921020217404806,0.0037898120535118096,0.07243684992572219,2,3.799678186709457
PROM-EUR,2026-09-24T21:06:11.198361+00:00,1790283971.1983607,False,WAITING_INSUFFICIENT_NET_RISK_REWARD,4.841,4.8473,0.13013840115676523,13732.698717529112,False,4.732,2.0680412371133987,4.84730000000003,6.217248937900877e-13,0.1299692612382053,2,2.9626678049379223,4.847333332874914,0.0006876585916693045,0.19495389185730794,2,4.445002628851029
ONDO-EUR,2026-09-24T21:06:09.741069+00:00,1790283969.741069,False,WAITING_INSUFFICIENT_NET_RISK_REWARD,0.45227,0.45228,0.0022110686094700682,63068.115411543746,False,0.43822,3.1682682660364314,0.45228,0.0,0.00221101972229798,1,3.68835019773465,0.45228,0.0,0.00331652958344697,1,5.5325252966019605
PHA-EUR,2026-09-24T21:06:10.708998+00:00,1790283970.7089982,False,WAITING_INSUFFICIENT_NET_RISK_REWARD,0.044427,0.044508,0.18232156121276155,26574.698925204324,False,0.043121,2.4464555733598177,0.044508,0.0,0.18198975465084644,1,3.6959047010405897,0.044508,0.0,0.27298463197626965,1,5.543857051560877
LAPTOP-EUR,2026-09-24T21:06:09.176799+00:00,1790283969.1767988,False,WAITING_SPREAD,0.06371,0.06404,0.5179720609009619,25547.920565464003,False,,,0.06407340913624576,0.05216916965296026,0.5153029356652072,2,,0.06412884333821375,0.13873100907830782,0.7729544034978109,2,
STX-EUR,2026-09-24T21:06:13.248046+00:00,1790283973.2480462,False,WAITING_INSUFFICIENT_NET_RISK_REWARD,0.2752,0.27546,0.09447674418603391,42260.84459395297,False,0.27326,0.8550724637681263,0.27546,0.0,0.09438756988310315,1,1.3921403743961918,0.27546,0.0,0.14158135482465473,1,2.088210561594252
SAPIEN-EUR,2026-09-24T21:06:16.288086+00:00,1790283976.2880862,False,WAITING_INSUFFICIENT_NET_RISK_REWARD,0.069461,0.069515,0.07774146643440005,69225.75213141443,False,0.068858,0.7466229338397213,0.06951500000000344,4.951594689828198e-12,0.07768107602675878,2,1.537719902220104,0.06951533333013889,0.00047950821966402657,0.11652161404013817,2,2.3072880520164745
EDEN-EUR,2026-09-24T21:06:17.551831+00:00,1790283977.551831,False,WAITING_INSUFFICIENT_NET_RISK_REWARD,0.055466,0.05557,0.1875022536328652,25905.855246951898,False,0.05507,0.6605947152422768,0.05557,0.0,0.1871513406514258,1,1.4926375351884644,0.05557,0.0,0.2807270109771387,1,2.238956302782725
ARB-EUR,2026-09-24T21:06:16.847863+00:00,1790283976.8478632,False,WAITING_INSUFFICIENT_NET_RISK_REWARD,0.19195,0.19215,0.10419380046886584,53499.90848149627,False,0.18965,2.3952716715056064,0.19215,0.0,0.10408534998698205,1,1.8915375495686817,0.19215,0.0,0.15612802498047307,1,2.837306324352994
KMNO-EUR,2026-09-24T21:20:16.886015+00:00,1790284816.8860154,True,ENTRY_READY_SHADOW,0.03379,0.033794,0.011837821840776641,61481.638224930335,False,0.032405,5.00029396202011,0.033794,0.0,0.011836420666377911,1,4.683862007111557,0.033794,0.0,0.017754630999566867,1,7.025793010667314
ALICE-EUR,2026-09-24T21:19:59.095608+00:00,1790284799.0956075,False,WAITING_INSUFFICIENT_NET_RISK_REWARD,0.13381,0.13414,0.24661833943651068,58054.80452839877,False,0.13097,3.3413066228135757,0.1341765136810719,0.02722057631718844,0.24601162964067447,2,2.973730135218986,0.13417767576725156,0.028086899695511924,0.3690174444610117,2,4.461855690684899
SEI-EUR,2026-09-24T21:19:59.469069+00:00,1790284799.4690685,False,WAITING_VISIBLE_DEPTH,0.055,0.055042,0.07636363636362997,36068.250176560534,False,,,0.055042000000186844,3.3946179200938786e-10,0.07630536681080269,1,,0.05504233332929607,0.0006055908144064759,0.11445805021620403,2,
XAI-EUR,2026-09-24T21:19:58.119390+00:00,1790284798.1193898,True,ENTRY_READY_SHADOW,0.0098391,0.0098787,0.4024758362045411,57297.802836550305,False,0.0090431,9.571380563956868,0.0098787,0.0,0.40086246165994543,1,9.00625325598513,0.0098787,0.0,0.6012936924899182,1,13.509379883977658
BONK-EUR,2026-09-24T21:20:05.024573+00:00,1790284805.0245728,False,WAITING_INSUFFICIENT_NET_RISK_REWARD,3.2859e-06,3.2908e-06,0.14912200614747295,40275.249866739,False,3.2169e-06,1.4428378875137833,3.2908e-06,0.0,0.1488999635346988,1,2.830474189814126,3.2908e-06,0.0,0.22334994530204821,1,4.24571128472121
ALGO-EUR,2026-09-24T21:20:03.302643+00:00,1790284803.3026433,False,WAITING_INSUFFICIENT_NET_RISK_REWARD,0.099007,0.099176,0.1706950013635522,64894.11935540665,False,0.097425,1.1948482917008139,0.099176,0.0,0.17040413003146515,1,2.353240011912618,0.09917602682583916,2.704872061887187e-05,0.2556061950471977,2,3.529899636157154
NEX-EUR,2026-09-24T21:20:09.821805+00:00,1790284809.8218048,False,WAITING_INSUFFICIENT_NET_RISK_REWARD,7.385e-07,7.391e-07,0.0812457684495671,6067.54737990113,False,7.274e-07,2.0167839740119193,7.401942163753682e-07,0.14804713507889922,0.08117981328643609,5,2.316408077831028,7.404626161282823e-07,0.18436153812504408,0.12176971992965413,5,3.527724018747932
BILL-EUR,2026-09-24T21:20:04.489299+00:00,1790284804.4892986,False,WAITING_INSUFFICIENT_NET_RISK_REWARD,0.011831,0.011848,0.1436903051305949,27509.7103427716,False,0.011588,1.4967259120673595,0.011851963980592463,0.03345695976084695,0.14348413234300805,4,2.8121052076174635,0.011852975814266278,0.04199708192333951,0.21522619851451208,4,4.230602532420193
WLFI-EUR,2026-09-24T21:20:02.217030+00:00,1790284802.2170296,False,WAITING_INSUFFICIENT_NET_RISK_REWARD,0.0496,0.04964,0.08064516129031585,92132.1771847066,False,0.04877,1.452198467123837,0.04964,0.0,0.08058017727639033,1,2.340388101060782,0.04964,0.0,0.1208702659145855,1,3.5105821515911657
BEAM-EUR,2026-09-24T21:20:03.824689+00:00,1790284803.8246891,False,WAITING_INSUFFICIENT_NET_RISK_REWARD,0.0017892,0.0017919,0.15090543259557165,25505.9955620354,False,0.0017627,0.980007840062729,0.0017924558752258255,0.031021553983223704,0.15067805123053502,2,2.2483847696701673,0.0017926372134520658,0.04114143936970738,0.22601707684580252,2,3.38740957936929
TRAC-EUR,2026-09-24T21:20:01.085018+00:00,1790284801.085018,False,WAITING_SPREAD,0.32442,0.3269,0.7644411565254972,24857.7468063785,False,,,0.32794431513520256,0.31946012089401066,0.7586417864790529,2,,0.32798953095163164,0.3332918175685595,1.1379626797185793,2,
DOT-EUR,2026-09-24T21:20:08.220335+00:00,1790284808.2203345,False,WAITING_INSUFFICIENT_NET_RISK_REWARD,1.0289,1.0294,0.048595587520661176,68428.07851005543,False,1.018,1.4124293785310909,1.0294,0.0,0.04857198367983484,1,1.6990702765138792,1.0294,0.0,0.07285797551975226,1,2.548605414770833
SAGA-EUR,2026-09-24T21:35:00.913869+00:00,1790285700.9138694,False,WAITING_STOP_GEOMETRY,0.049056,0.049282,0.4606979778212672,60304.99713838077,False,0.034757,30.307731584218693,0.049282,0.0,0.45858528468811777,1,29.895165109627598,0.049282,0.0,0.6878779270321767,1,44.842747664441404
DYM-EUR,2026-09-24T21:35:01.346991+00:00,1790285701.3469906,False,WAITING_SPREAD,0.017626,0.01773,0.5900374446839995,26091.383320542194,False,,,0.01773000000000592,3.339550858072471e-11,0.586576424139873,1,,0.017730333320800123,0.001879981952201959,0.8798646362098095,2,
ACE-EUR,2026-09-24T21:35:01.850471+00:00,1790285701.850471,False,WAITING_INSUFFICIENT_NET_RISK_REWARD,0.16301,0.1633,0.1779031961229416,55747.72145937645,False,0.15874,1.8935422192068028,0.16330040959826056,0.00025082563415157466,0.1775872627066799,2,3.374197645536924,0.16331360426623825,0.008330842766834934,0.26638089406001986,2,5.073006564832923
ATOM-EUR,2026-09-24T21:35:02.876947+00:00,1790285702.8769472,False,WAITING_INSUFFICIENT_NET_RISK_REWARD,1.5782,1.5818,0.2281079711063283,65707.252454029,False,1.5566,1.459113112986115,1.5822247324302767,0.02685120939920349,0.22758882286003645,2,2.208103510557237,1.5822498208245357,0.02843727554278086,0.3413832342900547,2,3.314481170653977
VTHO-EUR,2026-09-24T21:35:07.456104+00:00,1790285707.4561043,False,WAITING_INSUFFICIENT_NET_RISK_REWARD,0.00066593,0.0006673,0.20572732869821309,25984.42224964253,False,0.00065958,0.5587349397590327,0.0006673063299066064,0.0009485848353696369,0.20530496028772216,2,1.7491660903176722,0.0006673075532665854,0.0011319146688837378,0.30795744043158324,2,2.624019317053609
KAITO-EUR,2026-09-24T21:35:13.372824+00:00,1790285713.3728244,False,WAITING_INSUFFICIENT_NET_RISK_REWARD,0.31071,0.31133,0.19954298220206113,30367.217248746118,False,0.30849,0.5122092648669482,0.31133,0.0,0.19914560113063473,1,1.505012330254246,0.31133,0.0,0.2987184016959521,1,2.257518495381362
CELR-EUR,2026-09-24T21:35:03.862628+00:00,1790285703.862628,False,WAITING_INSUFFICIENT_NET_RISK_REWARD,0.0026511,0.0026592,0.3055335521104485,35102.4743560012,False,0.0026278,1.0225179504529829,0.0026592,0.0,0.30460288808664693,1,1.7719963966437575,0.0026592,0.0,0.4569043321299704,1,2.6579945949656576
DATAIP-EUR,2026-09-24T21:35:04.996212+00:00,1790285704.996212,False,WAITING_INSUFFICIENT_NET_RISK_REWARD,0.197,0.1972,0.10152284263957867,34882.12686200068,False,0.1932,2.0833333333333295,0.1972,0.0,0.10141987829613841,1,2.614516953053453,0.19719999999999996,-1.1102230246251565e-14,0.15212981744420762,1,3.9217754295801797
DOGE-EUR,2026-09-24T21:35:06.074012+00:00,1790285706.0740118,False,WAITING_INSUFFICIENT_NET_RISK_REWARD,0.084601,0.084628,0.03191451637687415,65873.93925121379,False,0.083924,0.8790011135593535,0.084628,0.0,0.031904334262888856,1,1.4251536046210447,0.084628,0.0,0.047856501394333284,1,2.1377304069315244
TREAD-EUR,2026-09-24T21:35:10.285807+00:00,1790285710.2858071,False,WAITING_SPREAD,0.5647,0.57104,1.1227200283336236,10108.2184917231,False,,,0.5717912004193011,0.13154952705609624,1.1102549733818967,3,,0.5721204207320036,0.18920228565488806,1.665382460072845,3,
DUSK-EUR,2026-09-24T21:35:06.841000+00:00,1790285706.8409998,False,WAITING_INSUFFICIENT_NET_RISK_REWARD,0.077351,0.07763,0.36069346226939025,54371.943518531334,False,0.076024,1.9596958469423214,0.07763,0.0,0.35939714028082603,1,2.654665590307374,0.07763,0.0,0.539095710421239,1,3.9819983854610825
MIOTA-EUR,2026-09-24T21:35:13.947095+00:00,1790285713.9470952,False,WAITING_INSUFFICIENT_NET_RISK_REWARD,0.042274,0.042346,0.1703174528078888,54853.49933806286,False,0.041976,0.7740412979350914,0.042345999999999995,-1.1102230246251565e-14,0.17002786567799077,1,1.4667814005344297,0.042346,0.0,0.25504179851698616,1,2.2001721008016943
FLOCK-EUR,2026-09-24T21:35:11.546213+00:00,1790285711.5462127,False,WAITING_SPREAD,0.061822,0.062138,0.5111448998738277,57384.66461085902,False,,,0.062138,0.0,0.5085454955099933,1,,0.06213799999999999,-1.1102230246251565e-14,0.7628182432649899,1,
ICNT-EUR,2026-09-24T21:35:12.622198+00:00,1790285712.622198,False,WAITING_INSUFFICIENT_NET_RISK_REWARD,0.08801,0.08812,0.12498579706852198,35352.429360165,False,0.08687,1.2855517633674698,0.08813799959158083,0.020426227395398122,0.12482977757602987,2,2.0283001270162373,0.08813866638429806,0.02118291454613619,0.1872446663640448,2,3.043561963914783
CHIP-EUR,2026-09-24T21:48:28.018902+00:00,1790286508.0189018,True,ENTRY_READY_SHADOW,0.043562,0.04366,0.224966714108632,16168.1980140339,False,0.041238,5.7896657089433115,0.04366004035917012,9.243969336658608e-05,0.22446174988548506,2,6.112565338645936,0.04366136015964936,0.0031153450512189096,0.3366926248282276,2,9.173105067785912
AVAX-EUR,2026-09-24T21:48:28.671982+00:00,1790286508.671982,False,WAITING_INSUFFICIENT_NET_RISK_REWARD,9.3761,9.3816,0.05865978391870197,120941.56016112833,False,9.0818,3.0532714388327307,9.3816,0.0,0.05862539438903358,1,3.774753398545087,9.3816,0.0,0.08793809158355037,1,5.662130097817624
ACE-EUR,2026-09-24T21:48:29.052689+00:00,1790286509.0526888,True,ENTRY_READY_SHADOW,0.16451,0.16484,0.2005957084675769,55463.558685199314,False,0.15871,3.418596193478001,0.16484040950863346,0.0002484279504111342,0.20019412763891964,2,4.295002075634557,0.16485360422639764,0.008252988593571153,0.30029119145837946,2,6.453993312063147
ONDO-EUR,2026-09-24T21:48:29.581424+00:00,1790286509.5814238,True,ENTRY_READY_SHADOW,0.46117,0.46131,0.030357568792416245,70672.99199973914,False,0.44068,3.9957528873865114,0.46131,0.0,0.030348355769438395,1,5.043547144365121,0.46131,0.0,0.04552253365415759,1,7.56532071654766
MOODENG-EUR,2026-09-24T21:48:30.662389+00:00,1790286510.662389,False,WAITING_INSUFFICIENT_NET_RISK_REWARD,0.041948,0.04201,0.14780204062172508,76593.2063699502,False,0.041449,2.057055987078075,0.04201000000000019,4.662936703425657e-13,0.14758390859319626,2,1.9256616314490884,0.0420103333280438,0.0007934492830319329,0.22137586288979438,2,2.8896596931133445
FET-EUR,2026-09-24T21:48:29.919225+00:00,1790286509.9192245,False,WAITING_INSUFFICIENT_NET_RISK_REWARD,0.20131,0.20142,0.05464209428245326,44730.39284114349,False,0.1945,4.336217552533992,0.20142,0.0,0.054612253003671896,1,4.013307883107217,0.20142,0.0,0.08191837950550784,1,6.0199618246608395
KAS-EUR,2026-09-24T21:48:31.565203+00:00,1790286511.5652032,False,WAITING_INSUFFICIENT_NET_RISK_REWARD,0.035187,0.035189,0.0056839173558254075,55419.46553463273,False,0.03471,1.2323593718942665,0.035189,0.0,0.005683594305028183,1,1.9513316370898792,0.035189,0.0,0.008525391457542275,1,2.926997455634819
TRB-EUR,2026-09-24T21:48:32.893602+00:00,1790286512.8936024,False,WAITING_INSUFFICIENT_NET_RISK_REWARD,18.054,18.08,0.1440124072227711,57294.86705738059,False,17.887,1.3059598251341964,18.08004086696687,0.00022603410878563324,0.14380530973451267,2,1.6595682901348425,18.08136038534749,0.007524255240554112,0.215707964601769,2,2.5001172784801327
MON-EUR,2026-09-24T21:48:31.963616+00:00,1790286511.9636164,False,WAITING_INSUFFICIENT_NET_RISK_REWARD,0.022127,0.022145,0.08134857865955691,58728.9229238185,False,0.021856,1.2389220473865072,0.022144999999999998,-1.1102230246251565e-14,0.08128245653646893,1,1.8954819318828555,0.022145,0.0,0.12192368480470339,1,2.8432228978242904
WIF-EUR,2026-09-24T21:48:33.896686+00:00,1790286513.8966858,False,WAITING_INSUFFICIENT_NET_RISK_REWARD,0.2091,0.20927,0.08130081300812275,46873.56364487025,False,0.2079,0.8334920937321402,0.20927,0.0,0.08123476848090894,1,1.248994515670006,0.20927000000000004,2.220446049250313e-14,0.1218521527213634,1,1.8734917735050374
FARTCOIN-EUR,2026-09-24T21:48:34.331939+00:00,1790286514.331939,False,WAITING_INSUFFICIENT_NET_RISK_REWARD,0.16419,0.16451,0.19489615689138873,61496.1327493247,False,0.16347,1.0491407898703597,0.16451,0.0,0.1945170506352123,1,1.2266527317351859,0.16451,0.0,0.29177557595281844,1,1.8399790976027646
TRIA-EUR,2026-09-24T21:48:33.189740+00:00,1790286513.1897402,False,WAITING_INSUFFICIENT_NET_RISK_REWARD,0.003528,0.003544,0.45351473922903285,50238.7199877344,False,0.003507,1.4414923685698087,0.003544,0.0,0.4514672686230181,1,1.6360265391825095,0.003544,0.0,0.6772009029345272,1,2.454039808773757
PEAQ-EUR,2026-09-24T22:01:33.040528+00:00,1790287293.0405276,False,WAITING_SPREAD,0.04018,0.041619,3.581383773021418,10583.077159770308,False,,,0.04162023080425014,0.0029573133668137075,3.457555443427285,3,,0.04162048719967442,0.0035733671506221754,5.186333165140927,3,
BILL-EUR,2026-09-24T22:01:32.721230+00:00,1790287292.7212303,True,ENTRY_READY_SHADOW,0.012111,0.012138,0.2229378251176639,50307.9390963436,False,0.011598,4.875433096848701,0.012138000000000001,2.220446049250313e-14,0.22244191794363877,1,5.020477353329468,0.012138000000000001,2.220446049250313e-14,0.33366287691545815,1,7.53071602999421
WMTX-EUR,2026-09-24T22:01:33.465146+00:00,1790287293.4651463,False,WAITING_STOP_GEOMETRY,0.020904,0.020939,0.16743207041713948,5449.5580194345,False,0.01697,22.71728748806113,0.020970920255495504,0.15244403025695963,0.16715220402120368,5,19.562536937340553,0.02102721140666777,0.42127802983795704,0.2507283060318055,8,29.666809534252323
MOODENG-EUR,2026-09-24T22:01:34.669174+00:00,1790287294.6691742,True,ENTRY_READY_SHADOW,0.042939,0.043038,0.23055963110458766,73016.89659666795,False,0.04141,4.0313758350208255,0.04303799999999999,-1.1102230246251565e-14,0.23002927645336957,1,4.358327831612897,0.04303807750304031,0.0001800804877438722,0.34504391468005435,2,6.53775009493873
DYM-EUR,2026-09-24T22:01:35.452794+00:00,1790287295.4527938,True,ENTRY_READY_SHADOW,0.017705,0.017781,0.4292572719570842,25018.972167412918,False,0.016868,6.267060330900791,0.0177815087980995,0.0028614706681251434,0.4274225296665102,2,5.704928393605087,0.017781678403276047,0.0038153268997476175,0.6411337944997653,3,8.558741698059691
CHIP-EUR,2026-09-24T22:01:38.813461+00:00,1790287298.813461,False,WAITING_INSUFFICIENT_NET_RISK_REWARD,0.042553,0.042655,0.23970107865485257,23378.4983207156,False,0.041199,5.931272922652837,0.04265704009004434,0.004782768829780792,0.239127886531465,2,3.9958583668900616,0.0426576933733525,0.006314320366906934,0.3586918297971975,2,5.995992940440004
ZIG-EUR,2026-09-24T22:01:40.074683+00:00,1790287300.074683,False,WAITING_INSUFFICIENT_NET_RISK_REWARD,0.045728,0.045821,0.20337648705388567,34430.335499106804,False,0.045218,2.0546146776946355,0.045919165227671276,0.2142363276036674,0.20296370659741436,2,2.116074804948397,0.04595040093214524,0.2824052991973858,0.30444555989612154,2,3.2739200425487525
CAP-EUR,2026-09-24T22:01:38.193207+00:00,1790287298.1932065,False,WAITING_INSUFFICIENT_NET_RISK_REWARD,0.0446619,0.044799,0.3069730575725682,34530.5238680532,False,0.0438897,2.238257798179484,0.04479899999999999,-1.1102230246251565e-14,0.3060336168218103,1,2.6158442055311326,0.044799,0.0,0.45905042523271544,1,3.923766308296763
SUPER-EUR,2026-09-24T22:01:41.217519+00:00,1790287301.217519,False,WAITING_INSUFFICIENT_NET_RISK_REWARD,0.15411,0.15444,0.21413276231263545,63028.98032361848,False,0.15242,1.6616216912475037,0.15444,0.0,0.21367521367521292,1,1.898380796261094,0.15444,0.0,0.3205128205128194,1,2.8475711943916338
ADA-EUR,2026-09-24T22:01:37.025185+00:00,1790287297.0251853,False,WAITING_INSUFFICIENT_NET_RISK_REWARD,0.21768,0.21773,0.02296949650864022,145957.0405011516,False,0.21585,1.4600878798974726,0.21773,0.0,0.022964221742527435,1,1.4565434459595679,0.21773,0.0,0.03444633261379115,1,2.1848151689393376
XRP-EUR,2026-09-24T22:01:40.639983+00:00,1790287300.639983,False,WAITING_INSUFFICIENT_NET_RISK_REWARD,1.34883,1.34905,0.01631043200405191,272652.8342419667,False,1.33616,1.543091210221219,1.34905,0.0,0.016307772135959464,1,1.5480253149417678,1.34905,0.0,0.024461658203939196,1,2.3220379724126303
ZAMA-EUR,2026-09-24T22:01:42.397314+00:00,1790287302.3973138,False,WAITING_INSUFFICIENT_NET_RISK_REWARD,0.077365,0.077567,0.26109998061139006,60734.8996795899,False,0.07669,3.2947167409293354,0.077567,0.0,0.26042002397925756,1,1.7221257388070228,0.07756702687023032,3.464131694830286e-05,0.39063003596888635,2,2.5832396753177136
DYM-EUR,2026-09-24T22:22:43.990655+00:00,1790288563.9906552,False,WAITING_SPREAD,0.018168,0.018286,0.6494936151475228,25200.21272108861,False,,,0.01828600000002131,1.1652900866465643e-10,0.645302417149729,1,,0.018286333321181188,0.0018228217280258363,0.9679536257245935,2,
ACE-EUR,2026-09-24T22:22:45.043626+00:00,1790288565.0436258,False,WAITING_INSUFFICIENT_NET_RISK_REWARD,0.16355,0.16365,0.061143381228978555,59028.13658007902,False,0.1587,3.613209846453809,0.16365,0.0,0.061106018942858054,1,3.604906615221765,0.16365,0.0,0.09165902841428708,1,5.407359922832626
VET-EUR,2026-09-24T22:22:46.407658+00:00,1790288566.4076583,False,WAITING_INSUFFICIENT_NET_RISK_REWARD,0.008118,0.0081246,0.08130081300812275,84624.40756045852,False,0.0080662,1.5663794362494605,0.0081246,0.0,0.08123476848089783,1,1.312758702166363,0.0081246,0.0,0.12185215272134675,1,1.9691380532495373
ALIGN-EUR,2026-09-24T22:22:48.131137+00:00,1790288568.1311371,True,ENTRY_READY_SHADOW,0.005823,0.005833,0.17173278378841417,14788.0566385575,False,0.005617,3.494205154817504,0.00585726681883985,0.4160263816192389,0.17143836790672884,3,4.675743396047267,0.005859176632989957,0.4487679237092035,0.25715755186009326,3,7.060221885139214
ACU-EUR,2026-09-24T22:22:47.471904+00:00,1790288567.4719036,False,WAITING_INSUFFICIENT_NET_RISK_REWARD,0.11089,0.11109,0.18035891423933137,98044.1148328113,False,,,0.11110824083411147,0.016419870475714582,0.18003420649922441,2,,0.11110882721655155,0.01694771496223435,0.2700513097488366,2,
AVNT-EUR,2026-09-24T22:22:49.207698+00:00,1790288569.2076976,False,WAITING_INSUFFICIENT_NET_RISK_REWARD,0.1012,0.10135,0.14822134387351138,39090.9693906642,False,,,0.10135,0.0,0.14800197335964604,1,,0.10135,0.0,0.22200296003946907,1,
NPC-EUR,2026-09-24T22:22:50.501554+00:00,1790288570.5015545,False,WAITING_INSUFFICIENT_NET_RISK_REWARD,0.0195001,0.019518,0.09179440105435699,12770.8859000749,False,0.0192446,2.1471794871794923,0.019560354631843274,0.21700292982516078,0.0917102162106831,3,2.2028552104747092,0.019565833350407097,0.2450730116154043,0.13756532431602464,3,3.3453597550162897
DBR-EUR,2026-09-24T22:38:37.753008+00:00,1790289517.7530077,False,WAITING_STOP_GEOMETRY,0.021202,0.02124,0.1792283746816281,4864.505127009817,False,0.01897,17.499883302992107,0.021257823358834055,0.0839141188044179,0.17890772128059673,3,11.296133998140391,0.021260410059230423,0.09609255758202817,0.2683615819208951,4,16.96038956022801
POND-EUR,2026-09-24T22:38:38.525897+00:00,1790289518.5258965,False,WAITING_SPREAD,0.000797,0.0008061,1.1417816813048987,1909.8038060897,False,,,0.0008061486529516511,0.0060355975252557315,1.1288921969978993,2,,0.0008061719011385669,0.008919630141046575,1.693338295496849,3,
FLOCK-EUR,2026-09-24T22:38:40.283798+00:00,1790289520.2837982,False,WAITING_INSUFFICIENT_NET_RISK_REWARD,0.062455,0.062636,0.28980866223680124,31257.422916198462,False,0.061675,1.2042990116111647,0.062636,0.0,0.28897119867169474,1,2.1233370251171237,0.062636,0.0,0.4334567980075421,1,3.1850055376756643
NEAR-EUR,2026-09-24T22:38:41.837071+00:00,1790289521.8370712,False,WAITING_INSUFFICIENT_NET_RISK_REWARD,4.0464,4.0485,0.05189798339262364,60125.51155040409,False,3.9422,4.580840571728951,4.0485,0.0,0.051871063356789815,1,3.208210041772176,4.0485,0.0,0.07780659503518472,1,4.812315062658257
RENDER-EUR,2026-09-24T22:38:43.096985+00:00,1790289523.0969853,False,WAITING_INSUFFICIENT_NET_RISK_REWARD,1.6334,1.6342,0.0489775927513314,27578.259865489323,False,1.616,1.5701368523949204,1.6342,0.0,0.048953616448421666,1,1.705286410701902,1.6342,0.0,0.0734304246726325,1,2.55792961605286
PLUME-EUR,2026-09-24T22:38:44.535545+00:00,1790289524.5355446,False,WAITING_INSUFFICIENT_NET_RISK_REWARD,0.015701,0.0157319,0.19680275141711334,39519.92997932773,False,0.0154272,4.875482957805757,0.0157319,0.0,0.19641619893338014,1,2.5234961909042113,0.0157319,0.0,0.2946242984000702,1,3.785244286356317
LINK-EUR,2026-09-24T22:38:41.378588+00:00,1790289521.3785884,False,WAITING_INSUFFICIENT_NET_RISK_REWARD,11.629,11.6307,0.014618625849172062,56438.74152816868,False,11.4706,1.5416132280916193,11.630790000008659,0.0007738142043134388,0.014616489119312348,2,1.9673071656849572,11.630793333337195,0.0008024739456491403,0.021924733678968522,2,2.951002892063542
AVNT-EUR,2026-09-24T22:38:43.817521+00:00,1790289523.8175209,False,WAITING_INSUFFICIENT_NET_RISK_REWARD,0.10168,0.10181,0.12785208497245737,42144.910755914396,False,0.10105,0.6523673025600552,0.10181,0.0,0.12768883213828408,1,1.3402770208355719,0.10181,0.0,0.19153324820742612,1,2.0104155312533862
MOODENG-EUR,2026-09-24T22:54:07.460568+00:00,1790290447.460568,True,ENTRY_READY_SHADOW,0.04343,0.043466,0.08289201013123026,62450.49917653621,False,0.041369,5.63531276218886,0.043466,0.0,0.08282335618643444,1,5.393852316477918,0.043466,0.0,0.12423503427965166,1,8.09077847471687
ENA-EUR,2026-09-24T22:54:10.697344+00:00,1790290450.697344,False,WAITING_INSUFFICIENT_NET_RISK_REWARD,0.19689,0.19705,0.08126364975367117,50011.85578446207,False,0.19254,1.979442295949524,0.19705,0.0,0.08119766556711205,1,2.8733209604762493,0.19705,0.0,0.12179649835066808,1,4.309981440714381
GRASS-EUR,2026-09-24T22:54:11.730820+00:00,1790290451.73082,False,WAITING_INSUFFICIENT_NET_RISK_REWARD,0.39111,0.39175,0.16363682851370243,21773.093363770833,False,0.38355,3.388699201601928,0.39175,0.0,0.16336949585193938,1,2.678903538855465,0.39175,0.0,0.24505424377790908,1,4.018355308283219
CFG-EUR,2026-09-24T22:54:10.301087+00:00,1790290450.301087,False,WAITING_INSUFFICIENT_NET_RISK_REWARD,0.133198,0.13329,0.06907010615773146,34475.473754744104,False,0.131457,2.3227227136640947,0.13338338613361403,0.07006237048092778,0.06902243229047755,4,2.033861526275828,0.133396588141811,0.07996709566433502,0.10353364843571633,4,3.0653355747537887
ETC-EUR,2026-09-24T22:54:14.071385+00:00,1790290454.0713847,True,ENTRY_READY_SHADOW,8.3177,8.3317,0.16831576036644424,58126.01069462139,False,7.9918,6.353704418290559,8.3317,0.0,0.16803293445514234,1,4.653447582958194,8.3317,0.0,0.2520494016827135,1,6.980171374437276
FET-EUR,2026-09-24T22:54:14.363980+00:00,1790290454.3639796,False,WAITING_INSUFFICIENT_NET_RISK_REWARD,0.20002,0.20019,0.08499150084990692,50135.990811072166,False,0.1959,3.7607953404298033,0.20019,0.0,0.08491932663969859,1,2.728398171363139,0.20019,0.0,0.12737898995954788,1,4.09259725704473
PTB-EUR,2026-09-24T22:54:13.086603+00:00,1790290453.0866027,False,WAITING_INSUFFICIENT_NET_RISK_REWARD,0.0008709,0.0008727,0.20668274199104886,33899.6686686685,False,0.0008528,2.9919447640966608,0.0008727000000000001,2.220446049250313e-14,0.2062564455139304,1,2.864892083987357,0.0008727,0.0,0.3093846682708956,1,4.2973381259809855
MERL-EUR,2026-09-24T22:54:12.771729+00:00,1790290452.7717288,False,WAITING_VISIBLE_DEPTH,0.025188,0.025235,0.1865967921232503,65323.336684039525,False,,,0.025235000000019936,7.900347043232614e-11,0.1862492569843499,1,,0.025235333324527456,0.0013208818206988937,0.27937388547652486,2,
BICO-EUR,2026-09-24T22:54:13.605896+00:00,1790290453.605896,False,WAITING_INSUFFICIENT_NET_RISK_REWARD,0.019759,0.01978,0.1062806822207607,50322.98884182038,False,0.019606,2.710630120360078,0.01978,0.0,0.10616784630940179,1,1.4726681022418546,0.019780007596764376,3.8406291080761434e-05,0.1592517694641027,2,2.209058914381842
DBR-EUR,2026-09-24T23:11:10.641385+00:00,1790291470.641385,False,WAITING_DEPTH_SLIPPAGE,0.023316,0.023376,0.257334019557387,9870.36800163731,False,,,0.02352761635992809,0.6485983912050353,0.2566735112936369,2,,0.023537801464471195,0.6921691669712349,0.38501026694045537,3,
LTC-EUR,2026-09-24T23:11:11.285989+00:00,1790291471.2859886,False,WAITING_INSUFFICIENT_NET_RISK_REWARD,63.294,63.308,0.02211900022119906,82094.66367425444,False,61.513,2.925235134704278,63.308,0.0,0.02211410880141873,1,3.416636455080763,63.30799999999999,-1.1102230246251565e-14,0.033171163202128096,1,5.124954682621137
WLD-EUR,2026-09-24T23:11:12.360622+00:00,1790291472.3606222,False,WAITING_INSUFFICIENT_NET_RISK_REWARD,0.38883,0.38893,0.025718180181577566,64367.32753880671,False,0.38102,1.8307768431469518,0.38894391342543944,0.0035773597921062716,0.025711567634278953,2,2.6233556693644573,0.38898499928536157,0.014141178454107894,0.03856735145141843,3,3.950461360555323
SPX-EUR,2026-09-24T23:11:17.870553+00:00,1790291477.8705528,False,WAITING_INSUFFICIENT_NET_RISK_REWARD,0.38397,0.38398,0.002604370133085787,53468.19118975285,False,0.38072,1.7883716680155661,0.38398,0.0,0.0026043023074184823,1,1.4421777214861464,0.38398,0.0,0.0039064534611277235,1,2.163266582229255
ARK-EUR,2026-09-24T23:11:15.125494+00:00,1790291475.1254945,False,WAITING_INSUFFICIENT_NET_RISK_REWARD,0.1692,0.16959,0.23049645390071927,49797.1089721991,False,0.1647,3.7345860246623634,0.16961040226443233,0.01203034638384004,0.22996638952768045,2,3.476041046643104,0.16961693433978653,0.015882033012881713,0.3449495842915207,2,5.219637385043114
G-EUR,2026-09-24T23:11:20.160070+00:00,1790291480.1600704,False,WAITING_INSUFFICIENT_NET_RISK_REWARD,0.0049385,0.0049525,0.28348688873138794,50884.73374133091,False,0.0048881,0.7535136891705252,0.0049525,0.0,0.2826855123674976,1,1.8908283002740234,0.0049525,0.0,0.4240282685512464,1,2.8362424504110493
2Z-EUR,2026-09-24T23:11:13.967514+00:00,1790291473.9675136,False,WAITING_INSUFFICIENT_NET_RISK_REWARD,0.048973,0.049136,0.3328364609070267,27824.36871405953,False,0.048619,2.7931931275981348,0.04913855012213141,0.005189926187343374,0.33173233474437236,2,1.6492456724790685,0.04913936672094576,0.00685184171638209,0.49759850211655854,2,2.476320100428069
EDEN-EUR,2026-09-24T23:11:16.813257+00:00,1790291476.813257,False,WAITING_INSUFFICIENT_NET_RISK_REWARD,0.055612,0.055715,0.1852118247860135,26324.0185136284,False,0.05508,1.566528215411046,0.055715,0.0,0.18486942475096635,1,1.7311648635746906,0.055714999999999994,-1.1102230246251565e-14,0.2773041371264495,1,2.596747295362036
BTC-EUR,2026-09-24T23:11:19.345169+00:00,1790291479.345169,False,WAITING_INSUFFICIENT_NET_RISK_REWARD,74127.0,74128.0,0.0013490361137069584,501380.2298439,False,73684.0,0.6727820483376339,74128.0,0.0,0.0013490179149533432,1,1.1936349903354966,74128.0,0.0,0.002023526872430015,1,1.7904524855032378
LINK-EUR,2026-09-24T23:11:21.209687+00:00,1790291481.2096868,False,WAITING_INSUFFICIENT_NET_RISK_REWARD,11.6301,11.6325,0.02063610803002547,77060.39821604075,False,11.495,1.3711718225481588,11.632500000000002,2.220446049250313e-14,0.020631850419083886,1,1.77321589642915,11.6325,0.0,0.03094777562862583,1,2.659823844643711
TREAD-EUR,2026-09-24T23:28:15.025654+00:00,1790292495.025654,False,WAITING_SPREAD,0.60558,0.60883,0.5366755837379111,20117.298222311,False,,,0.6098821356977288,0.172812722390292,0.533810751769781,3,,0.6107522282290703,0.31572495262557343,0.8007161276546715,5,
DYM-EUR,2026-09-24T23:28:13.819174+00:00,1790292493.8191743,True,ENTRY_READY_SHADOW,0.018548,0.018635,0.46905326719861584,27930.330717705892,False,0.017292,6.109078997652446,0.018638426387080704,0.01838683703088151,0.46686342903139444,2,7.778964283830817,0.018638934328638692,0.021112576542492434,0.7002951435470917,3,11.672216187665157
RAY-EUR,2026-09-24T23:28:15.929983+00:00,1790292495.9299831,False,WAITING_INSUFFICIENT_NET_RISK_REWARD,1.854,1.85449,0.026429341963307706,11659.148389054999,False,1.80253,2.3678465064872154,1.85449,0.0,0.026422358707778315,1,3.3833406698891366,1.8544899999999997,-1.1102230246251565e-14,0.03963353806166747,1,5.075011004833698
SYN-EUR,2026-09-24T23:28:16.231705+00:00,1790292496.2317054,True,ENTRY_READY_SHADOW,0.17661,0.176827,0.12286959968292877,34019.30087721282,False,0.169245,4.396165409268807,0.17682699999999998,-1.1102230246251565e-14,0.12271881556551456,1,4.860409099573985,0.176827,0.0,0.18407822334827184,1,7.290613649361035
DRIFT-EUR,2026-09-24T23:28:18.577066+00:00,1790292498.5770657,False,WAITING_INSUFFICIENT_NET_RISK_REWARD,0.01652,0.016557,0.2239709443099258,41578.831073431575,False,0.016326,1.4068138724081047,0.016557,0.0,0.22347043546535605,1,1.985087923423876,0.016557,0.0,0.3352056531980341,1,2.977631885135821
DBR-EUR,2026-09-24T23:28:17.073816+00:00,1790292497.073816,False,WAITING_STOP_GEOMETRY,0.023287,0.023315,0.12023875982307697,10087.271393116924,False,0.019144,19.527972027972027,0.023334279223042594,0.08269021249236452,0.1200943598541726,2,18.448433728576205,0.023335459615047113,0.08775301328378671,0.1801415397812589,3,27.67883835293229
ZEN-EUR,2026-09-24T23:28:16.619126+00:00,1790292496.6191256,False,WAITING_INSUFFICIENT_NET_RISK_REWARD,6.556,6.5687,0.1937156802928497,77056.36228561026,False,6.4474,1.4062142148255636,6.5687,0.0,0.1933411481723879,1,2.4338431024452802,6.5687,0.0,0.29001172225858185,1,3.6507646536679204
ACH-EUR,2026-09-24T23:28:19.025012+00:00,1790292499.0250125,False,WAITING_INSUFFICIENT_NET_RISK_REWARD,0.0053529,0.0053651,0.22791384109548396,56237.53700140714,False,0.0052822,1.6861341371514726,0.0053651,0.0,0.22739557510578212,1,2.1341818795539638,0.0053651,0.0,0.3410933626586732,1,3.20127281933091
REZ-EUR,2026-09-24T23:28:19.538235+00:00,1790292499.5382354,False,WAITING_INSUFFICIENT_NET_RISK_REWARD,0.0034415,0.0034479,0.18596542205433497,26678.93002705022,False,0.0034085,0.7921022743819048,0.0034479,0.0,0.18562023260534355,1,1.734142521534821,0.0034479,0.0,0.2784303489080153,1,2.6012137823022385
LDO-EUR,2026-09-24T23:28:17.884999+00:00,1790292497.8849986,False,WAITING_INSUFFICIENT_NET_RISK_REWARD,0.3867,0.38713,0.1111973105766717,48535.75803347308,False,0.37935,2.548933871755954,0.38713,0.0,0.11107379949887308,1,2.595892317871119,0.38713,0.0,0.16661069924830962,1,3.8938384768067067
OP-EUR,2026-09-24T23:28:18.188787+00:00,1790292498.1887865,False,WAITING_INSUFFICIENT_NET_RISK_REWARD,0.11637,0.11644,0.06015296038497375,58324.09774289858,False,0.11478,1.7512232809683237,0.11644,0.0,0.06011679835108419,1,2.0153524210771394,0.11644,0.0,0.09017519752662628,1,3.0230286316157446
LPT-EUR,2026-09-24T23:28:20.659097+00:00,1790292500.6590967,False,WAITING_INSUFFICIENT_NET_RISK_REWARD,1.4308,1.434,0.2236511042773115,64305.01054596972,False,1.4204,1.5834263392857102,1.434,0.0,0.22315202231519837,1,1.5409766379031282,1.434,0.0,0.33472803347279756,1,2.311464956854678
PTB-EUR,2026-09-24T23:44:39.002709+00:00,1790293479.0027087,False,WAITING_INSUFFICIENT_NET_RISK_REWARD,0.0008772,0.0008792,0.22799817601459882,35056.5357725281,False,0.0008542,2.970524142676904,0.0008792,0.0,0.22747952684258888,1,3.424737122162739,0.0008792,0.0,0.3412192902638833,1,5.13710568324413
DRIFT-EUR,2026-09-24T23:44:40.074100+00:00,1790293480.0741,False,WAITING_INSUFFICIENT_NET_RISK_REWARD,0.016538,0.016585,0.2841939775063418,42147.61487802235,False,0.016322,1.3930950938825017,0.016585,0.0,0.2833886041603728,1,2.1745376985633413,0.016585,0.0,0.4250829062405592,1,3.261806547845026
AERO-EUR,2026-09-24T23:44:43.833803+00:00,1790293483.833803,False,WAITING_INSUFFICIENT_NET_RISK_REWARD,0.61069,0.61141,0.11789942524031982,50903.68625971129,False,0.60026,1.873870914764316,0.61141,0.0,0.11776058618603313,1,2.4109977994938276,0.61141,0.0,0.1766408792790497,1,3.6164966992407415
MOG-EUR,2026-09-24T23:44:40.462597+00:00,1790293480.4625971,False,WAITING_INSUFFICIENT_NET_RISK_REWARD,1.1122e-07,1.1135e-07,0.11688545225678748,49503.5425677449,False,1.1029e-07,1.362862010221468,1.1135e-07,0.0,0.1167489896722107,1,1.5445125623301266,1.1135e-07,0.0,0.17512348450831605,1,2.3167688434951685
TREAD-EUR,2026-09-24T23:44:41.495592+00:00,1790293481.495592,False,WAITING_STOP_GEOMETRY,0.60811,0.60994,0.30093239709920727,11424.767812982001,False,0.54879,8.639663611576488,0.6106227449371134,0.11193640966544738,0.3000295110994533,3,10.663851879364188,0.6110432243270972,0.18087423797377156,0.45004426664917996,4,16.087990630439407
KAIA-EUR,2026-09-24T23:44:46.167142+00:00,1790293486.1671422,False,WAITING_INSUFFICIENT_NET_RISK_REWARD,0.02951,0.029577,0.22704168078615528,67485.0884596187,False,0.029185,1.0083177728738826,0.029577,0.0,0.22652736923960415,1,1.9156795353132452,0.029576999999999996,-1.1102230246251565e-14,0.3397910538594062,1,2.8735193029698394
SOL-EUR,2026-09-24T23:44:44.510642+00:00,1790293484.5106423,False,WAITING_INSUFFICIENT_NET_RISK_REWARD,102.853,102.854,0.0009722613827589655,311977.7754091589,False,101.876,0.9640640504309588,102.854,0.0,0.0009722519299204535,1,1.5434281758221147,102.854,0.0,0.0014583778948806803,1,2.315142263733179
XLM-EUR,2026-09-24T23:44:42.367672+00:00,1790293482.367672,False,WAITING_INSUFFICIENT_NET_RISK_REWARD,0.18928,0.18941,0.06868131868131844,84350.6433048721,False,0.18614,1.9420030524709218,0.18941,0.0,0.06863417982154729,1,2.314339619511486,0.18941,0.0,0.10295126973232094,1,3.4715094292672006
NOM-EUR,2026-09-24T23:44:45.426354+00:00,1790293485.4263542,False,WAITING_INSUFFICIENT_NET_RISK_REWARD,0.0018592,0.0018664,0.387263339070576,21749.23262315787,False,0.001827,5.014670578821025,0.0018664,0.0,0.385769395627944,1,2.6966409789927184,0.0018664,0.0,0.578654093441916,1,4.044961468489078
W-EUR,2026-09-24T23:44:41.936558+00:00,1790293481.9365585,False,WAITING_INSUFFICIENT_NET_RISK_REWARD,0.01031,0.010315,0.04849660523762456,59547.3361840434,False,0.010255,1.0309278350515412,0.010315,0.0,0.04847309743092332,1,1.1764516242113814,0.010315,0.0,0.07270964614638498,1,1.7646774363171005
KMNO-EUR,2026-09-24T23:44:47.307998+00:00,1790293487.3079977,False,WAITING_INSUFFICIENT_NET_RISK_REWARD,0.03315,0.033166,0.0482654600301613,69611.43412548152,False,0.032746,2.650347537020235,0.033166,0.0,0.04824217572213518,1,1.8570354401038145,0.033166093608268235,0.00028224165782297916,0.07236326358320277,2,2.7859686594783852
XVG-EUR,2026-09-24T23:44:42.904972+00:00,1790293482.904972,False,WAITING_INSUFFICIENT_NET_RISK_REWARD,0.002651,0.0026561,0.19238023387402325,60030.54097968089,False,0.0026324,1.5627347858752871,0.0026561,0.0,0.19201084296525117,1,1.4852019080719572,0.0026561,0.0,0.28801626444787676,1,2.22780286210795
DOGE-EUR,2026-09-24T23:44:45.717959+00:00,1790293485.7179592,False,WAITING_INSUFFICIENT_NET_RISK_REWARD,0.084131,0.084145,0.016640715075300072,84144.4686370887,False,0.083296,1.393368750592934,0.084145,0.0,0.016637946402042747,1,1.6011907482467223,0.084145,0.0,0.02495691960306412,1,2.4017861223700834
PEPE-EUR,2026-09-24T23:44:45.151560+00:00,1790293485.1515603,False,WAITING_INSUFFICIENT_NET_RISK_REWARD,3.8794e-06,3.8806e-06,0.03093261844615558,82100.28240961001,False,3.8484e-06,2.1380480032893128,3.8806e-06,0.0,0.030923053136111545,1,1.4230588297590572,3.8806e-06,0.0,0.04638457970416732,1,2.1345882446386213
ONDO-EUR,2026-09-24T23:57:36.862896+00:00,1790294256.8628962,False,WAITING_INSUFFICIENT_NET_RISK_REWARD,0.46068,0.46069,0.0021707041764296164,66849.51720714735,False,0.45042,2.602051953721904,0.46069,0.0,0.0021706570578983175,1,2.8141824886003803,0.46069,0.0,0.0032559855868474763,1,4.221273732900613
PYTH-EUR,2026-09-24T23:57:37.219522+00:00,1790294257.2195222,False,WAITING_INSUFFICIENT_NET_RISK_REWARD,0.06004,0.06017,0.21652231845437075,27641.755412078535,False,0.058581,2.141007097446943,0.060173060045923266,0.00508566714851888,0.21605451221539118,2,3.228227770813376,0.06017403999869629,0.0067143072898234735,0.32408176832308677,2,4.844705593389989
ALIGN-EUR,2026-09-24T23:57:41.467187+00:00,1790294261.4671874,False,WAITING_INSUFFICIENT_NET_RISK_REWARD,0.005728,0.005735,0.12220670391061006,14797.4380474166,False,0.005666,2.75693596231023,0.005757313087448396,0.38906865646723965,0.12205754141237923,3,2.1748023394922598,0.005758874544198617,0.4162954524606466,0.18308631211856885,3,3.3019898808782955
VIRTUAL-EUR,2026-09-24T23:57:40.408225+00:00,1790294260.408225,False,WAITING_INSUFFICIENT_NET_RISK_REWARD,0.65464,0.65568,0.15886594158622813,37778.944712127355,False,0.64815,1.3793630184067798,0.65568,0.0,0.15861395802830858,1,1.7398099165519483,0.65568,0.0,0.23792093704246287,1,2.6097148748279153
ZK-EUR,2026-09-24T23:57:41.142901+00:00,1790294261.1429007,False,WAITING_VISIBLE_DEPTH,0.010569,0.01058,0.10407796385656365,105055.01845645353,False,,,0.010580000000011002,1.0398348848639216e-10,0.10396975425331911,1,,0.010580333312330667,0.0031504001008153537,0.15595463137997867,2,
TREAD-EUR,2026-09-25T00:27:16.265560+00:00,1790296036.2655602,True,ENTRY_READY_SHADOW,0.6123,0.61439,0.3413359464314869,15035.2965369687,False,0.56926,6.946859903381636,0.61439,0.0,0.34017480753267826,1,7.899806766551777,0.6143920799593505,0.0003385405606515235,0.5102622112990174,2,11.850177843010101
XLM-EUR,2026-09-25T00:27:01.697877+00:00,1790296021.6978767,True,ENTRY_READY_SHADOW,0.19594,0.19606,0.06124323772584983,57559.80788141486,False,0.18612,3.716686427135416,0.19606,0.0,0.06120575334082057,1,5.6378001746628,0.19606120131143656,0.0006127264289279566,0.09180863001123085,2,8.457567529886092
MANTRA-EUR,2026-09-25T00:27:02.222785+00:00,1790296022.222785,True,ENTRY_READY_SHADOW,0.00429,0.004296,0.13986013986013734,51208.0442489178,False,0.004073,5.050034908075406,0.004296,0.0,0.13966480446927498,1,5.758074959249896,0.004296,0.0,0.20949720670391248,1,8.637112438874851
KAIA-EUR,2026-09-25T00:27:04.304899+00:00,1790296024.3048987,False,WAITING_INSUFFICIENT_NET_RISK_REWARD,0.029732,0.029816,0.2825238799946117,69293.3444328333,False,0.029168,2.3075119729394893,0.029816,0.0,0.2817279313120369,1,2.7585820798151985,0.029816,0.0,0.4225918969680553,1,4.137873119722798
ARK-EUR,2026-09-25T00:27:06.972253+00:00,1790296026.9722526,True,ENTRY_READY_SHADOW,0.17501,0.17539,0.21713044968858508,58810.394109570094,False,0.16793,2.308139534883722,0.1754104021895747,0.01163247025184333,0.21666001482409936,2,4.837256307080608,0.1754169343065139,0.015356808548894207,0.32499002223614903,2,7.2611999180981
JASMY-EUR,2026-09-25T00:27:11.226470+00:00,1790296031.2264705,False,WAITING_INSUFFICIENT_NET_RISK_REWARD,0.0038726,0.0038815,0.22981975933482612,111886.1774970174,False,0.0038495,0.962846945849493,0.0038815,0.0,0.22929279917557333,1,1.4177457618352491,0.0038815,0.0,0.34393919876336,1,2.126618642752902
AERO-EUR,2026-09-25T00:27:05.626561+00:00,1790296025.626561,False,WAITING_INSUFFICIENT_NET_RISK_REWARD,0.61068,0.61127,0.09661361105652855,44100.89696925271,False,0.60029,2.2145621280608703,0.61127,0.0,0.09652035925205027,1,2.3837684038468154,0.61127,0.0,0.1447805388780754,1,3.575652605770273
SHIB-EUR,2026-09-25T00:27:13.481572+00:00,1790296033.481572,False,WAITING_INSUFFICIENT_NET_RISK_REWARD,5.0924e-06,5.096e-06,0.07069358259368386,54704.26469063937,False,5.0283e-06,1.503376725066063,5.0960891962909046e-06,0.0017503196802381993,0.07064364207222118,2,1.9205162372680746,5.096092797522179e-06,0.0018209874838914786,0.10596546310833177,2,2.880878319934425
LIGHTER-EUR,2026-09-25T00:27:11.759795+00:00,1790296031.7597954,False,WAITING_INSUFFICIENT_NET_RISK_REWARD,4.4563,4.4752,0.42411866346521165,100603.6901467863,False,4.3802,2.226617186284751,4.47891894655994,0.08310123703834105,0.4223274937433019,4,2.789148133876097,4.479212592530996,0.08966286492215758,0.6334912406149529,4,4.193281551169974
JUP-EUR,2026-09-25T00:48:57.983898+00:00,1790297337.983898,False,WAITING_INSUFFICIENT_NET_RISK_REWARD,0.26889,0.26923,0.1264457584886136,39016.87494735,False,0.26347,2.0153657721857217,0.26923,0.0,0.126286075103077,1,2.7248897868244057,0.26923,0.0,0.18942911265461548,1,4.08733468023658
QNT-EUR,2026-09-25T00:48:59.785879+00:00,1790297339.7858794,False,WAITING_INSUFFICIENT_NET_RISK_REWARD,79.891,79.943,0.06508868333103823,32133.55855896917,False,77.326,3.2924759570054682,79.943,0.0,0.06504634552116917,1,3.852252441834878,79.94326107572407,0.0003265773414362627,0.09756951828175375,2,5.7788496563508716
PUMP-EUR,2026-09-25T00:48:58.432784+00:00,1790297338.432784,False,WAITING_INSUFFICIENT_NET_RISK_REWARD,0.0034095,0.0034128,0.09678838539375345,63022.0758642309,False,0.0033393,2.167110227239484,0.0034128795794206917,0.0023317926831856184,0.09669479606188025,2,2.7412947109203856,0.003412886386253309,0.0025312427715862285,0.14504219409282038,2,4.11223303287602
TAO-EUR,2026-09-25T00:49:00.685126+00:00,1790297340.6851258,False,WAITING_INSUFFICIENT_NET_RISK_REWARD,260.86,261.01,0.05750210841062309,89373.25535912691,False,257.23,1.947058373498575,261.01,0.0,0.057469062488013645,1,2.0378106971947716,261.01,0.0,0.08620359373202047,1,3.0567160457921148
ACU-EUR,2026-09-25T00:49:04.117227+00:00,1790297344.1172266,False,WAITING_INSUFFICIENT_NET_RISK_REWARD,0.11089,0.11104,0.13526918567949853,56060.895025781,False,0.11009,0.7198776208044713,0.11108159618204708,0.03746053858706411,0.1350864553314124,3,1.4855875934381118,0.11108439731341933,0.03998317130704532,0.2026296829971186,3,2.232107635487978
JUP-EUR,2026-09-25T01:03:19.175945+00:00,1790298199.1759453,True,ENTRY_READY_SHADOW,0.27307,0.27317,0.03662064672063092,43641.455096440004,False,0.26352,2.4530116915791123,0.27317,0.0,0.036607240912267525,1,4.109719185946261,0.27317,0.0,0.05491086136840129,1,6.164578778919406
SUI-EUR,2026-09-25T01:03:10.608145+00:00,1790298190.6081452,True,ENTRY_READY_SHADOW,0.93046,0.93084,0.040840014616438935,63237.01692993325,False,0.87994,4.713895575393183,0.9308672711036923,0.0029297305328856993,0.04082334235744334,2,6.036472899991381,0.9308948457687007,0.005892072611923815,0.061235013536165006,2,9.058884385644262
SYN-EUR,2026-09-25T01:03:11.272196+00:00,1790298191.2721958,False,WAITING_STOP_GEOMETRY,0.187904,0.188611,0.37625596049046806,32738.88462794109,False,0.169345,9.309182588815949,0.188611,0.0,0.37484558164688764,1,10.75181927505173,0.188611,0.0,0.5622683724703315,1,16.127728912577595
ENA-EUR,2026-09-25T01:03:11.980138+00:00,1790298191.9801383,True,ENTRY_READY_SHADOW,0.20787,0.2081,0.11064607687496508,68233.11563883777,False,0.19471,5.39099238861687,0.20810050998463733,0.00024506710107896623,0.1105237866410369,2,6.994394707649221,0.20810367322692255,0.0017651258637840783,0.16578567996155535,2,10.493712633822668
G-EUR,2026-09-25T01:03:12.613422+00:00,1790298192.6134217,False,WAITING_INSUFFICIENT_NET_RISK_REWARD,0.0049984,0.0050151,0.3341069142125397,62684.43734036385,False,0.0049142,1.5316936612677554,0.005015100000000001,2.220446049250313e-14,0.3329943570417271,1,2.5981419305716855,0.0050151,0.0,0.4994915355625906,1,3.897212895857507
SEI-EUR,2026-09-25T01:03:13.143251+00:00,1790298193.143251,False,WAITING_INSUFFICIENT_NET_RISK_REWARD,0.056016,0.056068,0.09283061982290342,37739.07036259075,False,0.05421,2.2070330065653367,0.056068,0.0,0.09274452450594994,1,3.892262414876683,0.056068,0.0,0.13911678675892492,1,5.83839362231501
CAKE-EUR,2026-09-25T01:03:14.370934+00:00,1790298194.3709345,False,WAITING_INSUFFICIENT_NET_RISK_REWARD,2.4155,2.4201,0.19043676257504139,45513.69526078479,False,2.4055,0.41003976143141235,2.42028631439883,0.0076986239754495145,0.19007479029792274,2,1.2055318808120603,2.420324208412583,0.009264427609734227,0.2851121854468841,2,1.8106179973254939
GRASS-EUR,2026-09-25T01:22:18.451531+00:00,1790299338.4515312,False,WAITING_VISIBLE_DEPTH,0.39337,0.39429,0.23387650303785534,31485.72165625198,False,,,0.3942900000030699,7.785994071696223e-10,0.2333307971290055,1,,0.39429333327697424,0.0008453871450653239,0.34999619569350826,2,
APE-EUR,2026-09-25T01:22:20.986542+00:00,1790299340.986542,False,WAITING_INSUFFICIENT_NET_RISK_REWARD,0.13435,0.13468,0.24562709341271471,41710.55005111594,False,0.13247,0.9333930704898454,0.13468,0.0,0.24502524502524325,1,2.229364089775558,0.13468,0.0,0.3675378675378649,1,3.3440461346633015
ATH-EUR,2026-09-25T01:22:21.622516+00:00,1790299341.6225164,False,WAITING_INSUFFICIENT_NET_RISK_REWARD,0.005269,0.0052808,0.2239514139305454,102633.8004468799,False,0.0051791,0.6439125352139659,0.0052808,0.0,0.2234509922738992,1,2.5125774839148107,0.0052808,0.0,0.3351764884108488,1,3.768866225872216
CNPY-EUR,2026-09-25T01:22:24.366408+00:00,1790299344.3664076,False,WAITING_SPREAD,0.35812,0.36,0.5249636993186702,11211.211240709401,False,,,0.361143563944981,0.3176566513836132,0.5222222222222239,2,,0.3614519563938589,0.40332122051636166,0.7833333333333359,3,
GRT-EUR,2026-09-25T01:22:26.335068+00:00,1790299346.3350682,False,WAITING_INSUFFICIENT_NET_RISK_REWARD,0.023162,0.02321,0.2072359899836007,57428.14562689334,False,0.022819,1.9852082522382148,0.02321,0.0,0.20680741059889707,1,2.272794758042423,0.02321,0.0,0.3102111158983456,1,3.4091921370636555
ALICE-EUR,2026-09-25T01:22:28.274287+00:00,1790299348.2742867,False,WAITING_INSUFFICIENT_NET_RISK_REWARD,0.13307,0.13351,0.33065303975350346,59074.52659620795,False,0.1319,1.028528528528515,0.13351,0.0,0.32956332858961046,1,1.796942181285587,0.13351,0.0,0.4943449928844157,1,2.6954132719283734
CHIP-EUR,2026-09-25T01:22:30.419928+00:00,1790299350.419928,False,WAITING_INSUFFICIENT_NET_RISK_REWARD,0.041772,0.041847,0.17954610744039812,22138.3638981499,False,0.041291,0.9781344222596702,0.041847,0.0,0.17922431715536868,1,1.918955264358999,0.041847,0.0,0.268836475733053,1,2.8784328965384987
CRV-EUR,2026-09-25T01:22:31.311450+00:00,1790299351.3114498,False,WAITING_INSUFFICIENT_NET_RISK_REWARD,0.30397,0.30427,0.09869395006085746,40113.72874745885,False,0.30239,1.1354712041884911,0.30427,0.0,0.09859664114107991,1,1.2124302006675123,0.30427,0.0,0.14789496171161987,1,1.8186453010012542
AVA-EUR,2026-09-25T01:22:28.945243+00:00,1790299348.9452426,False,WAITING_INSUFFICIENT_NET_RISK_REWARD,0.2251,0.22553,0.19102621057307534,49648.984686365344,False,0.2244,0.73034958806502,0.22553,0.0,0.1906619961867695,1,1.096298848497966,0.22552999999999998,-1.1102230246251565e-14,0.28599299428015423,1,1.6444482727469278
BONK-EUR,2026-09-25T01:22:29.588021+00:00,1790299349.5880206,False,WAITING_INSUFFICIENT_NET_RISK_REWARD,3.3138e-06,3.3172e-06,0.10260124328567155,45548.3649367762,False,3.2535e-06,3.014939701205967,3.3172e-06,0.0,0.10249608103219954,1,2.5070603441354535,3.3172e-06,0.0,0.1537441215482993,1,3.7605905162031945
TREAD-EUR,2026-09-25T01:37:37.763324+00:00,1790300257.763324,True,ENTRY_READY_SHADOW,0.62043,0.62099,0.09025998098093346,14459.1148618208,False,0.58443,4.7375964186218775,0.62099,0.0,0.09017858580653293,1,6.450406283523051,0.62099,0.0,0.1352678787097994,1,9.67560942528462
CAP-EUR,2026-09-25T01:37:38.128346+00:00,1790300258.128346,True,ENTRY_READY_SHADOW,0.0452439,0.0454084,0.36358492526065156,27524.8835922664,False,0.0435516,3.112129769604871,0.0454084,0.0,0.36226777424442913,1,4.662902343246884,0.0454084,0.0,0.5434016613666437,1,6.994353514870312
BILL-EUR,2026-09-25T01:37:39.742773+00:00,1790300259.742773,False,WAITING_INSUFFICIENT_NET_RISK_REWARD,0.012049,0.012064,0.12449165905883408,125069.8669699312,False,0.011806,3.153526970954358,0.012064,0.0,0.12433687002652016,1,2.724054295626985,0.012064,0.0,0.18650530503978024,1,4.086081443440435
SYN-EUR,2026-09-25T01:52:07.843881+00:00,1790301127.8438811,True,ENTRY_READY_SHADOW,0.1878,0.188054,0.13525026624068293,33295.67611872566,False,0.173775,8.0651757120627,0.18805399999999997,-1.1102230246251565e-14,0.135067586969706,1,8.145860508788402,0.188054,0.0,0.202601380454559,1,12.218790763182625
TRAC-EUR,2026-09-25T01:52:10.903332+00:00,1790301130.9033318,False,WAITING_SPREAD,0.33288,0.33665,1.1325402547464503,30524.707163885712,False,,,0.3375489187181573,0.26701877860011436,1.1198574186840893,3,,0.3376991453092256,0.3116427474307404,1.679786128026134,3,
COTI-EUR,2026-09-25T01:52:12.323130+00:00,1790301132.3231304,False,WAITING_INSUFFICIENT_NET_RISK_REWARD,0.014394,0.014419,0.17368347922743776,42171.50708499132,False,0.014233,1.4893172802561114,0.014419,0.0,0.1733823427422121,1,1.880501724397618,0.014419,0.0,0.26007351411331814,1,2.8207525865964556
MET-EUR,2026-09-25T01:52:12.017808+00:00,1790301132.0178084,False,WAITING_INSUFFICIENT_NET_RISK_REWARD,0.29059,0.29138,0.2718606972022197,60636.3013272202,False,0.2874,1.700037778617287,0.29139587399172623,0.005447865922936224,0.2711236186423105,2,1.9613376661203148,0.2914007768813214,0.007130510440456206,0.40668542796346574,3,2.944480786016385
CAP-EUR,2026-09-25T02:07:10.569953+00:00,1790302030.5699532,False,WAITING_SPREAD,0.0464946,0.0467566,0.5635062996563134,28111.6965249644,False,,,0.0467566,0.0,0.5603486994349538,1,,0.0467566,0.0,0.8405230491524307,1,
PTB-EUR,2026-09-25T02:07:12.408826+00:00,1790302032.4088256,True,ENTRY_READY_SHADOW,0.0009052,0.0009095,0.4750331418471143,33785.3275813988,False,0.0008678,3.5935426802299846,0.0009095,0.0,0.47278724573942554,1,5.155761558171648,0.0009095,0.0,0.7091808686091383,1,7.733642337257493
PEAQ-EUR,2026-09-25T02:07:17.646291+00:00,1790302037.6462913,False,WAITING_SPREAD,0.037036,0.037497,1.2447348525758795,12936.048341320193,False,,,0.037497737190125544,0.0019659976145947056,1.2294316878683764,2,,0.03749798414263248,0.0026245903204991095,1.8441475318025646,3,
HOME-EUR,2026-09-25T02:07:11.225394+00:00,1790302031.2253945,True,ENTRY_READY_SHADOW,0.005774,0.005783,0.15587114651889333,63056.7861570689,False,0.005556,2.933985330073345,0.005783510041508693,0.008819669871917846,0.1556285664879864,2,4.508491419676005,0.005783673351782416,0.011643641404401883,0.2334428497319796,2,6.766781638113287
ONDO-EUR,2026-09-25T02:07:16.304972+00:00,1790302036.3049717,True,ENTRY_READY_SHADOW,0.4685,0.46875,0.053361792956230225,45892.87229230532,False,0.45189,3.937007874015745,0.46875,0.0,0.05333333333332746,1,4.173536351122181,0.46875,0.0,0.07999999999999119,1,6.260304526683257
SOL-EUR,2026-09-25T02:07:17.083224+00:00,1790302037.0832243,False,WAITING_INSUFFICIENT_NET_RISK_REWARD,103.856,103.888,0.03081189339086965,301724.4093629449,False,102.745,0.7001336354656895,103.888,0.0,0.0308024025874154,1,1.6918955474973387,103.888,0.0,0.0462036038811231,1,2.5378433212459868
MON-EUR,2026-09-25T02:07:15.617994+00:00,1790302035.6179943,False,WAITING_INSUFFICIENT_NET_RISK_REWARD,0.022072,0.022098,0.11779630300832178,32474.914765689697,False,0.021761,2.083142987665592,0.02211796532226233,0.09034900109661237,0.11765770657977681,2,2.2025147762645787,0.022118976788989896,0.09492618784459061,0.17648655986966522,2,3.310480356865753
TAI-EUR,2026-09-25T02:07:17.919288+00:00,1790302037.919288,False,WAITING_SPREAD,0.00395,0.004046,2.4303797468354427,24343.757306401352,False,,,0.004046,0.0,2.372713791398906,1,,0.004046,0.0,3.559070687098359,1,
BICO-EUR,2026-09-25T02:07:18.735882+00:00,1790302038.7358823,False,WAITING_VISIBLE_DEPTH,0.019902,0.019913,0.05527082705256703,50224.7407310978,False,,,0.019913000000009923,4.9826809345177026e-11,0.055240295284486596,1,,0.019913333322174053,0.001673892301767843,0.0828604429267299,2,
DBR-EUR,2026-09-25T02:07:19.495489+00:00,1790302039.4954891,True,ENTRY_READY_SHADOW,0.0212,0.021228,0.13207547169811207,4923.2489877179005,False,0.020124,5.884570082449941,0.021241534334130945,0.06375699138376767,0.13190126248351364,2,5.827860750959331,0.021242022866948124,0.06605835193198573,0.19785189372527046,2,8.74503984108182
G-EUR,2026-09-25T02:26:21.332587+00:00,1790303181.3325872,True,ENTRY_READY_SHADOW,0.0051094,0.0051265,0.3346772615179905,62577.92384517307,False,0.0049127,2.5025738496871877,0.0051265,0.0,0.33356090900223956,1,4.743790932305416,0.0051265,0.0,0.5003413635033593,1,7.115686398458138
ZRO-EUR,2026-09-25T02:26:21.738574+00:00,1790303181.7385736,False,WAITING_INSUFFICIENT_NET_RISK_REWARD,1.2924,1.2944,0.15475085112968134,72190.96598446183,False,1.25,2.6399565183632294,1.2944,0.0,0.15451174289246028,1,4.00789397026594,1.2944,0.0,0.23176761433869042,1,6.011840955398895
YFI-EUR,2026-09-25T02:26:23.252531+00:00,1790303183.2525306,False,WAITING_INSUFFICIENT_NET_RISK_REWARD,2119.0,2121.5,0.11798017932986848,72025.979323492,False,,,2121.5,0.0,0.11784115012962726,1,,2121.5,0.0,0.1767617251944409,1,
AVAX-EUR,2026-09-25T02:26:24.683409+00:00,1790303184.6834092,False,WAITING_INSUFFICIENT_NET_RISK_REWARD,9.0493,9.0527,0.037571966892446795,95763.37875526147,False,8.9117,1.5300606729178163,9.0527,0.0,0.037557855667358364,1,2.146482642356304,9.052704067496242,4.493130494331865e-05,0.056336783501037546,2,3.2197899137982233
SYN-EUR,2026-09-25T02:43:12.840080+00:00,1790304192.8400795,False,WAITING_STOP_GEOMETRY,0.202267,0.20294,0.3327285222008536,34691.10563264036,False,0.179613,8.733156621415668,0.20294,0.0,0.33162511087021507,1,12.024018237396547,0.20294,0.0,0.4974376663053226,1,18.03602735609482
ARX-EUR,2026-09-25T02:43:13.234806+00:00,1790304193.234806,False,WAITING_SPREAD,0.22598,0.22773,0.7744048145853721,25284.1109893387,False,,,0.22773,0.0,0.7684538708119248,1,,0.22773000000000002,2.220446049250313e-14,1.1526808062178873,1,
TREAD-EUR,2026-09-25T02:43:16.733039+00:00,1790304196.7330391,True,ENTRY_READY_SHADOW,0.63165,0.63337,0.27230269927964734,17339.7714108028,False,0.59767,5.262739865294192,0.6340748384136123,0.1112838330852961,0.27156322528695265,3,6.305316478334689,0.6345115331998445,0.1802316497220513,0.40734483793042897,4,9.554701043937541
NIL-EUR,2026-09-25T02:43:15.333936+00:00,1790304195.333936,True,ENTRY_READY_SHADOW,0.098772,0.099,0.23083464949580357,32438.748299059996,False,0.090481,9.61291797997474,0.099,0.0,0.23030303030303623,1,9.151824778961668,0.099,0.0,0.34545454545455434,1,13.727737168442502
ARK-EUR,2026-09-25T02:43:17.716477+00:00,1790304197.7164767,True,ENTRY_READY_SHADOW,0.1656,0.16599,0.2355072463768204,102576.58986931609,False,0.15353,15.645760955689644,0.16599000000213246,1.2846834707147536e-09,0.2349539128863154,1,8.05982283700682,0.16599333319946194,0.0020080724513205084,0.3524308693294731,2,12.092503536183273
ONDO-EUR,2026-09-25T02:43:16.030225+00:00,1790304196.0302246,False,WAITING_INSUFFICIENT_NET_RISK_REWARD,0.46414,0.46444,0.06463567027190642,50472.74914016871,False,0.45371,3.2913224899940454,0.46443999999999996,-1.1102230246251565e-14,0.0645939195590417,1,2.894742028100879,0.46444,0.0,0.09689087933856255,1,4.342113042151311
GRAM-EUR,2026-09-25T02:57:46.873231+00:00,1790305066.8732312,False,WAITING_INSUFFICIENT_NET_RISK_REWARD,1.2505,1.2511,0.04798080767693946,92185.56977105119,False,1.2316,1.5250718620249037,1.2511,0.0,0.04795779713853143,1,2.1475582086267764,1.2511,0.0,0.07193669570779715,1,3.2213373129401646
JASMY-EUR,2026-09-25T03:18:02.686940+00:00,1790306282.6869397,False,WAITING_INSUFFICIENT_NET_RISK_REWARD,0.0038907,0.0039008,0.2595933893643876,58438.389398947,False,0.003838,1.266082847530752,0.0039008,0.0,0.25892124692370455,1,2.1985490795161127,0.0039008,0.0,0.3883818703855568,1,3.2978236192741974
MORPHO-EUR,2026-09-25T03:18:03.960152+00:00,1790306283.960152,False,WAITING_INSUFFICIENT_NET_RISK_REWARD,2.46913,2.47379,0.18873044351654933,28542.476606194377,False,2.43683,1.4131053211364495,2.47379,0.0,0.18837492268949374,1,2.0833798269234336,2.47379,0.0,0.2825623840342406,1,3.125069740385129
CAP-EUR,2026-09-25T03:18:04.854234+00:00,1790306284.8542345,True,ENTRY_READY_SHADOW,0.0453914,0.0455602,0.37187661098798674,28119.4728728952,False,0.0439265,5.56708365447324,0.0455602,0.0,0.37049881256009387,1,4.1626072827641,0.0455602,0.0,0.5557482188401408,1,6.2439109241461495
BOME-EUR,2026-09-25T03:18:07.416569+00:00,1790306287.4165692,False,WAITING_INSUFFICIENT_NET_RISK_REWARD,0.00089822,0.0009007,0.27610162321034526,54450.560652506596,False,0.00089327,2.020948180815876,0.0009007062342769398,0.0006921590917974285,0.2753414011324562,2,1.4189155740999126,0.0009007074895144613,0.0008315215345167104,0.4130121016986843,2,2.128579436947291
RENDER-EUR,2026-09-25T03:18:09.276525+00:00,1790306289.2765255,False,WAITING_INSUFFICIENT_NET_RISK_REWARD,1.6064,1.6074,0.062250996015933424,30787.119161566352,False,1.5918,2.269494774596497,1.6074,0.0,0.06221226825929849,1,1.5629596222210154,1.6074,0.0,0.09331840238894773,1,2.34443943333153
VET-EUR,2026-09-25T03:18:14.535141+00:00,1790306294.5351405,False,WAITING_INSUFFICIENT_NET_RISK_REWARD,0.0080814,0.008086,0.05692083054915642,29308.529686222773,False,0.0079462,2.7759877063401603,0.008086,0.0,0.056888449171388356,1,2.316825232244611,0.008086,0.0,0.08533267375708253,1,3.4752378483669304
FLOCK-EUR,2026-09-25T03:18:09.769654+00:00,1790306289.7696538,False,WAITING_INSUFFICIENT_NET_RISK_REWARD,0.06165,0.061862,0.34387672343876297,58078.699973346134,False,0.060967,2.0809061488673066,0.06186200000000291,4.707345624410664e-12,0.342698263877661,2,2.0363676217346125,0.061862333329743086,0.000538827944596143,0.5140473958164915,2,3.055343211468852
SOMI-EUR,2026-09-25T03:18:14.087376+00:00,1790306294.0873764,False,WAITING_INSUFFICIENT_NET_RISK_REWARD,0.17065,0.171,0.20509815411662302,65900.3966516243,False,0.16953,1.288659793814421,0.17100000000002802,1.638689184346731e-11,0.20467836257310745,2,1.4527605985198875,0.17100333320340258,0.001949241755894171,0.3070175438596612,2,2.182022227501079
QNT-EUR,2026-09-25T03:36:18.037494+00:00,1790307378.037494,True,ENTRY_READY_SHADOW,80.233,80.318,0.10594144553985885,40512.47005826252,False,77.14,4.093458176346976,80.31887733004689,0.0010923205842949812,0.10582932841952664,2,4.532397448169874,80.31894503186122,0.0011766127906875923,0.15874399262928995,3,6.798716878457412
CAP-EUR,2026-09-25T03:36:18.735054+00:00,1790307378.7350543,True,ENTRY_READY_SHADOW,0.0458539,0.046038,0.4014925666082858,30261.2414138881,False,0.043918,5.559563620415557,0.046038,0.0,0.39988704982840684,1,5.175597010341335,0.046038,0.0,0.5998305747426103,1,7.76339551551203
LSK-EUR,2026-09-25T03:36:20.205314+00:00,1790307380.2053137,True,ENTRY_READY_SHADOW,0.31424,0.31492,0.2163951120162766,30868.263496024054,False,0.30382,6.776355113725738,0.31492,0.0,0.21592785469324305,1,4.10187235138369,0.31492,0.0,0.3238917820398646,1,6.1528085270755355
WMTX-EUR,2026-09-25T03:36:17.628771+00:00,1790307377.6287713,False,WAITING_SPREAD,0.01856,0.019025,2.505387931034475,18751.5612423821,False,,,0.01903946500169826,0.07603154637718657,2.4441524310118257,3,,0.019073989117364958,0.2574986458079298,3.6662286465177383,4,
WIF-EUR,2026-09-25T03:36:19.943590+00:00,1790307379.9435902,False,WAITING_INSUFFICIENT_NET_RISK_REWARD,0.20769,0.20782,0.06259328807356468,48812.46232331358,False,0.20644,0.8611151200269465,0.20782,0.0,0.06255413338465132,1,1.258317923793129,0.20781999999999998,-1.1102230246251565e-14,0.09383120007697698,1,1.8874768856896935
ZAMA-EUR,2026-09-25T03:52:30.518725+00:00,1790308350.518725,False,WAITING_INSUFFICIENT_NET_RISK_REWARD,0.079571,0.07976,0.23752372095360297,73545.930424519,False,0.077048,2.7872768418405793,0.07976,0.0,0.2369608826479408,1,3.9781131174070623,0.07976002014873812,2.5261707770063424e-05,0.3554413239719112,2,5.967206061254103
ZRO-EUR,2026-09-25T03:52:31.366279+00:00,1790308351.3662794,True,ENTRY_READY_SHADOW,1.3201,1.3228,0.20452995985151823,66039.46728428535,False,1.2658,2.61242626216194,1.3228880940071541,0.006659661865304756,0.20411248866041287,2,4.887850910498301,1.3228920626476242,0.006959680044160699,0.3061687329906193,2,7.332204366566316
MET-EUR,2026-09-25T03:52:31.734875+00:00,1790308351.7348747,False,WAITING_INSUFFICIENT_NET_RISK_REWARD,0.28989,0.29039,0.17247921625445084,66416.9532312243,False,0.28673,1.956007000446101,0.2904104013229989,0.0070254908911771,0.17218223768036278,2,1.85798306003241,0.29041700102986434,0.00929819548343147,0.2582733565205442,3,2.7903199961751284
USELESS-EUR,2026-09-25T03:52:33.268007+00:00,1790308353.2680073,False,WAITING_INSUFFICIENT_NET_RISK_REWARD,0.245499,0.245934,0.17719013112069693,34799.0457863804,False,0.24265,2.3614756606173852,0.245935390890932,0.0005655545520344418,0.17687672302325597,3,1.9261380349673232,0.24593559392695274,0.0006481116692880207,0.26531508453488395,3,2.88932850209369
INJ-EUR,2026-09-25T03:52:34.770474+00:00,1790308354.7704742,False,WAITING_INSUFFICIENT_NET_RISK_REWARD,6.9511,6.9606,0.13666901641467,32251.28798432895,False,6.8905,1.1443775301471966,6.9606504323879985,0.0007245408154110677,0.13648248714190903,2,1.6000393990105124,6.960733619603599,0.0019196564031709329,0.20472373071286354,2,2.4018230545550807
DBR-EUR,2026-09-25T03:52:36.082285+00:00,1790308356.0822852,False,WAITING_INSUFFICIENT_NET_RISK_REWARD,0.020765,0.020792,0.13002648687696627,8479.088158827048,False,0.020345,3.181665948997651,0.02081753144459302,0.12279455845045639,0.12985763755292146,3,2.854547363354314,0.02082401691958454,0.15398672366553345,0.19478645632938218,3,4.327203816716292
WMTX-EUR,2026-09-25T04:08:17.296701+00:00,1790309297.296701,True,ENTRY_READY_SHADOW,0.01889,0.018963,0.3864478560084761,665.3961377512001,False,0.017807,5.092641609317104,0.019035601831537352,0.3828604732233787,0.38496018562463874,5,7.013873256892907,0.0190564381043298,0.49273904092073106,0.5774402784369581,8,10.673316163699894
SAGA-EUR,2026-09-25T04:08:23.162941+00:00,1790309303.162941,False,WAITING_STOP_GEOMETRY,0.028376,0.02846,0.29602480969834755,43639.36492460384,False,0.017647,148.22428501634784,0.02846049874073161,0.0017524270260249608,0.2951510892480691,2,38.365710973067245,0.02846066582519256,0.0023395122718206096,0.44272663387210365,2,57.549109215628846
FIL-EUR,2026-09-25T04:08:19.582051+00:00,1790309299.582051,False,WAITING_INSUFFICIENT_NET_RISK_REWARD,0.86412,0.86619,0.2395500624913227,39187.87667931388,False,0.85419,1.9599026965955355,0.86619,0.0,0.23897759152149423,1,1.9753436258347818,0.86619,0.0,0.35846638728224134,1,2.963015438752194
LAPTOP-EUR,2026-09-25T04:08:22.518732+00:00,1790309302.5187318,False,WAITING_SPREAD,0.06376,0.06409,0.517565872020076,31328.9095856759,False,,,0.06415638678869877,0.10358369277387869,0.51490092058043,2,,0.06426720701567898,0.27649713789823505,0.772351380870645,2,
TREAD-EUR,2026-09-25T04:28:35.220427+00:00,1790310515.2204266,False,WAITING_SPREAD,0.65,0.6539,0.6000000000000005,29828.7701349048,False,,,0.6596342626252638,0.8769326541158806,0.5964214711729698,2,,0.6603413227023064,0.9850623493357302,0.8946322067594548,2,
CFG-EUR,2026-09-25T04:28:37.648923+00:00,1790310517.6489227,True,ENTRY_READY_SHADOW,0.134066,0.134209,0.10666388196858279,46206.81919907283,False,0.129006,3.1309068364307255,0.13420984364553212,0.0006286057806281775,0.10655023135557329,2,4.452451108021762,0.1342101248596525,0.0008381402532675608,0.15982534703335993,3,6.6789769670946555
ARX-EUR,2026-09-25T04:28:38.241362+00:00,1790310518.241362,True,ENTRY_READY_SHADOW,0.22442,0.22513,0.3163710899206862,28160.1687527924,False,0.21645,4.59687877297322,0.22513270980121988,0.0012036606493515123,0.3153733398480796,2,4.431888809539004,0.22513513981502115,0.0022830431400278073,0.47306000977211937,2,6.649380497171649
DBR-EUR,2026-09-25T04:28:42.518461+00:00,1790310522.5184605,False,WAITING_SPREAD,0.021185,0.02139,0.9676658012744976,4760.497203631096,False,,,0.021495170203137997,0.491679304057957,0.9583917718560042,3,,0.021504438802055322,0.5350107622969835,1.4375876577840063,3,
DATAIP-EUR,2026-09-25T04:28:41.101436+00:00,1790310521.101436,True,ENTRY_READY_SHADOW,0.1975,0.1976,0.05063291139240089,36377.550706203314,False,0.1893,2.562788313685292,0.1976,0.0,0.05060728744938903,1,4.773530117015142,0.1976,0.0,0.07591093117408354,1,7.1602951755227195
NOM-EUR,2026-09-25T04:28:35.909332+00:00,1790310515.9093318,True,ENTRY_READY_SHADOW,0.0018545,0.0018569,0.12941493664060388,21397.46482020273,False,0.0017433,6.288682581786033,0.0018569,0.0,0.12924767084926403,1,6.6793779056048805,0.0018569,0.0,0.19387150627389604,1,10.019066858407314
PENGU-EUR,2026-09-25T04:28:40.130748+00:00,1790310520.1307476,False,WAITING_INSUFFICIENT_NET_RISK_REWARD,0.008485,0.0084942,0.10842663523866758,100291.0597284955,False,0.0082919,2.4057557378998577,0.0084942,0.0,0.10830919921830384,1,2.9656312968373726,0.0084942,0.0,0.16246379882745576,1,4.448446945256052
ACE-EUR,2026-09-25T04:28:43.008458+00:00,1790310523.0084581,False,WAITING_INSUFFICIENT_NET_RISK_REWARD,0.16373,0.16396,0.1404751725401665,56615.105759094935,False,0.16076,1.3164431197217976,0.16398040234215944,0.012443487533198017,0.1402781166138123,2,2.550399924707918,0.16398693437433465,0.016427405668850703,0.21041717492071843,2,3.831422399009938
EPIC-EUR,2026-09-25T04:28:42.016997+00:00,1790310522.0169973,False,WAITING_INSUFFICIENT_NET_RISK_REWARD,0.43992,0.44088,0.21822149481725006,19710.8300599518,False,0.43576,1.3253614622169687,0.4408800000088211,2.000799526058472e-09,0.21774632553076545,1,1.7526204921121575,0.44088333328293,0.0007560521978700052,0.3266194882961482,2,2.6300449290039865
AXS-EUR,2026-09-25T04:28:44.571261+00:00,1790310524.5712607,False,WAITING_INSUFFICIENT_NET_RISK_REWARD,0.9993,1.0001,0.08005603922747184,54751.4592223015,False,0.9737,2.2946859903381687,1.0003040383892965,0.020401798749780653,0.07999200079992219,2,3.241938439502519,1.0003693503963602,0.026932346401387086,0.11998800119988329,2,4.87238335420227
ACE-EUR,2026-09-25T04:48:21.280253+00:00,1790311701.2802527,True,ENTRY_READY_SHADOW,0.17055,0.17082,0.15831134564643357,61168.77377698373,False,0.16051,5.588200728640258,0.17084040224813268,0.011943711586859251,0.15806111696522462,2,6.608893551733942,0.17084693433254164,0.015767669208321955,0.23709167544783694,2,9.918696337582134
MOVR-EUR,2026-09-25T04:48:21.684871+00:00,1790311701.6848707,True,ENTRY_READY_SHADOW,0.8256,0.8273,0.20591085271317588,56624.943340642945,False,0.7816,4.596439892709103,0.8273,0.0,0.20548773117370356,1,6.089200545113712,0.8273,0.0,0.30823159676055534,1,9.133800817670561
ACE-EUR,2026-09-25T04:48:07.145463+00:00,1790311687.145463,True,ENTRY_READY_SHADOW,0.17079,0.17143,0.37472919960184203,59040.854087983906,False,0.16051,5.588200728640258,0.17145040224013608,0.011901207569309236,0.37333022224814716,2,6.941167920544331,0.17145693432898737,0.015711560979614347,0.5599953333722207,2,10.417069850852982
MOVR-EUR,2026-09-25T04:48:07.669938+00:00,1790311687.669938,True,ENTRY_READY_SHADOW,0.8224,0.8241,0.2067120622568197,56441.4107641496,False,0.7816,4.596439892709103,0.8241,0.0,0.20628564494600266,1,5.724542665905304,0.8241,0.0,0.309428467419004,1,8.586813998857963
VVV-EUR,2026-09-25T04:48:08.428544+00:00,1790311688.4285443,False,WAITING_INSUFFICIENT_NET_RISK_REWARD,27.2842,27.31,0.09456022166676181,22609.0629400498,False,26.7951,2.3825036603221084,27.31,0.0,0.09447088978395968,1,2.4723649033768424,27.31,0.0,0.14170633467593952,1,3.7085473550652353
PIXEL-EUR,2026-09-25T04:48:08.820085+00:00,1790311688.820085,False,WAITING_VISIBLE_DEPTH,0.0050059,0.005015,0.1817854931181362,55897.507474097794,False,,,0.005015000000001296,2.5845992013273644e-11,0.18145563310071333,1,,0.005015033332890224,0.00066466381303254,0.27218344965107,2,
SAGA-EUR,2026-09-25T04:48:19.120411+00:00,1790311699.1204107,False,WAITING_SPREAD,0.027763,0.027918,0.558297014011444,40421.50928498273,False,,,0.027918,0.0,0.5551973637079932,1,,0.027918,0.0,0.8327960455619898,1,
FLOKI-EUR,2026-09-25T04:48:10.861464+00:00,1790311690.8614638,False,WAITING_INSUFFICIENT_NET_RISK_REWARD,2.4815e-05,2.4853e-05,0.15313318557323985,130727.800390541,False,2.4535e-05,1.3530332838157961,2.4853e-05,0.0,0.15289904639279595,1,1.870123157081352,2.4853e-05,0.0,0.22934856958919392,1,2.8051847356219923
ETC-EUR,2026-09-25T04:48:09.257834+00:00,1790311689.2578344,False,WAITING_INSUFFICIENT_NET_RISK_REWARD,8.3077,8.3116,0.04694440097741115,60962.03403565341,False,8.2558,0.787231489259569,8.3116,0.0,0.04692237355021778,1,1.2655888612363668,8.3116,0.0,0.07038356032532667,1,1.8983832918545716
NIL-EUR,2026-09-25T04:48:17.964181+00:00,1790311697.964181,True,ENTRY_READY_SHADOW,0.10171,0.102053,0.3372333103923042,36775.711362603135,False,0.092922,7.75010435508557,0.102053,0.0,0.3360998696755657,1,9.492038372413845,0.10205304867104904,4.7691933646731854e-05,0.5041498045133486,2,14.238122306085359
REZ-EUR,2026-09-25T04:48:14.774968+00:00,1790311694.7749677,False,WAITING_VISIBLE_DEPTH,0.0033998,0.0034053,0.1617742220130447,27067.484584927548,False,,,0.0034053000000007715,2.2648549702353193e-11,0.16151293571784464,1,,0.0034053333326807688,0.00097884711387497,0.24226940357676696,2,
PROM-EUR,2026-09-25T04:48:14.011883+00:00,1790311694.0118833,False,WAITING_INSUFFICIENT_NET_RISK_REWARD,4.8518,4.8576,0.11954326229439705,18988.51576880851,False,4.7235,2.3397845912598423,4.8576,0.0,0.11940052700921688,1,3.342361348974393,4.857630334192293,0.00062446871487154,0.17910079051382533,2,5.014447412878582
LAPTOP-EUR,2026-09-25T04:48:16.368412+00:00,1790311696.3684123,False,WAITING_INSUFFICIENT_NET_RISK_REWARD,0.06393,0.06413,0.31284217112468315,26986.0613124398,False,0.0633,1.6687461010605138,0.06413,0.0,0.3118665211289673,1,1.8847575432228894,0.06413,0.0,0.46779978169345093,1,2.8271363148343482
KAITO-EUR,2026-09-25T05:01:52.648505+00:00,1790312512.6485054,False,WAITING_INSUFFICIENT_NET_RISK_REWARD,0.30393,0.30445,0.17109202776954824,34067.65085301924,False,0.29898,2.2247744052502076,0.30445,0.0,0.17079980292331598,1,2.3841881746610483,0.3044525530905514,0.0008385910827524157,0.25619970438497397,2,3.577510147934589
LSK-EUR,2026-09-25T05:01:53.824976+00:00,1790312513.8249764,False,WAITING_INSUFFICIENT_NET_RISK_REWARD,0.30712,0.30781,0.2246678822609871,30361.963451677984,False,0.29733,6.684205398031779,0.30781,0.0,0.2241642571716218,1,3.982583314625302,0.30781,0.0,0.3362463857574327,1,5.973874971937931
XAI-EUR,2026-09-25T05:01:55.677974+00:00,1790312515.6779735,False,WAITING_SPREAD,0.0081851,0.0082544,0.8466603951081897,33654.5297474108,False,,,0.008254534823695744,0.0016333554921477145,0.8395522388059629,3,,0.008254589881729344,0.002300369855401385,1.2593283582089443,3,
SAGA-EUR,2026-09-25T05:02:04.146935+00:00,1790312524.1469352,False,WAITING_STOP_GEOMETRY,0.027469,0.02747,0.00364046743601687,39550.29473068779,False,0.019598,50.184782608695635,0.02747,0.0,0.0036403349108149463,1,29.08353072542522,0.02747,0.0,0.0054605023662224195,1,43.62529608813783
DUSK-EUR,2026-09-25T05:01:58.206698+00:00,1790312518.206698,False,WAITING_VISIBLE_DEPTH,0.075601,0.075788,0.2473512255128707,59520.86932228142,False,,,0.07578800000043169,5.696110250141828e-10,0.2467409088509953,1,,0.0757883333304012,0.00043981949808813425,0.37011136327649297,2,
PARTI-EUR,2026-09-25T05:02:02.318244+00:00,1790312522.3182435,False,WAITING_INSUFFICIENT_NET_RISK_REWARD,0.022375,0.022434,0.263687150837999,41659.469085773126,False,0.022324,0.6622810916525905,0.022434,0.0,0.26299367032183163,1,1.085648142281343,0.022434,0.0,0.39449050548274744,1,1.628472213422043
SKY-EUR,2026-09-25T05:02:04.736277+00:00,1790312524.736277,False,WAITING_INSUFFICIENT_NET_RISK_REWARD,0.063745,0.063856,0.17413130441603641,57155.0368491053,False,0.063586,0.7887394198244704,0.063856,0.0,0.1738286143823653,1,1.018551146251113,0.063856,0.0,0.26074292157354795,1,1.5278267193766908
SEI-EUR,2026-09-25T05:01:59.332690+00:00,1790312519.33269,False,WAITING_INSUFFICIENT_NET_RISK_REWARD,0.054975,0.055023,0.08731241473396434,59580.071473143675,False,0.054102,2.656684414239243,0.05502351000436351,0.0009268930510897277,0.08723624666048257,2,2.2629919107752414,0.05502367333527268,0.0012237342069232326,0.13085436999072386,2,3.3949230463341564
TREAD-EUR,2026-09-25T05:22:22.371438+00:00,1790313742.3714378,False,WAITING_STOP_GEOMETRY,0.695,0.69501,0.0014388489208760902,11880.4876673728,False,0.57891,15.178440514940919,0.6953760609652437,0.05266988464105449,0.001438828218303101,3,17.24669887800323,0.6957594301858877,0.10783012991002483,0.0021582423274546514,4,25.938444950626547
VIRTUAL-EUR,2026-09-25T05:22:22.860356+00:00,1790313742.8603563,True,ENTRY_READY_SHADOW,0.66521,0.666,0.1187594894845434,44962.01661735861,False,0.63935,4.196660593207668,0.666,0.0,0.11861861861862666,1,4.575816708229411,0.666,0.0,0.17792792792794,1,6.863725062344116
BILL-EUR,2026-09-25T05:22:23.487230+00:00,1790313743.4872296,True,ENTRY_READY_SHADOW,0.012311,0.012326,0.12184225489400013,37965.342927996804,False,0.011803,2.1070897372335153,0.012326,0.0,0.12169398020444033,1,4.815933494998518,0.012328664085229762,0.021613542347576065,0.1825409703066605,2,7.254752547005154
SYN-EUR,2026-09-25T05:22:24.032789+00:00,1790313744.0327888,True,ENTRY_READY_SHADOW,0.196218,0.196721,0.25634753182683934,38571.16323864129,False,0.182392,9.09762024381992,0.196721,0.0,0.25569207151244777,1,7.838597861819849,0.196721,0.0,0.38353810726867166,1,11.757896792729781
DBR-EUR,2026-09-25T05:22:25.758638+00:00,1790313745.7586377,True,ENTRY_READY_SHADOW,0.021569,0.0216,0.1437247902081662,10427.616496798972,False,0.020575,7.551076753175042,0.02162151903033306,0.09962514043082571,0.14351851851851505,3,5.409471296182602,0.02162934035758111,0.13583498880143097,0.21527777777777257,3,8.165513882025692
MOVR-EUR,2026-09-25T05:22:27.398075+00:00,1790313747.398075,True,ENTRY_READY_SHADOW,0.8438,0.8478,0.4740459824603027,58708.048255364796,False,0.7799,8.908012559599953,0.8478506776801839,0.005977551330960118,0.47180938900683866,2,8.564770351355591,0.8478671178158705,0.007916703924348845,0.707714083510258,2,12.849814919437677
GRASS-EUR,2026-09-25T05:22:26.173133+00:00,1790313746.1731331,False,WAITING_INSUFFICIENT_NET_RISK_REWARD,0.39208,0.3928,0.18363599265456276,27270.94726573138,False,0.38337,1.9135220526409706,0.3928,0.0,0.18329938900203402,1,2.9846048257665103,0.3928,0.0,0.27494908350305103,1,4.476907238649773
LAPTOP-EUR,2026-09-25T05:22:26.831188+00:00,1790313746.8311884,False,WAITING_INSUFFICIENT_NET_RISK_REWARD,0.06423,0.06438,0.23353573096684954,27680.5350525763,False,0.06322,2.1047708138447208,0.06439678016099194,0.0260642450946591,0.2329916123019693,3,2.414711676704968,0.0643978534048865,0.027731290597232672,0.34948741845295395,3,3.624507025290029
QNT-EUR,2026-09-25T05:40:19.441326+00:00,1790314819.4413257,True,ENTRY_READY_SHADOW,84.743,84.865,0.14396469324899908,40689.55516751271,False,79.02,9.366332660600275,84.86588000751274,0.0010369498765649965,0.1437577328698536,2,7.445419296255608,84.86592000497079,0.0010840805641842977,0.2156365993047804,2,11.16819437608953
PHA-EUR,2026-09-25T05:39:58.030160+00:00,1790314798.0301602,True,ENTRY_READY_SHADOW,0.047595,0.047722,0.2668347515495384,14967.165072762908,False,0.043242,2.5542439572793665,0.047725742848083154,0.007843024355969064,0.26612463853149526,2,9.93685947497687,0.04773116066838222,0.019195902062407733,0.3991869577972429,2,14.920623406232039
AVA-EUR,2026-09-25T05:40:04.735268+00:00,1790314804.735268,False,WAITING_SPREAD,0.23031,0.23147,0.5036689679128292,52022.61091464366,False,,,0.23147,0.0,0.5011448567849075,1,,0.23147000000000004,2.220446049250313e-14,0.7517172851773612,1,
BICO-EUR,2026-09-25T05:40:09.892104+00:00,1790314809.892104,False,WAITING_INSUFFICIENT_NET_RISK_REWARD,0.019611,0.019635,0.12238029677222872,50368.447957773,False,0.019491,1.014167770869421,0.01963579507244387,0.004049261236938051,0.1222307104659981,3,1.331246479117354,0.019636196698532372,0.006094721326066477,0.18334606569899714,3,1.999896879139584
GRASS-EUR,2026-09-25T05:56:05.016813+00:00,1790315765.016813,True,ENTRY_READY_SHADOW,0.40115,0.40208,0.23183347874859983,25616.581632097394,False,0.38364,3.743061459218892,0.40208000001591593,3.958389171998533e-09,0.23129725427775139,1,5.156969522853444,0.40208333327806633,0.0008290086714879408,0.3469458814166271,2,7.736633654292149
DBR-EUR,2026-09-25T05:56:08.281063+00:00,1790315768.2810633,False,WAITING_SPREAD,0.022187,0.022404,0.978050209582193,6912.848988438808,False,,,0.022528923468759374,0.5575944865174653,0.9685770398143223,3,,0.022533946738098908,0.5800157922643656,1.4528655597214835,3,
FET-EUR,2026-09-25T05:56:05.834442+00:00,1790315765.834442,True,ENTRY_READY_SHADOW,0.20348,0.20366,0.08846078238649024,54117.078509576066,False,0.19533,2.8973304937843567,0.20366,0.0,0.08838259844839991,1,4.663935112136187,0.20366,0.0,0.13257389767259986,1,6.995902668204252
AVA-EUR,2026-09-25T05:56:07.890280+00:00,1790315767.8902798,False,WAITING_INSUFFICIENT_NET_RISK_REWARD,0.22781,0.22866,0.3731179491681669,50785.29759334463,False,0.22494,2.2820133878118773,0.22866,0.0,0.37173095425522273,1,2.2153911338159276,0.22866,0.0,0.5575964313828341,1,3.3230867007239056
DYM-EUR,2026-09-25T05:56:12.577270+00:00,1790315772.5772698,False,WAITING_INSUFFICIENT_NET_RISK_REWARD,0.017335,0.0174,0.3749639457744314,27396.178987486295,False,0.016979,1.7755928282244169,0.017402040220706013,0.01172540635641095,0.3735632183908044,2,3.0146915104850223,0.017402693431428574,0.01547949096882828,0.5603448275862066,2,4.527497786280236
ASTER-EUR,2026-09-25T05:56:07.464747+00:00,1790315767.4647467,False,WAITING_INSUFFICIENT_NET_RISK_REWARD,0.62437,0.62502,0.10410493777728291,39815.6940653043,False,0.6205,0.3363318903783211,0.62502,0.0,0.10399667210649888,1,1.3171047853151805,0.62502,0.0,0.15599500815974832,1,1.9756571779727778
WAXP-EUR,2026-09-25T05:56:06.650205+00:00,1790315766.6502051,False,WAITING_SPREAD,0.005268,0.0053094,0.785876993166279,12418.519605291476,False,,,0.0053094,0.0,0.7797491241948173,1,,0.0053094,0.0,1.169623686292226,1,
WMTX-EUR,2026-09-25T05:56:06.922806+00:00,1790315766.9228058,False,WAITING_SPREAD,0.020261,0.020386,0.6169488179260663,6281.8539518056,False,,,0.020386298301369975,0.0014632658195568027,0.6131658981654131,2,,0.020386532195546207,0.0026105932807052312,0.9197488472481197,2,
CHILLGUY-EUR,2026-09-25T05:56:12.054903+00:00,1790315772.0549026,False,WAITING_INSUFFICIENT_NET_RISK_REWARD,0.011602,0.0116268,0.21375624892259193,56536.36245206574,False,0.0114477,0.9938484359321156,0.011626870018785596,0.0006022188873577861,0.21330030618914586,2,2.1300348522290165,0.01162688001250655,0.0006881730704177969,0.3199504592837188,2,3.195178462468647
AAVE-EUR,2026-09-25T05:56:10.745536+00:00,1790315770.7455363,False,WAITING_INSUFFICIENT_NET_RISK_REWARD,127.65,127.72,0.05483744614178665,92185.0068303918,False,126.81,1.3937827891316272,127.72000000000001,2.220446049250313e-14,0.05480739116817679,1,1.3064879103525016,127.71999999999998,-1.1102230246251565e-14,0.08221108675226518,1,1.9597318655287381
VIRTUAL-EUR,2026-09-25T06:19:30.079435+00:00,1790317170.0794353,True,ENTRY_READY_SHADOW,0.67133,0.67234,0.15044761890576908,49479.99495721908,False,0.64586,3.3435291635903286,0.67234,0.0,0.15022161406432755,1,4.513175720009244,0.67234,0.0,0.22533242109649132,1,6.7697635800138585
PHA-EUR,2026-09-25T06:19:17.960912+00:00,1790317157.9609122,False,WAITING_STOP_GEOMETRY,0.049326,0.049464,0.27977131735799077,23227.59641742061,False,0.043106,11.060652551907543,0.04946489327378688,0.0018059068956688407,0.2789907811741821,2,13.376712981766133,0.04946492884914009,0.0018778286027920643,0.4184861717612731,2,20.065162922314556
AERO-EUR,2026-09-25T06:19:21.536691+00:00,1790317161.536691,True,ENTRY_READY_SHADOW,0.63275,0.6334,0.10272619517976977,30324.556824658404,False,0.61073,3.1390560658853435,0.6334,0.0,0.10262077676033154,1,4.1559391976326765,0.6334,0.0,0.15393116514049732,1,6.233908796448986
ACE-EUR,2026-09-25T06:19:24.089038+00:00,1790317164.089038,True,ENTRY_READY_SHADOW,0.17065,0.17096,0.18165836507471056,33315.75065224976,False,0.16329,5.42989070080076,0.1709804022462924,0.011933929745211458,0.18132896583996638,2,5.069172655781685,0.1709869343317237,0.015754756506614065,0.2719934487599496,2,7.609198840320346
PYTH-EUR,2026-09-25T06:19:22.854970+00:00,1790317162.8549697,False,WAITING_INSUFFICIENT_NET_RISK_REWARD,0.060069,0.060208,0.2314005560272392,25404.244823744608,False,0.059323,1.716174906964379,0.06020929396040467,0.0021491502868009604,0.23086633005581225,3,2.061469775131215,0.06020952930509661,0.002540036368281484,0.3462994950837184,3,3.09277889023582
DUSK-EUR,2026-09-25T06:19:23.273445+00:00,1790317163.2734451,True,ENTRY_READY_SHADOW,0.077054,0.077247,0.25047369377320106,51655.46129459701,False,0.07448,2.910640968644585,0.077247,0.0,0.24984789053296153,1,4.158840926345434,0.077247,0.0,0.3747718357994423,1,6.238261389518129
AXS-EUR,2026-09-25T06:42:40.345398+00:00,1790318560.3453977,True,ENTRY_READY_SHADOW,1.0392,1.0408,0.15396458814473934,49095.71252736133,False,0.9851,5.748560460652597,1.0408,0.0,0.1537279016141424,1,5.917890443951606,1.0408,0.0,0.2305918524212136,1,8.876835665927388
ALICE-EUR,2026-09-25T06:42:41.424210+00:00,1790318561.42421,True,ENTRY_READY_SHADOW,0.13589,0.13646,0.4194569136801718,58217.20989063835,False,0.13122,3.4030249110320163,0.13646,0.0,0.417704821925835,1,4.415234776900618,0.13646,0.0,0.6265572328887525,1,6.622852165350935
DEEP-EUR,2026-09-25T06:42:42.978764+00:00,1790318562.978764,False,WAITING_INSUFFICIENT_NET_RISK_REWARD,0.018583,0.01863,0.2529193348759673,54963.7729283727,False,0.018028,3.5621901271825926,0.01863,0.0,0.25228126677403484,1,3.8102699772308313,0.01863,0.0,0.37842190016105226,1,5.715404965846261
AERO-EUR,2026-09-25T06:42:41.861091+00:00,1790318561.8610907,False,WAITING_INSUFFICIENT_NET_RISK_REWARD,0.63238,0.63307,0.1091116101078482,30276.014084993458,False,0.61551,2.783340955324609,0.63307,0.0,0.10899268643277393,1,3.35544496444453,0.63307,0.0,0.1634890296491609,1,5.033167446666795
STRK-EUR,2026-09-25T06:42:43.634003+00:00,1790318563.6340027,False,WAITING_INSUFFICIENT_NET_RISK_REWARD,0.034248,0.034342,0.2744685821069792,64234.64817278041,False,0.034141,0.7727840562447411,0.034342,0.0,0.2737173140760496,1,1.1800419965170477,0.034342,0.0,0.4105759711140744,1,1.7700629947755715
DUSK-EUR,2026-09-25T06:42:43.327854+00:00,1790318563.327854,False,WAITING_VISIBLE_DEPTH,0.076534,0.076748,0.279614289074126,58939.26233457428,False,,,0.07674800000005118,6.66799948589869e-11,0.27883462761243427,1,,0.07674833333043787,0.00043431807719152005,0.4182519414186514,2,
CHILLGUY-EUR,2026-09-25T06:42:42.208745+00:00,1790318562.2087455,False,WAITING_INSUFFICIENT_NET_RISK_REWARD,0.0115482,0.011577,0.2493895152491321,55838.118393184246,False,0.0114476,1.2242540240884892,0.011577,0.0,0.2487691111687007,1,1.7093009120112157,0.011577,0.0,0.37315366675305106,1,2.5639513680168307
G-EUR,2026-09-25T07:01:21.561835+00:00,1790319681.5618353,False,WAITING_INSUFFICIENT_NET_RISK_REWARD,0.0050612,0.0050741,0.2548802655496729,63793.10484267911,False,0.0049509,1.7097068507279112,0.005074106069520308,0.00011961767225621145,0.2542322776452943,2,3.0118614537846184,0.00507430403089912,0.004021026371581193,0.3813484164679415,2,4.523467807970292
ALIGN-EUR,2026-09-25T07:01:18.512536+00:00,1790319678.5125358,False,WAITING_INSUFFICIENT_NET_RISK_REWARD,0.005609,0.005622,0.23177036904973303,27531.7136749393,False,0.005534,2.4403089887640492,0.005642822933637315,0.370383024498655,0.23123443614372352,2,2.515236288914636,0.005643881558401406,0.38921306299191105,0.3468516542155853,2,3.8002823082975965
AXS-EUR,2026-09-25T07:09:52.581806+00:00,1790320192.5818057,True,ENTRY_READY_SHADOW,1.055,1.0563,0.12322274881517714,35112.168733347426,False,0.9837,6.598697252902867,1.0565734337914234,0.025885997483987566,0.12307109722617948,2,7.454139906618337,1.056582289045846,0.026724325082461142,0.18460664583926922,2,11.18237330523425
QNT-EUR,2026-09-25T07:09:33.919430+00:00,1790320173.9194298,False,WAITING_STOP_GEOMETRY,91.169,91.25,0.08884598931655496,47086.587676415824,False,81.13,11.130370602312635,91.25,0.0,0.08876712328766967,1,11.622316455436732,91.2668384923581,0.01845314231025963,0.1331506849315045,2,17.45793285942551
SAND-EUR,2026-09-25T07:09:35.491156+00:00,1790320175.4911556,True,ENTRY_READY_SHADOW,0.039597,0.039663,0.1666792938858963,60181.38573988147,False,0.037872,4.153217671979009,0.03966641003683333,0.008597526241915787,0.1664019363134317,2,5.094942869104514,0.03966660668927233,0.009093334524190588,0.24960290447014755,2,7.64312006018028
MANTRA-EUR,2026-09-25T07:09:37.815574+00:00,1790320177.8155737,False,WAITING_INSUFFICIENT_NET_RISK_REWARD,0.004116,0.004122,0.1457725947521915,99527.24044572619,False,0.00402,2.8964518464880595,0.004122,0.0,0.14556040756913413,1,3.057977327423771,0.004122,0.0,0.2183406113537012,1,4.586965991135685
NOM-EUR,2026-09-25T07:09:38.413344+00:00,1790320178.413344,True,ENTRY_READY_SHADOW,0.0018953,0.0018983,0.1582862871313262,24033.31154212331,False,0.0018195,4.978007761966368,0.0018983,0.0,0.15803613759679536,1,4.724502879134661,0.0018983,0.0,0.23705420639519303,1,7.086754318701992
ICX-EUR,2026-09-25T07:09:42.532866+00:00,1790320182.5328655,False,WAITING_DEPTH_SLIPPAGE,0.01152,0.011565,0.390625,4735.741381875472,False,,,0.01167394915635054,0.9420592853483623,0.3891050583657574,6,,0.011685277409227838,1.04001218528178,0.5836575875486361,6,
POL-EUR,2026-09-25T07:09:39.557767+00:00,1790320179.5577672,False,WAITING_INSUFFICIENT_NET_RISK_REWARD,0.095324,0.095485,0.16889765431580273,66688.81256403838,False,0.094811,0.8075721643560798,0.09548590134537088,0.0009439654091059069,0.1686128711315904,2,1.300833183754861,0.0954859342302246,0.0009784052202865823,0.2529193066973856,2,1.9513007628434877
MORPHO-EUR,2026-09-25T07:09:42.916839+00:00,1790320182.9168394,False,WAITING_INSUFFICIENT_NET_RISK_REWARD,2.4542,2.45985,0.23021758617878252,32446.630267483117,False,2.44376,1.139233813403185,2.45985,0.0,0.2296888021627197,1,1.2484460779266868,2.45985,0.0,0.34453320324407954,1,1.8726691168900516
UNI-EUR,2026-09-25T07:09:44.631652+00:00,1790320184.6316524,False,WAITING_INSUFFICIENT_NET_RISK_REWARD,7.9709,7.9761,0.06523730068122013,45512.43822921653,False,7.9267,1.048990487648976,7.976100000000001,2.220446049250313e-14,0.0651947693735,1,1.2138993828851596,7.976099999999999,-1.1102230246251565e-14,0.09779215406024999,1,1.8208490743276968
LDO-EUR,2026-09-25T07:23:31.093607+00:00,1790321011.0936067,True,ENTRY_READY_SHADOW,0.3965,0.3968,0.07566204287514644,27909.997752533916,False,0.38027,2.2295199733176054,0.3970796777127438,0.07048329454228952,0.07560483870966417,3,4.806254425559956,0.39708978462729805,0.07303040002470951,0.11340725806449625,3,7.213016011811106
VIRTUAL-EUR,2026-09-25T07:23:31.549373+00:00,1790321011.5493727,False,WAITING_INSUFFICIENT_NET_RISK_REWARD,0.67769,0.67805,0.05312163378536905,96946.44809815317,False,0.65919,1.9336481594589345,0.67805,0.0,0.053093429688078064,1,3.3631196729803463,0.67805,0.0,0.0796401445321171,1,5.044679509470512
WMTX-EUR,2026-09-25T07:23:32.968879+00:00,1790321012.9688792,False,WAITING_STOP_GEOMETRY,0.020913,0.020982,0.32993831588006284,1464.9137527186,False,0.016403,18.055415107695424,0.021014342156482214,0.15414239101236848,0.32885330283100034,2,22.41076015968048,0.021014894741925447,0.15677600765153787,0.4932799542465005,2,33.61920054638978
ONDO-EUR,2026-09-25T07:23:34.662296+00:00,1790321014.662296,True,ENTRY_READY_SHADOW,0.48907,0.48908,0.0020446970781407003,55716.52796464443,False,0.46192,5.469528395881775,0.48908,0.0,0.0020446552711272936,1,6.1183153182717405,0.4890990039619726,0.003885655101942831,0.0030669829066909404,2,9.182944642503543
PIXEL-EUR,2026-09-25T07:23:40.606829+00:00,1790321020.6068292,False,WAITING_VISIBLE_DEPTH,0.0049157,0.0049264,0.21766991476290798,53676.94895075177,False,,,0.004926400000002423,4.9182879990894435e-11,0.21719714192919293,1,,0.004926433332882256,0.0006766174540429049,0.3257957128937894,2,
KMNO-EUR,2026-09-25T07:23:33.680244+00:00,1790321013.6802442,False,WAITING_INSUFFICIENT_NET_RISK_REWARD,0.032576,0.03259,0.042976424361484966,114826.10588566463,False,0.03205,1.2995431534757522,0.03259230790539756,0.007081636690897675,0.042957962565204344,2,2.2522137162516316,0.032595389330443016,0.01653676110160429,0.06443694384780652,4,3.392181544424716
REZ-EUR,2026-09-25T07:23:37.594177+00:00,1790321017.5941768,False,WAITING_INSUFFICIENT_NET_RISK_REWARD,0.0033935,0.0034005,0.20627670546633503,28084.922939615593,False,0.0033678,0.8148563668034607,0.0034005,0.0,0.20585208057638527,1,1.5541247014796369,0.0034005000000000003,2.220446049250313e-14,0.3087781208645779,1,2.3311870522194624
TREAD-EUR,2026-09-25T07:42:14.450547+00:00,1790322134.4505465,False,WAITING_SPREAD,0.75001,0.77697,3.5946187384168438,11375.6875547384,False,,,0.7769700000000002,2.220446049250313e-14,3.469889442320817,1,,0.77697,0.0,5.204834163481226,1,
SAGA-EUR,2026-09-25T07:42:15.209304+00:00,1790322135.2093039,True,ENTRY_READY_SHADOW,0.030564,0.030629,0.21266849888756933,38195.368219958895,False,0.027597,10.441780368260694,0.030629,0.0,0.21221717979692523,1,10.438147692898411,0.030629330415096523,0.001078765537632087,0.31832576969538784,2,15.658670767310184
ICX-EUR,2026-09-25T07:42:14.741699+00:00,1790322134.741699,False,WAITING_STOP_GEOMETRY,0.0128,0.012836,0.28124999999998845,39045.323709322955,False,0.011113,10.20866773675763,0.012836,0.0,0.2804612028669329,1,13.94113436803751,0.012897843603844817,0.4817980978873315,0.4206918043003993,4,21.53066436750214
ARK-EUR,2026-09-25T07:42:15.585857+00:00,1790322135.5858574,False,WAITING_STOP_GEOMETRY,0.18137,0.18175,0.20951645806912556,67209.60406193526,False,0.15889,9.374648520976264,0.18175,0.0,0.20907840440164138,1,13.100724269107133,0.18175152969685673,0.0008416488895379715,0.3136176066024621,2,19.652183474611036
NIL-EUR,2026-09-25T07:42:20.053010+00:00,1790322140.0530095,False,WAITING_STOP_GEOMETRY,0.099454,0.099729,0.27650974319786137,39765.61914924148,False,0.089085,13.307936507936514,0.09973318416954276,0.004195539454676656,0.2757472751155565,2,11.21105193110509,0.0997334561115455,0.0044682204228374545,0.4136209126733348,2,16.816941046276156
BEAM-EUR,2026-09-25T07:42:18.497215+00:00,1790322138.4972146,False,WAITING_INSUFFICIENT_NET_RISK_REWARD,0.0017853,0.0017917,0.3584831680949918,29067.985442516398,False,0.0017613,0.5696559503666027,0.0017917,0.0,0.35720265669475504,1,2.2848163260988343,0.0017917,0.0,0.5358039850421326,1,3.427224489148273
GALA-EUR,2026-09-25T07:42:16.616866+00:00,1790322136.616866,False,WAITING_INSUFFICIENT_NET_RISK_REWARD,0.0017798,0.0017819,0.11799078548151432,60728.41655125142,False,0.0017625,2.4745593060112356,0.0017819040879656434,0.00022941610884341657,0.1178517312980576,2,1.6806920942033798,0.0017820360390987365,0.007634496814423741,0.1767775969470864,2,2.531958243759618
MIOTA-EUR,2026-09-25T07:42:18.144928+00:00,1790322138.1449277,False,WAITING_INSUFFICIENT_NET_RISK_REWARD,0.042094,0.042165,0.16867011925689734,54513.40088473112,False,0.041822,1.3685078318219412,0.042165,0.0,0.16838610221748818,1,1.4068586271780532,0.042165,0.0,0.25257915332623226,1,2.11028794076708
EIGEN-EUR,2026-09-25T07:42:16.309487+00:00,1790322136.3094873,False,WAITING_INSUFFICIENT_NET_RISK_REWARD,0.20819,0.20864,0.21614871031270244,49887.40351277782,False,0.20623,0.9208633093525073,0.20864,0.0,0.2156825153374231,1,1.7464436230168303,0.20864,0.0,0.32352377300613466,1,2.6196654345252455
TREAD-EUR,2026-09-25T07:57:49.323808+00:00,1790323069.323808,False,WAITING_STOP_GEOMETRY,0.75831,0.76093,0.3455051364217754,9301.4804591865,False,0.6112,19.838876154475145,0.76093,0.0,0.3443155086538807,1,20.157771499785355,0.76093,0.0,0.5164732629808211,1,30.236657249678032
NIL-EUR,2026-09-25T07:57:49.793421+00:00,1790323069.7934206,False,WAITING_STOP_GEOMETRY,0.101218,0.101468,0.2469916418028406,32545.972857255296,False,0.088918,11.771247021445596,0.1014687443505061,0.000733581529233085,0.24638309614853915,2,12.89333010840808,0.10146882956686093,0.000817565006627774,0.3695746442228087,2,19.34010489453061
DYM-EUR,2026-09-25T07:57:50.269268+00:00,1790323070.269268,False,WAITING_INSUFFICIENT_NET_RISK_REWARD,0.01732,0.017392,0.41570438799076737,23170.377549673554,False,0.016909,2.5250758105901525,0.017392040901243452,0.0002351727429239503,0.413983440662391,2,3.3590061970566154,0.017393360400583036,0.007821990472822726,0.6209751609935865,2,5.0495063994708005
ALLO-EUR,2026-09-25T07:57:54.446271+00:00,1790323074.4462707,False,WAITING_INSUFFICIENT_NET_RISK_REWARD,0.252845,0.253574,0.2883189305701306,56260.374455410594,False,0.250491,0.661912438553731,0.253574,0.0,0.28749004235451014,1,1.806799332404779,0.253574,0.0,0.4312350635317652,1,2.7101989986071544
WAXP-EUR,2026-09-25T07:57:56.726727+00:00,1790323076.7267272,False,WAITING_SPREAD,0.0052796,0.0053393,1.130767482385031,13419.01007958404,False,,,0.005339300000000001,2.220446049250313e-14,1.118124098664619,1,,0.0053393,0.0,1.6771861479969286,1,
ACU-EUR,2026-09-25T08:20:25.490687+00:00,1790324425.4906874,True,ENTRY_READY_SHADOW,0.11439,0.11449,0.08742022904097979,81484.1814928602,False,0.10957,3.382961853581179,0.11449780562573962,0.0068177358193866056,0.08734387282731682,2,4.876349290678121,0.11449853707448084,0.007456611477718589,0.13101580924097522,2,7.315435450823628
SEI-EUR,2026-09-25T08:20:25.926079+00:00,1790324425.9260786,True,ENTRY_READY_SHADOW,0.05812,0.058147,0.046455609084650185,38263.40541629539,False,0.054507,4.664260431378697,0.058147,0.0,0.04643403786953604,1,6.820799880018583,0.058147,0.0,0.06965105680430406,1,10.231199820027882
PEAQ-EUR,2026-09-25T08:20:32.409427+00:00,1790324432.409427,False,WAITING_DEPTH_SLIPPAGE,0.038,0.038061,0.16052631578946652,10976.510093553263,False,,,0.038286183731666944,0.5916390312050268,0.16026904180131973,4,,0.03829399651154167,0.6121660270136609,0.2404035627019796,5,
CVC-EUR,2026-09-25T08:20:31.475831+00:00,1790324431.475831,False,WAITING_INSUFFICIENT_NET_RISK_REWARD,0.02627,0.02634,0.2664636467453185,16197.10011320725,False,0.025842,1.6389702247404678,0.02634,0.0,0.26575550493544986,1,2.4776039968415944,0.026340000000000002,2.220446049250313e-14,0.3986332574031748,1,3.71640599526242
FARTCOIN-EUR,2026-09-25T08:39:36.488442+00:00,1790325576.4884424,True,ENTRY_READY_SHADOW,0.16534,0.16556,0.13305915084069753,75186.9573686436,False,0.15951,2.370478983382206,0.16556510014506712,0.0030805418380630556,0.13288233872917887,2,4.233607007204483,0.16556673339782096,0.0040670438638201745,0.1993235080937683,2,6.351827559285056
AERO-EUR,2026-09-25T08:39:25.650909+00:00,1790325565.6509092,True,ENTRY_READY_SHADOW,0.65759,0.6583,0.1079700117094129,26819.08951307675,False,0.62742,4.0806997226708805,0.6583,0.0,0.1078535622056842,1,5.261061450884412,0.6583,0.0,0.1617803433085263,1,7.891592176326611
ZK-EUR,2026-09-25T08:39:25.939782+00:00,1790325565.9397817,True,ENTRY_READY_SHADOW,0.010748,0.010763,0.13956084852995154,109025.09582690417,False,0.010368,3.645640074211496,0.010763,0.0,0.13936634767257594,1,4.246279034366125,0.010763,0.0,0.2090495215088639,1,6.369418551549188
XAI-EUR,2026-09-25T08:39:29.406101+00:00,1790325569.4061007,True,ENTRY_READY_SHADOW,0.0082602,0.008298,0.4576160383525707,57275.24011722481,False,0.0078056,4.425004556223805,0.008298,0.0,0.45553145336224565,1,6.496714179843224,0.008298,0.0,0.6832971800433685,1,9.74507126976485
CC-EUR,2026-09-25T08:39:32.887084+00:00,1790325572.8870835,False,WAITING_INSUFFICIENT_NET_RISK_REWARD,0.10393,0.104,0.06735302607523419,85891.482009464,False,0.10196,1.8313253012048316,0.104,0.0,0.06730769230769429,1,2.548057836178785,0.104,0.0,0.10096153846154143,1,3.822086754268156
ENA-EUR,2026-09-25T08:39:30.453422+00:00,1790325570.4534216,False,WAITING_INSUFFICIENT_NET_RISK_REWARD,0.19576,0.19581,0.02554147936248974,56993.626761288426,False,0.19159,2.38252476504953,0.19581526164074464,0.002687115440802579,0.025534957356632138,2,2.7431248881708967,0.19581684106835032,0.003493727771974875,0.038302436034948206,2,4.115864020067448
BCH-EUR,2026-09-25T08:39:31.341579+00:00,1790325571.3415794,False,WAITING_INSUFFICIENT_NET_RISK_REWARD,294.19,294.41,0.07478160372549336,105537.9465959308,False,289.43,1.5417006248301968,294.41,0.0,0.07472572263171884,1,2.2796534105448245,294.41001496481204,5.0829835895882525e-06,0.11208858394757826,2,3.419487566480626
CAP-EUR,2026-09-25T08:39:32.579300+00:00,1790325572.5792997,False,WAITING_INSUFFICIENT_NET_RISK_REWARD,0.0448975,0.044995,0.21716131187705656,127975.30804791918,False,0.0437971,2.693111111111115,0.044995,0.0,0.21669074341593708,1,3.2446228738632215,0.044995,0.0,0.3250361151239056,1,4.866934310794846
GRASS-EUR,2026-09-25T08:56:33.812339+00:00,1790326593.8123393,True,ENTRY_READY_SHADOW,0.41949,0.42045,0.22884931702782385,27512.0579349194,False,0.39962,5.331244510906971,0.4204500000097292,2.3139934413052288e-09,0.2283267927220889,1,5.522831275768198,0.4204533332804809,0.0007927887931691302,0.34249018908313333,2,8.285370408074698
ICP-EUR,2026-09-25T08:56:37.573239+00:00,1790326597.5732386,True,ENTRY_READY_SHADOW,2.8142,2.8183,0.14568971643804662,49127.25449012965,False,2.695,4.5131899565632,2.8183,0.0,0.14547777028703912,1,4.947058691843267,2.8183,0.0,0.21821665543055868,1,7.420588037764901
MORPHO-EUR,2026-09-25T08:56:26.176469+00:00,1790326586.1764688,True,ENTRY_READY_SHADOW,2.54796,2.55341,0.21389660748207806,22297.19235023493,False,2.44016,4.40009533149181,2.5534497136204686,0.0015553170258142401,0.213440066420989,2,5.008443151594804,2.55414742841659,0.02888014132436112,0.3201600996314835,3,7.5515879003357895
ARX-EUR,2026-09-25T08:56:23.538381+00:00,1790326583.5383813,False,WAITING_SPREAD,0.21905,0.22052,0.6710796621775872,28441.4610569833,False,,,0.22052,0.0,0.6666062035189602,1,,0.22052,0.0,0.9999093052784402,1,
ICX-EUR,2026-09-25T08:56:24.458288+00:00,1790326584.458288,False,WAITING_SPREAD,0.012765,0.01286,0.7442224833529076,11755.616237314423,False,,,0.013145034735502102,2.2164442885078017,0.738724727838258,9,,0.013222434155999623,2.818306034211693,1.108087091757387,9,
FUEL-EUR,2026-09-25T08:56:25.065068+00:00,1790326585.0650685,False,WAITING_SPREAD,0.0008708,0.0009263,6.373449701423972,7542.1350604502,False,,,0.0009263,0.0,5.991579401921621,1,,0.0009263154242936649,0.0016651509948006904,8.98736910288243,2,
PHA-EUR,2026-09-25T08:56:28.409700+00:00,1790326588.4096997,True,ENTRY_READY_SHADOW,0.050553,0.050665,0.22154966075207394,20312.303096935902,False,0.047387,6.890608089148989,0.050665782156321636,0.0015437803644102743,0.22105990328629144,2,7.030932515444022,0.050665854770672945,0.0016871028776233032,0.33158985492943716,2,10.546598638200123
MANTA-EUR,2026-09-25T08:56:26.692829+00:00,1790326586.6928291,False,WAITING_INSUFFICIENT_NET_RISK_REWARD,0.061347,0.061486,0.22657994685966187,58068.988282187296,False,0.060487,1.5238497942721467,0.06148600000005809,9.447997939560082e-11,0.22606772273363607,2,2.2132942739221733,0.061486333329757906,0.0005421230164781576,0.3391015841004541,2,3.3207365927920023
JASMY-EUR,2026-09-25T09:16:56.474998+00:00,1790327816.4749978,True,ENTRY_READY_SHADOW,0.0040367,0.0040444,0.19074986994327414,68175.76509690081,False,0.0038458,5.105060668836938,0.0040444,0.0,0.19038670754624176,1,5.479370644203456,0.0040444,0.0,0.28558006131936264,1,8.219055966305206
KMNO-EUR,2026-09-25T09:16:46.852952+00:00,1790327806.8529515,True,ENTRY_READY_SHADOW,0.033867,0.033888,0.06200726370804155,115803.22085206257,False,0.03244,3.851610996157253,0.033888,0.0,0.061968838526915704,1,4.845590520864974,0.033888,0.0,0.09295325779037356,1,7.268385781297468
NEAR-EUR,2026-09-25T09:16:47.138074+00:00,1790327807.1380742,True,ENTRY_READY_SHADOW,4.1531,4.1556,0.06019599817002064,54426.477055223455,False,3.9084,5.847896830179581,4.1556,0.0,0.06015978438732583,1,6.511266088316589,4.1556,0.0,0.09023967658098875,1,9.76689913247489
SAGA-EUR,2026-09-25T09:16:45.803529+00:00,1790327805.803529,False,WAITING_STOP_GEOMETRY,0.032596,0.032631,0.10737513805374466,43129.37189061314,False,0.028866,9.559209105771309,0.032632247940163624,0.0038244006117515994,0.10725996751554945,3,12.070697832783196,0.032632498622924166,0.0045926356046832595,0.16088995127332417,3,18.107059958144248
AIXBT-EUR,2026-09-25T09:16:47.462307+00:00,1790327807.4623067,True,ENTRY_READY_SHADOW,0.020462,0.020505,0.2101456358127196,60696.07255081063,False,0.019633,5.20574628682737,0.020505040764472803,0.00019880259840565628,0.20970495001217948,2,4.825623392512114,0.020506360339787554,0.00663418574764485,0.3145574250182692,2,7.2476217330010115
JASMY-EUR,2026-09-25T09:16:47.976460+00:00,1790327807.9764597,True,ENTRY_READY_SHADOW,0.0040376,0.0040456,0.19813750743016278,68044.30341357831,False,0.0038458,5.105060668836938,0.0040456,0.0,0.19774569903104888,1,5.507407216090655,0.0040456,0.0,0.2966185485465733,1,8.261110824135983
KAS-EUR,2026-09-25T09:16:48.988189+00:00,1790327808.9881887,True,ENTRY_READY_SHADOW,0.036424,0.036447,0.06314517900285477,58781.71358237073,False,0.034774,4.908916586768922,0.036447,0.0,0.06310533102862337,1,5.161020036130779,0.036447,0.0,0.09465799654293505,1,7.741530054196147
VVV-EUR,2026-09-25T09:16:46.128240+00:00,1790327806.12824,True,ENTRY_READY_SHADOW,28.2864,28.322,0.1258555348153223,32869.561404632,False,27.1487,3.9064843405381544,28.322,0.0,0.12569733775862346,1,4.716186295260343,28.322,0.0,0.1885460066379352,1,7.074279442890543
LINK-EUR,2026-09-25T09:16:49.305070+00:00,1790327809.3050704,True,ENTRY_READY_SHADOW,12.1639,12.1681,0.03452839960869092,48323.195018585204,False,11.6991,4.455417026704532,12.168186175575965,0.0007082089723553509,0.034516481619983885,2,4.430212885526245,12.168190783713818,0.0007460796165092987,0.05177472242997583,2,6.645373617225346
ZAMA-EUR,2026-09-25T09:37:14.861353+00:00,1790329034.8613532,True,ENTRY_READY_SHADOW,0.080536,0.080713,0.21977749081156794,78357.38290129679,False,0.075567,6.166528449951109,0.080713,0.0,0.2192955286013376,1,6.935788380201103,0.080713,0.0,0.3289432929020064,1,10.403682570301669
SUI-EUR,2026-09-25T09:37:12.274465+00:00,1790329032.2744653,True,ENTRY_READY_SHADOW,0.91309,0.91332,0.025189192741148503,45319.08115069294,False,0.88013,3.490936885782916,0.9133200000711769,7.793188316895794e-09,0.025182849384663974,1,4.210508496785707,0.9133233333090027,0.0003649661676874416,0.03777427407699596,2,6.31628713092141
SYN-EUR,2026-09-25T09:37:16.418518+00:00,1790329036.4185176,True,ENTRY_READY_SHADOW,0.192658,0.193104,0.2314983026918238,37504.871411532746,False,0.184057,2.8126215735960516,0.19310400000000003,2.220446049250313e-14,0.2309636258182146,1,5.255266092319545,0.193104,0.0,0.3464454387273219,1,7.882899138479303
WLD-EUR,2026-09-25T09:37:14.053143+00:00,1790329034.0531428,True,ENTRY_READY_SHADOW,0.39483,0.39494,0.02786009168502801,42244.72534717423,False,0.38069,3.7328888215386207,0.3949405984638922,0.00015153286376801134,0.027852331999800306,2,4.18495669141916,0.3949503984895498,0.0026329289385174093,0.04177849799970046,2,6.281001269317898
XRP-EUR,2026-09-25T09:37:14.492552+00:00,1790329034.492552,False,WAITING_INSUFFICIENT_NET_RISK_REWARD,1.36621,1.36622,0.0007319518961157456,282476.2020107892,False,1.32981,2.450062878366912,1.36622,0.0,0.0007319465386346202,1,3.247328128639765,1.36622,0.0,0.0010979198079519303,1,4.870992192959619
TAO-EUR,2026-09-25T09:37:12.720417+00:00,1790329032.720417,True,ENTRY_READY_SHADOW,268.07,268.15,0.029842951467884404,59675.25719846,False,258.15,3.641227613881256,268.1587946205869,0.0032797391709582513,0.029834048107391098,2,4.308338377576263,268.1591964125205,0.003429577669411543,0.04475107216108665,2,6.462722633411886
ZIG-EUR,2026-09-25T09:37:16.642187+00:00,1790329036.6421874,False,WAITING_SPREAD,0.04577,0.046019,0.5440244701769625,38523.5768605128,False,,,0.046101099674284246,0.17840386423921828,0.5410808579065174,2,,0.046138366960294754,0.25938625414450023,0.8116212868597761,3,
DATAIP-EUR,2026-09-25T09:37:15.355944+00:00,1790329035.3559442,False,WAITING_INSUFFICIENT_NET_RISK_REWARD,0.1953,0.1955,0.10240655401945187,37182.00697473448,False,0.1932,0.9738595592004166,0.1955,0.0,0.1023017902813339,1,1.7676866656887142,0.1955,0.0,0.15345268542200086,1,2.65152999853305
JTO-EUR,2026-09-25T09:53:37.550811+00:00,1790330017.5508106,True,ENTRY_READY_SHADOW,0.46914,0.47,0.18331414929444456,39675.448216412,False,0.44413,4.077327133385002,0.47,0.0,0.18297872340424792,1,6.069580235581228,0.47,0.0,0.2744680851063719,1,9.104370353371849
LINK-EUR,2026-09-25T09:53:39.034060+00:00,1790330019.0340595,True,ENTRY_READY_SHADOW,12.3752,12.3776,0.01939362596159455,38552.868639579116,False,11.7093,4.705021345801991,12.377600000000164,1.3322676295501878e-12,0.01938986556360156,2,5.965222646187598,12.378080945369636,0.0038856108586227123,0.02908479834540234,4,8.953314494607213
JTO-EUR,2026-09-25T09:53:26.345825+00:00,1790330006.3458254,True,ENTRY_READY_SHADOW,0.46874,0.47001,0.2709391133677519,41298.332587686,False,0.44413,4.077327133385002,0.47001122317492233,0.0002602444463706277,0.2702070168719817,2,6.071823155493718,0.4700141487468608,0.0008826933173500251,0.4053105253079725,2,9.108611707814049
WMTX-EUR,2026-09-25T09:53:29.029529+00:00,1790330009.0295293,True,ENTRY_READY_SHADOW,0.022069,0.022099,0.13593728759799806,466.31344985650003,False,0.020609,3.4498812793891642,0.022141301821577964,0.1914196188875561,0.13575274899317868,5,7.4774106636302236,0.02215667977660721,0.26100627452467773,0.20362912348976803,7,11.312439648110114
TIA-EUR,2026-09-25T09:53:27.236974+00:00,1790330007.2369738,False,WAITING_VISIBLE_DEPTH,0.43799,0.43863,0.14612205758122165,39324.76310241105,False,,,0.4386300000013953,3.1810110101559985e-10,0.1459088525636698,1,,0.4386333332826713,0.0007599303903704779,0.21886327884550472,2,
ETC-EUR,2026-09-25T09:53:31.611665+00:00,1790330011.6116652,False,WAITING_INSUFFICIENT_NET_RISK_REWARD,8.4223,8.4368,0.1721619985039613,102989.99257402714,False,8.2476,2.144237953486161,8.4368,0.0,0.17186611037359745,1,2.8273945919385,8.4368,0.0,0.25779916556039617,1,4.241091887907743
ACU-EUR,2026-09-25T09:53:29.429856+00:00,1790330009.429856,True,ENTRY_READY_SHADOW,0.11438,0.11452,0.1223990208078396,110058.5302300031,False,0.10981,4.456048738033072,0.11452,0.0,0.12224938875305957,1,4.686467968221237,0.11452,0.0,0.18337408312958936,1,7.0297019523318625
USELESS-EUR,2026-09-25T09:53:28.152131+00:00,1790330008.1521313,True,ENTRY_READY_SHADOW,0.249806,0.250313,0.2029574950161317,46173.87770776286,False,0.240737,3.9742643519558563,0.250313,0.0,0.2025464118923126,1,4.4009778191619375,0.25031309286535147,3.709969176313166e-05,0.3038196178384689,2,6.601519929136941
HNT-EUR,2026-09-25T09:53:32.190675+00:00,1790330012.1906745,False,WAITING_SPREAD,0.43904,0.44157,0.5762572886297557,14740.491162938306,False,,,0.44157279417954026,0.000632782920084729,0.5729555902801442,2,,0.441578529304048,0.0019315859428825632,0.8594333854202163,2,
LDO-EUR,2026-09-25T09:53:33.226753+00:00,1790330013.2267535,False,WAITING_INSUFFICIENT_NET_RISK_REWARD,0.39805,0.39858,0.13314910187161022,57998.082236347844,False,0.38958,6.400059836944333,0.39858,0.0,0.13297205078026675,1,2.842761641733375,0.39858,0.0,0.19945807617040012,1,4.264142462600091
RENDER-EUR,2026-09-25T10:10:18.413383+00:00,1790331018.413383,True,ENTRY_READY_SHADOW,1.7176,1.7197,0.12226362366092314,24622.36624404866,False,1.6246,6.035776110790538,1.7197,0.0,0.12211432226550967,1,6.095205000814232,1.7197,0.0,0.1831714833982645,1,9.142807501221341
STRK-EUR,2026-09-25T10:10:19.055368+00:00,1790331019.055368,True,ENTRY_READY_SHADOW,0.035505,0.03561,0.295732995352771,69949.6383422196,False,0.034026,4.547488533393004,0.03561,0.0,0.29486099410278577,1,5.019831592039267,0.03561,0.0,0.44229149115417865,1,7.529747388058951
REZ-EUR,2026-09-25T10:10:19.731774+00:00,1790331019.7317739,False,WAITING_INSUFFICIENT_NET_RISK_REWARD,0.0034752,0.0034817,0.18703959484345223,33319.99355933463,False,0.0033847,2.612251951268684,0.0034817,0.0,0.1866904098572486,1,3.3675823724429534,0.0034817,0.0,0.2800356147858729,1,5.051373558664409
VVV-EUR,2026-09-25T10:10:20.744825+00:00,1790331020.7448254,False,WAITING_INSUFFICIENT_NET_RISK_REWARD,28.2787,28.3108,0.11351299741502174,28257.4627148232,False,27.4775,3.424360335698086,28.3108,0.0,0.1133842915071237,1,3.524045038970172,28.3108,0.0,0.17007643726068555,1,5.286067558455244
BEAM-EUR,2026-09-25T10:10:21.633551+00:00,1790331021.6335506,True,ENTRY_READY_SHADOW,0.0018622,0.0018674,0.27923960906455214,32200.617790387998,False,0.0017996,4.032816578765125,0.0018674120104330875,0.000643163386926382,0.27846203277283044,2,4.207866048319104,0.0018674413393674355,0.0022137392864607364,0.41769304915924566,2,6.314055754775836
WMTX-EUR,2026-09-25T10:30:07.230268+00:00,1790332207.2302682,False,WAITING_SPREAD,0.025471,0.025989,2.033685367673055,1144.9155896734,False,,,0.026003233151728686,0.05476606152097219,1.9931509484782062,3,,0.026019104575078902,0.11583583469505498,2.9897264227173093,5,
CHIP-EUR,2026-09-25T10:30:09.186579+00:00,1790332209.186579,True,ENTRY_READY_SHADOW,0.043628,0.043714,0.19712111488034978,12209.9634349531,False,0.041216,5.497137382815163,0.04371404035861874,9.232424107441517e-05,0.19673331198243327,2,6.278570580083297,0.043715360159380316,0.0031114960431732896,0.2950999679736499,2,9.422100154518574
EDGE-EUR,2026-09-25T10:30:07.525446+00:00,1790332207.5254457,False,WAITING_SPREAD,0.086568,0.087491,1.0662138434525348,8634.61119384149,False,,,0.08768893837769737,0.22623855904877477,1.0549656536100738,2,,0.08770761762374098,0.24758846480321672,1.5824484804151107,2,
REZ-EUR,2026-09-25T10:30:08.573093+00:00,1790332208.5730927,True,ENTRY_READY_SHADOW,0.0035914,0.0035967,0.1475747619312795,45217.81414410445,False,0.0033789,6.427142380793592,0.003596703032776199,8.432107763134411e-05,0.1473572997469974,2,6.617656429107754,0.0035968020164023106,0.0028363889762905714,0.2210359496204961,2,9.930339452574941
RAY-EUR,2026-09-25T10:30:14.390216+00:00,1790332214.3902164,True,ENTRY_READY_SHADOW,1.84528,1.84786,0.13981617965836968,17175.092098807,False,1.76928,4.157531465692256,1.84786,0.0,0.1396209669563775,1,4.825300337307354,1.84786,0.0,0.20943145043456624,1,7.23795050596101
MOVR-EUR,2026-09-25T10:30:09.775591+00:00,1790332209.7755911,False,WAITING_INSUFFICIENT_NET_RISK_REWARD,0.8674,0.8693,0.21904542310353659,52685.913802347204,False,0.8405,4.147465437788022,0.8693,0.0,0.21856666283216475,1,3.891444602573827,0.8693000000000001,2.220446049250313e-14,0.3278499942482471,1,5.837166903860748
PORTAL-EUR,2026-09-25T10:30:18.539730+00:00,1790332218.5397296,False,WAITING_INSUFFICIENT_NET_RISK_REWARD,0.015917,0.015941,0.15078218257209564,32919.80498834798,False,0.015718,0.8507688429543717,0.015941,0.0,0.15055517219747516,1,1.9887938080900227,0.015941,0.0,0.22583275829621274,1,2.983190712135041
NIL-EUR,2026-09-25T10:30:17.973863+00:00,1790332217.9738631,True,ENTRY_READY_SHADOW,0.108183,0.108445,0.24218222826137836,29612.890659920027,False,0.101165,6.950527619153222,0.108445,0.0,0.24159712296555336,1,7.27117343116916,0.108445,0.0,0.36239568444833004,1,10.906760146753754
NOM-EUR,2026-09-25T10:30:11.671557+00:00,1790332211.6715574,False,WAITING_INSUFFICIENT_NET_RISK_REWARD,0.0019617,0.0019713,0.4893714635265445,22650.63882602869,False,0.0019066,5.406647266043811,0.0019713,0.0,0.4869882818444804,1,3.8607171767734627,0.0019713,0.0,0.7304824227667206,1,5.791075765160201
PUMP-EUR,2026-09-25T10:48:28.493331+00:00,1790333308.4933314,True,ENTRY_READY_SHADOW,0.0036606,0.0036623,0.046440474239184404,42857.0069804195,False,0.0034441,4.417249095278879,0.0036623,0.0,0.04641891707396484,1,6.520614874631136,0.0036623,0.0,0.06962837561094726,1,9.78092231194671
JTO-EUR,2026-09-25T10:48:31.507091+00:00,1790333311.5070913,True,ENTRY_READY_SHADOW,0.48181,0.4831,0.2677403955916091,35221.936594151,False,0.45029,5.972367594724722,0.4831,0.0,0.2670254605671607,1,7.349178136216054,0.4831,0.0,0.40053819085074105,1,11.023767204324088
JASMY-EUR,2026-09-25T10:48:31.131705+00:00,1790333311.1317046,False,WAITING_INSUFFICIENT_NET_RISK_REWARD,0.004079,0.0040899,0.2672223584211597,52537.26954484249,False,0.0039622,2.3660933660933585,0.004089904038329033,9.873906534618726e-05,0.2665101836230588,2,3.7019957271383106,0.004090036017034395,0.003325681175470052,0.3997652754345882,2,5.557654656971863
CHILLGUY-EUR,2026-09-25T10:48:27.294820+00:00,1790333307.2948203,True,ENTRY_READY_SHADOW,0.0121438,0.0121849,0.338444309030117,60497.45217349042,False,0.011441,7.037146178151038,0.012184899999999999,-1.1102230246251565e-14,0.33730272714589393,1,6.666827645655758,0.0121849,0.0,0.5059540907188409,1,10.000241468483665
IMU-EUR,2026-09-25T10:48:30.742487+00:00,1790333310.7424867,False,WAITING_SPREAD,0.00181,0.0018242,0.7845303867403342,16477.1953393929,False,,,0.0018242012624761703,6.920711381752653e-05,0.7784234184848193,2,,0.0018242341737965317,0.0018733579942864509,1.167635127727229,2,
PIXEL-EUR,2026-09-25T10:48:33.204175+00:00,1790333313.2041745,False,WAITING_INSUFFICIENT_NET_RISK_REWARD,0.0050357,0.005048,0.24425601207380687,52962.62179423134,False,0.0049528,1.5256257449344481,0.005048,0.0,0.24366085578447771,1,2.472867316652895,0.005048,0.0,0.36549128367671657,1,3.709300974979328
ZK-EUR,2026-09-25T10:48:36.281261+00:00,1790333316.281261,False,WAITING_INSUFFICIENT_NET_RISK_REWARD,0.010784,0.010805,0.19473293768546007,168714.79515785514,False,0.010706,0.8434516637315698,0.010805000000000002,2.220446049250313e-14,0.19435446552522606,1,1.509015383798726,0.010805,0.0,0.2915316982878391,1,2.2635230756980604
ATH-EUR,2026-09-25T10:48:36.620011+00:00,1790333316.6200109,False,WAITING_INSUFFICIENT_NET_RISK_REWARD,0.0052369,0.005248,0.2119574557467141,51001.14913100376,False,0.005182,1.1256534513679557,0.005248,0.0,0.21150914634145979,1,1.8483525371023433,0.005248,0.0,0.3172637195121897,1,2.772528805653536
PUMP-EUR,2026-09-25T11:01:32.821685+00:00,1790334092.821685,True,ENTRY_READY_SHADOW,0.0036774,0.0036803,0.07886006417578972,35447.3937168367,False,0.0034644,5.516300641113083,0.0036803,0.0,0.07879792408227448,1,6.429528141442972,0.0036803980604473265,0.002664468856528046,0.11819688612341173,2,9.648031846645438
MOVR-EUR,2026-09-25T11:01:20.102556+00:00,1790334080.1025558,True,ENTRY_READY_SHADOW,0.8885,0.8899,0.15756893640967995,62864.33432408736,False,0.8402,7.20134604598991,0.8899,0.0,0.15732104730868945,1,6.149739652442108,0.8899,0.0,0.23598157096303418,1,9.224609478663155
HUMA-EUR,2026-09-25T11:01:20.501039+00:00,1790334080.5010388,True,ENTRY_READY_SHADOW,0.023811,0.023841,0.12599218848432514,45151.8750964757,False,0.022519,5.316519334701926,0.023843550149017977,0.010696485122174693,0.12583364791746154,2,6.1201920022276965,0.023844366710079234,0.014121513691667253,0.18875047187619232,2,9.185110437708204
REZ-EUR,2026-09-25T11:01:23.562630+00:00,1790334083.5626304,True,ENTRY_READY_SHADOW,0.0036181,0.0036252,0.19623559326718,33465.07002502531,False,0.0034091,6.241710875331571,0.003625201189446434,3.281050517944806e-05,0.19585126337856584,2,6.523673214636986,0.003625234125699136,0.0009413466604879517,0.29377689506784876,2,9.786783709302057
IMU-EUR,2026-09-25T11:01:20.918448+00:00,1790334080.9184477,True,ENTRY_READY_SHADOW,0.0018403,0.0018484,0.44014562843015526,13638.7611874718,False,0.0017656,4.7735551568531545,0.0018484,0.0,0.43821683618264773,1,5.051005142413388,0.0018484242338189351,0.0013110700570750922,0.6573252542739716,2,7.57837496090076
STRK-EUR,2026-09-25T11:01:24.388089+00:00,1790334084.388089,False,WAITING_INSUFFICIENT_NET_RISK_REWARD,0.036105,0.036163,0.16064257028112205,59747.68078227157,False,0.034935,3.5896724042198844,0.036163,0.0,0.1603849238171695,1,3.9736751986692553,0.036163807705462514,0.0022335134322704064,0.24057738572575427,2,5.963729867444641
ROSE-EUR,2026-09-25T11:01:23.968783+00:00,1790334083.9687827,False,WAITING_INSUFFICIENT_NET_RISK_REWARD,0.007095,0.007107,0.16913319238900382,57152.48349290216,False,0.007028,1.3471793432500663,0.0071070000000000005,2.220446049250313e-14,0.16884761502743428,1,1.7031844197021258,0.007107,0.0,0.2532714225411514,1,2.5547766295531744
EDGE-EUR,2026-09-25T11:01:27.450847+00:00,1790334087.450847,True,ENTRY_READY_SHADOW,0.082782,0.082783,0.0012079920755692086,12418.506262968729,False,0.079321,14.167989184741073,0.08288146779202492,0.11894687559634853,0.0012079774832973733,2,4.868409360569771,0.08311202200420394,0.39745117258851437,0.00181196622494606,2,7.698459101610723
JUP-EUR,2026-09-25T11:22:45.356467+00:00,1790335365.3564665,True,ENTRY_READY_SHADOW,0.28901,0.28964,0.21798553683263222,36626.52659154,False,0.2742,5.278007156619862,0.28964,0.0,0.21751139345395076,1,5.897118307669558,0.28964020309032296,7.011818912161516e-05,0.32626709018092614,2,8.845776436289782
TAIKO-EUR,2026-09-25T11:22:49.013178+00:00,1790335369.0131776,False,WAITING_INSUFFICIENT_NET_RISK_REWARD,0.08038,0.08046,0.09952724558348613,22047.45505895602,False,0.07877,1.3980776432405393,0.08046,0.0,0.0994282873477581,1,2.6861110646203343,0.08046,0.0,0.14914243102163716,1,4.02916659693048
SEI-EUR,2026-09-25T11:41:13.968987+00:00,1790336473.968987,True,ENTRY_READY_SHADOW,0.05959,0.059623,0.05537841919787123,41774.893948203775,False,0.057197,3.4251164037115283,0.059632257254223775,0.015526314046221401,0.05534776847861966,2,4.657614738632873,0.059632504834093374,0.015941556267495827,0.0830216527179295,2,6.987015866052616
PIXEL-EUR,2026-09-25T11:41:03.030902+00:00,1790336463.030902,True,ENTRY_READY_SHADOW,0.0052522,0.0052665,0.2722668596016886,51560.6082583477,False,0.0049904,3.2583052945043782,0.0052665,0.0,0.27152757998670785,1,5.809461421922265,0.0052665,0.0,0.40729136998006177,1,8.714192132883397
FARTCOIN-EUR,2026-09-25T11:41:03.320413+00:00,1790336463.3204134,True,ENTRY_READY_SHADOW,0.17319,0.17356,0.21363820081989893,84268.2331734454,False,0.16376,5.2214182344428375,0.17356840372541035,0.004841971312719018,0.21318276100482647,2,6.215477495034648,0.1735689358136779,0.00514854440996082,0.3197741415072397,2,9.323647497521677
SEI-EUR,2026-09-25T11:41:03.647805+00:00,1790336463.647805,True,ENTRY_READY_SHADOW,0.059532,0.059567,0.05879191023314689,43858.84167617118,False,0.057197,3.4251164037115283,0.05958551567282111,0.031083775951623593,0.05875736565548184,2,4.582823846727379,0.05958622900578857,0.03228130640886562,0.08813604848322276,3,6.875949191595026
AXS-EUR,2026-09-25T11:41:04.068290+00:00,1790336464.0682905,True,ENTRY_READY_SHADOW,1.0385,1.04,0.1444390948483365,41056.36945967611,False,1.0012,3.252814936002315,1.0400124165077176,0.0011938949728396153,0.14423076923077982,2,4.307846568931012,1.0400416093661822,0.004000900594425261,0.21634615384616973,2,6.465798818390994
XDC-EUR,2026-09-25T11:41:08.753174+00:00,1790336468.7531736,False,WAITING_INSUFFICIENT_NET_RISK_REWARD,0.026939,0.027008,0.25613422918444595,88902.07528012592,False,0.026423,1.2868812712148834,0.027008723798038453,0.002679939419625299,0.2554798578199069,2,2.7539270430686287,0.027008815864731292,0.0030208261674102843,0.38321978672986035,2,4.131387798045552
AIXBT-EUR,2026-09-25T11:41:04.785633+00:00,1790336464.7856333,False,WAITING_INSUFFICIENT_NET_RISK_REWARD,0.020516,0.020573,0.2778319360499104,62381.40932690155,False,0.020104,1.966401242959794,0.020573,0.0,0.27706216886210777,1,2.8643030056705783,0.020573,0.0,0.41559325329316166,1,4.29645450850586
AKT-EUR,2026-09-25T11:41:05.278681+00:00,1790336465.2786808,False,WAITING_INSUFFICIENT_NET_RISK_REWARD,0.60371,0.60462,0.15073462424013417,187283.0587463067,False,0.58614,3.350773318462867,0.6051369716865201,0.08550357026233524,0.15050775693825624,2,3.7187580447246944,0.6051513137778165,0.08787565376873196,0.22576163540738436,2,5.581559866469945
SUI-EUR,2026-09-25T11:56:50.649933+00:00,1790337410.6499329,True,ENTRY_READY_SHADOW,0.99418,0.99445,0.027158059908671817,80811.30441971557,False,0.90171,10.191403457545885,0.99445,0.0,0.027150686309018734,1,9.868220566789034,0.9944500000000001,2.220446049250313e-14,0.0407260294635281,1,14.80233085018358
USELESS-EUR,2026-09-25T11:56:39.696304+00:00,1790337399.6963043,True,ENTRY_READY_SHADOW,0.264954,0.26539,0.16455686647494083,36697.83096301887,False,0.246641,6.522851231897686,0.26539,0.0,0.16428652172274516,1,7.620686742580602,0.26539,0.0,0.24642978258411774,1,11.43103011387089
CC-EUR,2026-09-25T11:56:40.167577+00:00,1790337400.1675766,True,ENTRY_READY_SHADOW,0.10813,0.10823,0.09248127254231076,57059.968757588096,False,0.10269,4.812337421033064,0.10823,0.0,0.09239582370876853,1,5.686359980119931,0.10823,0.0,0.1385937355631528,1,8.529539970179854
CAKE-EUR,2026-09-25T11:56:43.912885+00:00,1790337403.9128847,True,ENTRY_READY_SHADOW,2.4432,2.449,0.23739358218728412,37081.58074301962,False,2.361,3.0066219717846487,2.449,0.0,0.2368313597386651,1,4.170060658887678,2.449,0.0,0.35524703960799764,1,6.255090988331489
DEEP-EUR,2026-09-25T11:56:41.185426+00:00,1790337401.185426,True,ENTRY_READY_SHADOW,0.019916,0.019995,0.39666599718819473,57035.816136092624,False,0.018831,5.274714052287577,0.019995,0.0,0.3950987746936696,1,6.384882617163001,0.019995208775873918,0.0010441404046934721,0.5926481620405044,2,9.578790120333622
FET-EUR,2026-09-25T11:56:41.965857+00:00,1790337401.9658568,False,WAITING_INSUFFICIENT_NET_RISK_REWARD,0.21059,0.21081,0.1044683983095096,44888.03605360744,False,0.20428,4.148196537725716,0.21081,0.0,0.10435937574119203,1,3.677298996709169,0.21081,0.0,0.15653906361178804,1,5.515948495063753
U-EUR,2026-09-25T11:56:38.651403+00:00,1790337398.6514032,False,WAITING_SPREAD,0.0002317,0.0002342,1.0789814415192112,27456.325959837268,False,,,0.00023438131760127281,0.07741998346404433,1.0674637062339953,2,,0.00023457198026626447,0.15883017346902673,1.601195559350993,3,
PHA-EUR,2026-09-25T12:21:14.304711+00:00,1790338874.3047106,False,WAITING_STOP_GEOMETRY,0.06412,0.064261,0.21990018714910242,17668.786478863232,False,0.050886,12.566645159099407,0.06426180985532548,0.0012602594504862452,0.21941768724420552,2,21.288285533561734,0.06428305397561115,0.03431937817830466,0.3291265308663083,3,31.971447008071934
PIXEL-EUR,2026-09-25T12:21:14.986687+00:00,1790338874.9866872,False,WAITING_STOP_GEOMETRY,0.005626,0.005641,0.2666192676857415,97313.54550702956,False,0.0049753,8.348907351553388,0.005641,0.0,0.26591029959227575,1,12.32875286964294,0.005641,0.0,0.3988654493884136,1,18.493129304464418
ZIG-EUR,2026-09-25T12:21:20.962595+00:00,1790338880.962595,False,WAITING_INSUFFICIENT_NET_RISK_REWARD,0.045808,0.045913,0.22921760391199086,34286.0014966239,False,0.044767,2.9374837648281322,0.04600022203894308,0.18997242380822676,0.22869339838390568,3,3.26312027112472,0.04604207173980788,0.2811224267808221,0.3430400975758585,3,5.026573129785874
ATOM-EUR,2026-09-25T12:21:21.526802+00:00,1790338881.5268018,False,WAITING_INSUFFICIENT_NET_RISK_REWARD,1.5779,1.581,0.19646365422396617,53150.987520898,False,1.5665,1.561413490106844,1.581,0.0,0.19607843137253722,1,1.509908577701836,1.581,0.0,0.29411764705880583,1,2.2648628665527895
NEAR-EUR,2026-09-25T12:21:18.731137+00:00,1790338878.7311368,False,WAITING_INSUFFICIENT_NET_RISK_REWARD,4.3692,4.3724,0.07323995239403303,62582.60985956369,False,4.2522,2.9946766338203665,4.372487926233304,0.0020109375469701263,0.07318635074557989,2,3.332814195525188,4.372491950814794,0.0021029826821505893,0.10977952611836983,2,4.999354756643868
PORTAL-EUR,2026-09-25T12:21:20.394623+00:00,1790338880.3946226,False,WAITING_INSUFFICIENT_NET_RISK_REWARD,0.015993,0.016033,0.25010942287249094,19080.14653254256,False,0.015844,1.1709018435475875,0.01603504023951678,0.012725251149370287,0.2494854362876442,2,1.7825191374248277,0.01603569343978957,0.016799350025387128,0.3742281544314663,2,2.6797799138991536
LINK-EUR,2026-09-25T12:21:17.777013+00:00,1790338877.7770126,False,WAITING_INSUFFICIENT_NET_RISK_REWARD,12.2169,12.224,0.05811621606135464,66164.3358433503,False,12.0405,2.398071869609372,12.224000000000027,2.220446049250313e-13,0.058082460732977736,2,2.0904189848515813,12.224033333151562,0.0002726861220603283,0.0871236910994666,2,3.136028954944379
GALA-EUR,2026-09-25T12:21:24.037408+00:00,1790338884.0374084,False,WAITING_INSUFFICIENT_NET_RISK_REWARD,0.0018321,0.0018353,0.17466295507888585,60716.42291227334,False,0.0018201,2.1073622938449943,0.0018353,0.0,0.17435841551790565,1,1.421502080357314,0.0018353,0.0,0.2615376232768585,1,2.132253120535978
ICX-EUR,2026-09-25T12:21:16.308171+00:00,1790338876.3081708,True,ENTRY_READY_SHADOW,0.012417,0.012458,0.33019247805428087,8221.22291045559,False,0.011401,9.188935771214252,0.012458,0.0,0.32910579547279495,1,9.032003371727995,0.012458,0.0,0.4936586932091924,1,13.548005057592007
HNT-EUR,2026-09-25T12:21:24.381675+00:00,1790338884.381675,False,WAITING_INSUFFICIENT_NET_RISK_REWARD,0.43784,0.43958,0.39740544491138063,20231.44158665902,False,0.43747,0.7441966317705951,0.43958,0.0,0.3958323854588497,1,1.0753863612046644,0.43958,0.0,0.5937485781882745,1,1.6130795418069965
NEAR-EUR,2026-09-25T12:44:04.022315+00:00,1790340244.0223153,True,ENTRY_READY_SHADOW,4.4185,4.4225,0.0905284598845757,60592.67270604314,False,4.2504,3.803611738148981,4.4225,0.0,0.09044657998870109,1,4.466437614274085,4.4225,0.0,0.13566986998305164,1,6.6996564214111345
ETHFI-EUR,2026-09-25T12:44:05.126114+00:00,1790340245.1261141,False,WAITING_INSUFFICIENT_NET_RISK_REWARD,0.62572,0.62741,0.2700888576359972,65255.08405469151,False,0.60873,2.888278979657727,0.62741,0.0,0.2693613426626884,1,3.5577618766872803,0.6274126943520063,0.00042944039881920304,0.4040420139940326,2,5.33726405526113
FET-EUR,2026-09-25T12:44:11.364862+00:00,1790340251.3648622,True,ENTRY_READY_SHADOW,0.21239,0.21252,0.061208154809544446,51726.55435650775,False,0.20496,4.082979726544083,0.21252,0.0,0.06117071334462709,1,4.134284841256516,0.21252,0.0,0.09175607001694064,1,6.201427261884788
HUMA-EUR,2026-09-25T12:44:07.506686+00:00,1790340247.5066862,False,WAITING_STOP_GEOMETRY,0.025671,0.025777,0.4129172996766961,43042.4641070534,False,0.022879,5.668507362784465,0.025777130694931483,0.0005070214977642706,0.4112193040307299,2,11.774023054817135,0.02577742045677306,0.0016311315244488256,0.6168289560460949,2,17.662522193540298
ETH-EUR,2026-09-25T12:44:10.688400+00:00,1790340250.6884003,False,WAITING_INSUFFICIENT_NET_RISK_REWARD,2379.59,2379.6,0.0004202404615849531,364500.3358989603,False,2350.15,2.0209543044685576,2379.6,0.0,0.00042023869556429005,1,1.828453308860972,2379.6,0.0,0.0006303580433464351,1,2.742679963291465
EPIC-EUR,2026-09-25T12:44:16.176472+00:00,1790340256.1764717,False,WAITING_VISIBLE_DEPTH,0.44055,0.44131,0.1725116331857901,30130.940476984702,False,,,0.4413100000004246,9.621192731401607e-11,0.17221454306496353,1,,0.441313333282979,0.0007553155330741745,0.2583218145974453,2,
ZK-EUR,2026-09-25T13:02:11.912325+00:00,1790341331.9123251,True,ENTRY_READY_SHADOW,0.011044,0.011067,0.20825787758058656,166198.92924975994,False,0.010671,3.28120762903372,0.011066999999999999,-1.1102230246251565e-14,0.20782506551008106,1,4.155053069413725,0.0110672071207264,0.001871516457940814,0.3117375982651216,2,6.235270184699829
OP-EUR,2026-09-25T13:01:58.276254+00:00,1790341318.276254,True,ENTRY_READY_SHADOW,0.12331,0.1234,0.07298678128293545,41165.72985233377,False,0.11803,4.271844660194169,0.1234,0.0,0.0729335494327299,1,4.923921901081954,0.12339999999999998,-1.1102230246251565e-14,0.10940032414909484,1,7.38588285162291
MOVR-EUR,2026-09-25T13:01:59.423357+00:00,1790341319.4233575,False,WAITING_INSUFFICIENT_NET_RISK_REWARD,0.8811,0.8821,0.11349449551696367,51190.640503073955,False,0.8569,3.4596188747731365,0.8821,0.0,0.1133658315383701,1,3.4379822747857816,0.8820999999999999,-1.1102230246251565e-14,0.17004874730755515,1,5.156973412178644
ZK-EUR,2026-09-25T13:01:59.765054+00:00,1790341319.7650535,True,ENTRY_READY_SHADOW,0.01105,0.011069,0.17194570135745657,165778.94168522162,False,0.010671,3.28120762903372,0.011069,0.0,0.17165055560574016,1,4.172370794037576,0.011069206977452228,0.0018698839301389825,0.25747583340861024,2,6.261243938957364
ARX-EUR,2026-09-25T13:02:00.213655+00:00,1790341320.213655,False,WAITING_INSUFFICIENT_NET_RISK_REWARD,0.22153,0.22224,0.32049835236762636,27824.6189695459,False,0.21723,1.6471119133573946,0.22224,0.0,0.3194744420446316,1,2.8390874528042502,0.22224,0.0,0.4792116630669474,1,4.25863117920639
COMP-EUR,2026-09-25T13:02:05.839403+00:00,1790341325.839403,False,WAITING_INSUFFICIENT_NET_RISK_REWARD,21.209,21.252,0.20274411806309178,73962.32893592479,False,20.886,1.3401283503208707,21.252610568060874,0.002872991063784802,0.20233389798607337,2,2.312948675036651,21.254073510606922,0.009756778688707612,0.30350084697911006,2,3.4795088822243656
XAI-EUR,2026-09-25T13:02:04.440237+00:00,1790341324.4402368,False,WAITING_INSUFFICIENT_NET_RISK_REWARD,0.0081721,0.0082058,0.4123787031485193,63488.779652718804,False,0.007944,3.026307758041879,0.0082058,0.0,0.4106851251553745,1,3.7695937834615734,0.0082058,0.0,0.6160276877330617,1,5.65439067519236
TAI-EUR,2026-09-25T13:02:03.972677+00:00,1790341323.9726772,False,WAITING_INSUFFICIENT_NET_RISK_REWARD,0.003956,0.003957,0.02527805864507293,32062.61496372245,False,0.003841,3.1336871367197263,0.003957,0.0,0.02527167045739409,1,3.512230228068944,0.003957,0.0,0.037907505686091136,1,5.268345342103402
ATOM-EUR,2026-09-25T13:02:00.721237+00:00,1790341320.721237,False,WAITING_INSUFFICIENT_NET_RISK_REWARD,1.5991,1.6019,0.1750984929022703,55549.0188104543,False,1.5655,2.0292207792207777,1.6019040978474555,0.00025581168958677125,0.1747924339846496,2,2.857210364764242,1.6020836434663845,0.011464103026681549,0.2621886509769744,3,4.302145745348611
CAP-EUR,2026-09-25T13:02:02.561221+00:00,1790341322.561221,False,WAITING_INSUFFICIENT_NET_RISK_REWARD,0.0451454,0.0453013,0.345328649208998,34743.6995999956,False,0.0447365,1.6563329018134825,0.0453013,0.0,0.3441402343862143,1,1.83755888592826,0.0453013,0.0,0.5162103515793215,1,2.7563383288924115
VTHO-EUR,2026-09-25T13:24:52.809780+00:00,1790342692.80978,False,WAITING_INSUFFICIENT_NET_RISK_REWARD,0.00068333,0.00068522,0.2765867150571477,23360.39887298907,False,0.00066804,1.9607843137254901,0.000685220701163413,0.00010232675826671311,0.2758238230057386,2,3.0905779088871697,0.0006852238007475666,0.0005546755154073324,0.4137357345086079,2,4.636524412533049
KMNO-EUR,2026-09-25T13:24:53.079901+00:00,1790342693.0799015,False,WAITING_VISIBLE_DEPTH,0.03776,0.037792,0.08474576271184642,117772.85325068906,False,,,0.03779200000005369,1.4208634269152753e-10,0.08467400508043177,1,,0.0377923333274533,0.0008820053273073114,0.12701100762064765,2,
MANTRA-EUR,2026-09-25T13:24:57.552121+00:00,1790342697.5521207,False,WAITING_SPREAD,0.004148,0.004179,0.7473481195757081,103295.0326391947,False,,,0.004179,0.0,0.7418042593922092,1,,0.004179,0.0,1.1127063890883138,1,
ACE-EUR,2026-09-25T13:24:55.693973+00:00,1790342695.6939726,False,WAITING_INSUFFICIENT_NET_RISK_REWARD,0.16915,0.1694,0.14779781259237623,59729.58791039889,False,0.16718,1.7368266117162086,0.16940000000199554,1.1780132425087686e-09,0.1475796930342388,1,1.9009218700371235,0.16940333320215664,0.0019676518044020597,0.22136953955135819,2,2.854278118773948
DBR-EUR,2026-09-25T13:24:56.278676+00:00,1790342696.2786758,False,WAITING_INSUFFICIENT_NET_RISK_REWARD,0.020674,0.02068,0.029021959949693255,14071.235269969035,False,0.020428,2.1816796074882108,0.02070744382327698,0.13270707580743668,0.029013539651834286,3,1.9396658911697529,0.020713625522523826,0.1625992385097863,0.04352030947775143,3,2.953395992241468
PIXEL-EUR,2026-09-25T13:43:55.297127+00:00,1790343835.2971275,True,ENTRY_READY_SHADOW,0.0055514,0.0055641,0.2287711207983545,99527.21976926687,False,0.0050975,12.80092799143392,0.005564164140652475,0.0011527588015036727,0.22824895311012172,2,8.935037577875136,0.0055641962880951835,0.0017305241671428107,0.3423734296651826,3,13.403345565875071
EDGE-EUR,2026-09-25T13:43:46.406141+00:00,1790343826.4061406,True,ENTRY_READY_SHADOW,0.085338,0.08534,0.0023436218331784886,2033.55527008636,False,0.080532,7.466976935185815,0.08547615992200693,0.15954994376250475,0.002343566908835637,2,6.347905815430408,0.08560378367454519,0.3090973453775403,0.0035153503632534555,3,9.731292778157894
PLUME-EUR,2026-09-25T13:43:47.289255+00:00,1790343827.289255,True,ENTRY_READY_SHADOW,0.0167698,0.0167834,0.08109816455770247,47143.49321159707,False,0.0157397,5.0958755426917595,0.0167834,0.0,0.08103244872909032,1,6.779695664434129,0.0167834,0.0,0.12154867309363548,1,10.169543496651215
ICX-EUR,2026-09-25T13:43:46.709652+00:00,1790343826.7096522,False,WAITING_SPREAD,0.012126,0.012278,1.2535048655781145,8884.855962410253,False,,,0.012278435611831952,0.0035479054565135115,1.2379866427757014,2,,0.01228037780743708,0.01936640688287028,1.856979964163552,3,
CHILLGUY-EUR,2026-09-25T13:43:49.139490+00:00,1790343829.1394904,False,WAITING_INSUFFICIENT_NET_RISK_REWARD,0.0119469,0.011981,0.2854296930584477,52311.24147592114,False,0.0117029,2.629585542690193,0.011981204003206248,0.0017027226963284292,0.284617310742008,2,2.9071962474563975,0.01198126933475834,0.0022480156776527593,0.42692596611301203,2,4.361588513698507
HOME-EUR,2026-09-25T13:43:51.056596+00:00,1790343831.0565956,False,WAITING_INSUFFICIENT_NET_RISK_REWARD,0.005671,0.005682,0.19396931758068892,40400.0316186123,False,0.005533,3.357946554149074,0.005682,0.0,0.19359380499824885,1,3.2048823295509834,0.005682,0.0,0.2903907074973733,1,4.807323494326482
MANTRA-EUR,2026-09-25T13:43:53.193716+00:00,1790343833.1937158,False,WAITING_INSUFFICIENT_NET_RISK_REWARD,0.004126,0.004133,0.1696558410082316,102993.2589525598,False,0.004055,2.53317249698432,0.004133,0.0,0.16936849745947669,1,2.474212786446671,0.004133,0.0,0.25405274618921503,1,3.7113191796699994
KAITO-EUR,2026-09-25T13:43:52.779208+00:00,1790343832.7792084,False,WAITING_INSUFFICIENT_NET_RISK_REWARD,0.30622,0.30695,0.23839069949709302,65266.026035648996,False,0.30073,2.4095991630157543,0.30697867400744855,0.009341589004252526,0.2378237497963842,2,2.621616756472278,0.3069824492454406,0.010571508532519758,0.3567356246945763,2,3.934221458437662
ADA-EUR,2026-09-25T13:43:51.345917+00:00,1790343831.3459167,False,WAITING_INSUFFICIENT_NET_RISK_REWARD,0.22351,0.22359,0.03579258198740387,153952.64174233397,False,0.21844,3.15808281591995,0.22359,0.0,0.035779775481914466,1,2.8877976800920067,0.22359,0.0,0.0536696632228717,1,4.331696520138024
CNPY-EUR,2026-09-25T13:43:52.338392+00:00,1790343832.3383923,True,ENTRY_READY_SHADOW,0.35252,0.353,0.13616248723475888,9477.9021595148,False,0.33498,4.2178354183404085,0.353,0.0,0.1359773371104711,1,5.672530444427181,0.353,0.0,0.20396600566570666,1,8.508795666640765
BIO-EUR,2026-09-25T13:59:16.323430+00:00,1790344756.32343,True,ENTRY_READY_SHADOW,0.028426,0.028488,0.21811018082036338,101424.22355602068,False,0.027227,8.94926913155632,0.028488,0.0,0.21763549564728368,1,4.9981982438595765,0.02848925219870823,0.004395530427658834,0.3264532434709255,2,7.503560840130973
ACU-EUR,2026-09-25T13:59:03.854686+00:00,1790344743.8546863,False,WAITING_INSUFFICIENT_NET_RISK_REWARD,0.11869,0.11883,0.11795433482180151,60333.1159094117,False,0.11715,1.2990299451708136,0.11892196366934145,0.0773909529087291,0.11781536648994839,3,2.0793624496045027,0.11892797517173694,0.08244986260785847,0.1767230497349226,3,3.126468127900779
DBR-EUR,2026-09-25T13:59:06.004374+00:00,1790344746.0043743,False,WAITING_DEPTH_SLIPPAGE,0.020773,0.020816,0.2069994704664735,9096.987638839599,False,,,0.021016370755081434,0.962580491359688,0.20657186779401426,4,,0.021067636551982655,1.2088612220534811,0.3098578016910214,9,
FUEL-EUR,2026-09-25T13:59:05.381779+00:00,1790344745.381779,False,WAITING_SPREAD,0.0007741,0.0007884,1.8473065495413943,9247.2156658852,False,,,0.0007896031703313382,0.15260912371108937,1.81380010147133,3,,0.0007896687693193595,0.16092964476910332,2.7207001522069953,3,
TRX-EUR,2026-09-25T13:59:08.468128+00:00,1790344748.468128,False,WAITING_INSUFFICIENT_NET_RISK_REWARD,0.29595,0.29604,0.030410542321357426,90608.19416832238,False,,,0.29604,0.0,0.030401297122018,1,,0.29604,0.0,0.045601945683027,1,
U-EUR,2026-09-25T13:59:04.311427+00:00,1790344744.3114266,False,WAITING_SPREAD,0.0002366,0.0002399,1.394759087066788,30205.09091743087,False,,,0.0002399,0.0,1.3755731554814465,1,,0.00023992100879511257,0.008757313510865394,2.06335973322217,2,
ZIG-EUR,2026-09-25T13:59:05.643737+00:00,1790344745.6437373,False,WAITING_SPREAD,0.045533,0.045903,0.8125974567895877,41039.928323849104,False,,,0.04590389528788999,0.0019503908023299488,0.8060475350195051,2,,0.04590393019187358,0.0020264293697280777,1.2090713025292577,2,
AIOZ-EUR,2026-09-25T13:59:09.300390+00:00,1790344749.30039,False,WAITING_SPREAD,0.107632,0.108324,0.6429314701947408,5678.264703509836,False,,,0.10832473547099598,0.0006789547985386335,0.6388242679369327,2,,0.1083248236471871,0.0007603552186985496,0.958236401905399,2,
DBR-EUR,2026-09-25T14:22:05.980625+00:00,1790346125.9806247,False,WAITING_INSUFFICIENT_NET_RISK_REWARD,0.021254,0.021274,0.09409993413005413,12541.520866406461,False,0.020565,2.6683009617197837,0.021297397458030626,0.10998147048333351,0.09401146939927996,2,4.016586860866084,0.021298264901352705,0.11405895154978918,0.14101720409891993,2,6.030744161277056
NIL-EUR,2026-09-25T14:22:06.918001+00:00,1790346126.9180012,True,ENTRY_READY_SHADOW,0.116011,0.116263,0.21722078078802998,21979.771992141435,False,0.109644,7.673342272589648,0.116263,0.0,0.21674995484376458,1,6.257321774737093,0.116263,0.0,0.32512493226564687,1,9.385982662105647
ICX-EUR,2026-09-25T14:22:09.059772+00:00,1790346129.0597723,False,WAITING_SPREAD,0.011802,0.011997,1.6522623284189075,8244.37965568034,False,,,0.011997,0.0,1.6254063515878991,1,,0.011997,0.0,2.4381095273818487,1,
USDC-EUR,2026-09-25T14:22:08.516074+00:00,1790346128.5160737,False,WAITING_INSUFFICIENT_NET_RISK_REWARD,0.8771,0.8772,0.011401208528094564,264126.62778696814,False,,,0.8772,0.0,0.01139990880072439,1,,0.8772,0.0,0.017099863201086585,1,
CC-EUR,2026-09-25T14:41:24.660091+00:00,1790347284.6600912,False,WAITING_INSUFFICIENT_NET_RISK_REWARD,0.1089,0.109,0.09182736455464191,57653.0293668809,False,0.10527,2.8961598386948917,0.109,0.0,0.09174311926605228,1,3.9998003386030234,0.10900000000000001,2.220446049250313e-14,0.1376146788990784,1,5.999700507904549
MOVR-EUR,2026-09-25T14:41:24.194474+00:00,1790347284.1944735,True,ENTRY_READY_SHADOW,0.907,0.91,0.330760749724357,51158.015281296335,False,0.8467,4.399954756249298,0.91,0.0,0.3296703296703285,1,7.512683483598678,0.9100000000000001,2.220446049250313e-14,0.49450549450549275,1,11.269025225398053
ACH-EUR,2026-09-25T14:41:25.729091+00:00,1790347285.729091,False,WAITING_INSUFFICIENT_NET_RISK_REWARD,0.0053443,0.0053535,0.1721460247366302,54388.652090931304,False,0.0052421,2.0710003570690185,0.0053535,0.0,0.17185019146352953,1,2.6666870649098513,0.0053535,0.0,0.2577752871952943,1,4.000030597364798
CAKE-EUR,2026-09-25T14:41:27.338768+00:00,1790347287.3387678,False,WAITING_INSUFFICIENT_NET_RISK_REWARD,2.4298,2.435,0.21400938348834497,62915.41948207115,False,2.3813,3.3235742855964707,2.435,0.0,0.2135523613962964,1,2.790399637456659,2.435,0.0,0.3203285420944446,1,4.1855994561850025
APT-EUR,2026-09-25T14:41:26.970249+00:00,1790347286.9702487,False,WAITING_INSUFFICIENT_NET_RISK_REWARD,0.735,0.7362,0.16326530612245094,34972.13145470795,False,0.7149,3.940217391304336,0.7362,0.0,0.16299918500407573,1,3.474180990067609,0.7362,0.0,0.2444987775061136,1,5.211271485101378
DEEP-EUR,2026-09-25T14:41:31.701366+00:00,1790347291.7013662,False,WAITING_INSUFFICIENT_NET_RISK_REWARD,0.019336,0.019417,0.4189077368638827,55893.79870776967,False,0.01875,4.615384615384615,0.019417,0.0,0.41716022042540546,1,4.012837684847469,0.019417,0.0,0.6257403306381082,1,6.019256527271182
ALICE-EUR,2026-09-25T14:41:26.671099+00:00,1790347286.6710994,False,WAITING_INSUFFICIENT_NET_RISK_REWARD,0.13631,0.13653,0.1613968160810053,57709.59506066098,False,0.13289,4.705882352941168,0.1367009762065209,0.12522977112787714,0.16113674650262144,2,3.3693954196795914,0.13671825358321574,0.1378844087128961,0.24170511975393216,3,5.072410252271737
AIXBT-EUR,2026-09-25T14:41:30.185038+00:00,1790347290.1850376,False,WAITING_INSUFFICIENT_NET_RISK_REWARD,0.020579,0.020632,0.2575440983527022,34386.651085618214,False,0.020032,2.9551294722277195,0.020632,0.0,0.25688251260178596,1,3.488960421745162,0.020632,0.0,0.38532376890267894,1,5.233440632617743
BILL-EUR,2026-09-25T14:41:31.347695+00:00,1790347291.3476954,False,WAITING_INSUFFICIENT_NET_RISK_REWARD,0.011315,0.011326,0.09721608484312139,24419.496256684,False,0.011122,5.456953642384111,0.011326222027569655,0.001960335243289535,0.09712166696096425,3,2.3905577454216598,0.011327374310556958,0.01213412111036316,0.14568250044144637,4,3.600730674331146
CFG-EUR,2026-09-25T14:41:27.893291+00:00,1790347287.893291,False,WAITING_INSUFFICIENT_NET_RISK_REWARD,0.135965,0.136079,0.08384510719670057,41455.90847673914,False,0.131471,3.0478848413631128,0.1360905616588538,0.00849628440375838,0.08377486607045181,2,3.972422913073146,0.1360913392492016,0.009067710081356317,0.12566229910567772,3,5.959457384330705
FUEL-EUR,2026-09-25T14:41:32.487805+00:00,1790347292.4878054,False,WAITING_DEPTH_SLIPPAGE,0.000764,0.0007678,0.49738219895287816,9163.401198331101,False,,,0.0007725982489105665,0.6249347369844394,0.4949205522271405,2,,0.0007727321195318957,0.6423703479937037,0.7423808283407107,2,
DUSK-EUR,2026-09-25T14:41:32.233055+00:00,1790347292.2330549,False,WAITING_INSUFFICIENT_NET_RISK_REWARD,0.078377,0.078722,0.44018015489237783,50030.81710813771,False,0.076644,2.2813344190675644,0.078722,0.0,0.4382510606945944,1,3.22213113845298,0.078722,0.0,0.6573765910418916,1,4.833196707679463
ETHFI-EUR,2026-09-25T14:59:04.319832+00:00,1790348344.319832,True,ENTRY_READY_SHADOW,0.63013,0.63124,0.17615412692619792,26178.96949450526,False,0.60396,3.108567397717074,0.63124,0.0,0.17584436981180618,1,4.894052508927899,0.63124,0.0,0.26376655471770927,1,7.341078763391835
KMNO-EUR,2026-09-25T14:58:47.986267+00:00,1790348327.9862673,True,ENTRY_READY_SHADOW,0.038376,0.038398,0.05732749635189993,71401.24577070042,False,0.03586,5.553582648127407,0.03840315910616509,0.01343587208992858,0.05729465076306228,2,7.180901741713669,0.038403772717833996,0.015033902375116703,0.08594197614459342,2,10.773577194079962
QNT-EUR,2026-09-25T14:58:51.245621+00:00,1790348331.2456214,True,ENTRY_READY_SHADOW,83.35,83.407,0.06838632273544754,14971.667852166851,False,80.088,4.3909553310994704,83.407,0.0,0.06833958780437799,1,4.55373044841825,83.40929452301988,0.0027509957436278043,0.10250938170656698,2,6.834534148499301
DUSK-EUR,2026-09-25T14:58:49.351426+00:00,1790348329.3514256,False,WAITING_VISIBLE_DEPTH,0.078896,0.079136,0.3041979314540644,50057.38917337616,False,,,0.07913600000011167,1.411093464298574e-10,0.30327537403963545,1,,0.07913633333052525,0.0004212122488578274,0.45491306105945317,2,
ROSE-EUR,2026-09-25T14:58:51.931010+00:00,1790348331.9310105,True,ENTRY_READY_SHADOW,0.007186,0.007195,0.1252435290843401,100876.42714457322,False,0.006916,2.8393840937985684,0.007195194961137169,0.002709675290746283,0.12508686587908713,2,4.455337689792799,0.007196462860422201,0.0203316250479757,0.1876302988186307,2,6.708256649512549
PEAQ-EUR,2026-09-25T14:58:50.565458+00:00,1790348330.5654576,False,WAITING_INSUFFICIENT_NET_RISK_REWARD,0.036247,0.036391,0.3972742571799026,14139.07336367438,False,0.035317,7.467898780422279,0.03647525050841323,0.23151468333717506,0.39570223406886207,3,3.7546993731075986,0.03647783330644986,0.23861203717914226,0.5935533511032931,3,5.642270973257752
MOVR-EUR,2026-09-25T15:22:07.009438+00:00,1790349727.0094383,False,WAITING_SPREAD,0.9422,0.9512,0.9552112078115016,68931.80895554478,False,,,0.9512030926762876,0.0003251341765597715,0.9461732548360025,2,,0.9513020411937488,0.010727627601858636,1.4192598822540037,2,
EDGE-EUR,2026-09-25T15:22:07.565700+00:00,1790349727.5656998,True,ENTRY_READY_SHADOW,0.087537,0.087538,0.0011423740818194972,9990.72895639424,False,0.080922,11.363271668615187,0.08758302142260356,0.05143071877762306,0.0011423610317806698,3,8.158134651048073,0.08771862910892694,0.2063436552433684,0.0017135415476710047,4,12.450174916199273
JUP-EUR,2026-09-25T15:22:08.020965+00:00,1790349728.0209646,True,ENTRY_READY_SHADOW,0.28714,0.28763,0.17064846416381396,45406.0111139,False,0.27508,4.534482758620689,0.28763,0.0,0.17035775127768327,1,4.935395509765343,0.28763,0.0,0.2555366269165249,1,7.403093264648021
MANA-EUR,2026-09-25T15:22:10.404604+00:00,1790349730.404604,True,ENTRY_READY_SHADOW,0.080727,0.080805,0.09662194804713753,54780.24099214208,False,0.077959,2.880499701373678,0.080805,0.0,0.0965286801559384,1,4.0992427692602575,0.080805,0.0,0.1447930202339076,1,6.148864153890372
MANTRA-EUR,2026-09-25T15:22:12.112253+00:00,1790349732.1122534,True,ENTRY_READY_SHADOW,0.004193,0.004203,0.23849272597187277,101269.91410718679,False,0.004029,3.904761904761907,0.004203,0.0,0.23792529145849617,1,4.713387302621385,0.004203,0.0,0.35688793718774425,1,7.0700809539320915
RARE-EUR,2026-09-25T15:39:46.828647+00:00,1790350786.8286471,False,WAITING_STOP_GEOMETRY,0.014731,0.014768,0.25117099993212655,56904.18271683128,False,0.011505,19.612894242149967,0.014768887605932823,0.006010332697869991,0.2505417118093267,2,22.565794116968988,0.0147711196878811,0.02112464708221573,0.3758125677139901,3,33.86624294168206
SPK-EUR,2026-09-25T15:39:47.326680+00:00,1790350787.3266797,True,ENTRY_READY_SHADOW,0.020431,0.020521,0.4405070725857829,120220.8113200578,False,0.019526,3.422501966955147,0.020525645271282776,0.02263667113091561,0.43857511817162464,2,5.439343824074413,0.0205257635128262,0.02321286889626073,0.657862677257437,2,8.1598328310221
ZIG-EUR,2026-09-25T15:39:52.040527+00:00,1790350792.0405266,False,WAITING_INSUFFICIENT_NET_RISK_REWARD,0.045248,0.045344,0.21216407355022504,37448.433878504904,False,0.044344,4.156088593189191,0.04543403173524154,0.1985526976921781,0.21171489061398985,2,2.983053888660791,0.04546797037749882,0.2733997386618281,0.31757233592098477,2,4.5832053240218045
MANA-EUR,2026-09-25T15:39:50.446912+00:00,1790350790.446912,False,WAITING_INSUFFICIENT_NET_RISK_REWARD,0.080121,0.080184,0.07863107050587459,57183.68628792403,False,0.077942,3.7132561640792727,0.080184,0.0,0.07856929063155826,1,3.3775958002330384,0.08020016977925158,0.02016584262642951,0.1178539359473374,2,5.095614890609511
WMTX-EUR,2026-09-25T15:39:51.315490+00:00,1790350791.31549,False,WAITING_SPREAD,0.0225,0.02284,1.5111111111111075,1524.9046514290999,False,,,0.022869254724620435,0.12808548432765576,1.488616462346759,5,,0.022891433326781428,0.2251896969414524,2.232924693520139,6,
WLD-EUR,2026-09-25T15:39:50.893841+00:00,1790350790.8938413,False,WAITING_INSUFFICIENT_NET_RISK_REWARD,0.39703,0.39717,0.035261819006127126,40295.558316726165,False,0.38772,2.6288620854632,0.3972177309019869,0.012017751085657835,0.035249389430225264,2,2.9750139037352454,0.39730178501336155,0.03318100897891085,0.052874084145337896,2,4.493311111128065
EDGE-EUR,2026-09-25T15:56:53.654764+00:00,1790351813.6547637,False,WAITING_SPREAD,0.086636,0.087095,0.5298028533173182,1856.06248860329,False,,,0.08731682191943332,0.254689614137793,0.5270107354038656,6,,0.08735152034705879,0.2945293611100297,0.7905161031057983,6,
XAN-EUR,2026-09-25T15:56:57.247676+00:00,1790351817.247676,False,WAITING_INSUFFICIENT_NET_RISK_REWARD,0.01053,0.0105504,0.19373219373219897,60705.3538726373,False,0.0103243,1.8622981956315232,0.0105504,0.0,0.19335759781620165,1,2.7284802027574386,0.0105504,0.0,0.2900363967243025,1,4.092720304136122
SAPIEN-EUR,2026-09-25T15:56:51.192563+00:00,1790351811.1925626,False,WAITING_INSUFFICIENT_NET_RISK_REWARD,0.069939,0.069987,0.06863123579117225,60709.23876744003,False,0.068871,1.5030819615863114,0.06999525301411565,0.011792210147110183,0.06858416563074732,2,2.1948299506797895,0.06999650196483789,0.01357675688042903,0.10287624844612098,2,3.2948626390698337
EURC-EUR,2026-09-25T15:56:57.494730+00:00,1790351817.4947302,False,WAITING_SPREAD,0.99559,1.00099,0.5423919484928597,40827.058728001444,False,,,1.00099,0.0,0.5394659287305648,1,,1.00099,0.0,0.8091988930958471,1,
2Z-EUR,2026-09-25T16:14:51.675121+00:00,1790352891.6751213,True,ENTRY_READY_SHADOW,0.050747,0.050809,0.12217470983506562,28055.26033968515,False,0.048354,3.8660310083730645,0.050809,0.0,0.12202562538132788,1,5.401168917341337,0.050809,0.0,0.18303843807199183,1,8.101753376012027
FIL-EUR,2026-09-25T16:14:52.383316+00:00,1790352892.3833156,True,ENTRY_READY_SHADOW,0.90311,0.90506,0.2159205412408216,37115.95818836891,False,0.86946,3.173863863197815,0.90506,0.0,0.21545532892847108,1,4.508163259233072,0.90506,0.0,0.3231829933927066,1,6.762244888849608
AI-EUR,2026-09-25T16:14:49.824516+00:00,1790352889.8245158,False,WAITING_INSUFFICIENT_NET_RISK_REWARD,0.018504,0.018505,0.00540423692174663,60126.4395155791,False,0.017952,2.0450797141286463,0.018509779992041255,0.025830813516636297,0.005403944879767142,2,3.593660301573877,0.01851185286365037,0.03703249743511883,0.008105917319650713,2,5.4066831559738375
CFG-EUR,2026-09-25T16:14:55.946054+00:00,1790352895.946054,True,ENTRY_READY_SHADOW,0.137491,0.137595,0.07564131470423341,42931.080612378944,False,0.131526,4.558423462278544,0.13759504745553855,3.4489289979511284e-05,0.07558414186561446,2,4.982670246664668,0.13760038600774271,0.003914392051096449,0.1133762127984217,4,7.479535023545651
SKL-EUR,2026-09-25T16:14:57.346762+00:00,1790352897.3467622,False,WAITING_INSUFFICIENT_NET_RISK_REWARD,0.0040231,0.004037,0.3455047102980169,104247.79747399112,False,0.0039318,2.110176013505127,0.004037,0.0,0.3443150854595012,1,3.188559947666107,0.004037,0.0,0.5164726281892518,1,4.782839921499175
BIO-EUR,2026-09-25T16:14:54.771523+00:00,1790352894.771523,False,WAITING_INSUFFICIENT_NET_RISK_REWARD,0.028407,0.028455,0.16897243637130632,98494.75281911243,False,0.027473,3.941901345928477,0.028455,0.0,0.16868740115972836,1,4.028671310653252,0.028455157534271927,0.000553625977595118,0.25303110173959253,2,6.043803944877595
CHILLGUY-EUR,2026-09-25T16:14:56.625925+00:00,1790352896.6259246,True,ENTRY_READY_SHADOW,0.0121675,0.0121981,0.2514896239983688,53960.150888560915,False,0.0117068,2.997830408922545,0.0121981,0.0,0.25085874029562305,1,4.601835055420608,0.0121981,0.0,0.3762881104434346,1,6.902752583130905
WMTX-EUR,2026-09-25T16:14:51.154952+00:00,1790352891.1549523,True,ENTRY_READY_SHADOW,0.023025,0.023091,0.28664495114005817,1890.3963434957,False,0.020867,10.923206042803194,0.023091,0.0,0.2858256463557196,1,10.17209188928419,0.023094751770776623,0.016247762230414686,0.4287384695335794,2,15.280026814846252
CAKE-EUR,2026-09-25T16:14:58.363809+00:00,1790352898.3638089,False,WAITING_INSUFFICIENT_NET_RISK_REWARD,2.4328,2.4342,0.05754685958567762,63147.65341235384,False,2.3875,1.9326065411298203,2.4342,0.0,0.057513762221683695,1,2.50527166800768,2.4342,0.0,0.08627064333252554,1,3.7579075020115624
BNB-EUR,2026-09-25T16:14:55.343134+00:00,1790352895.3431342,False,WAITING_INSUFFICIENT_NET_RISK_REWARD,678.51,678.85,0.05010979941342253,72601.10276363669,False,674.48,0.8450870115720988,678.85,0.0,0.05008470206968596,1,1.2381389165371672,678.85,0.0,0.07512705310452894,1,1.8572083748057366
EPIC-EUR,2026-09-25T16:14:59.015790+00:00,1790352899.0157895,False,WAITING_INSUFFICIENT_NET_RISK_REWARD,0.43723,0.43833,0.2515838345950705,31499.758592619684,False,0.43121,1.6215473409372065,0.43833000000711586,1.623412515527889e-09,0.2509524787260742,1,2.2128835923504795,0.43833333328263674,0.0007604504908886867,0.37642871808911127,2,3.3204408115724107
AAVE-EUR,2026-09-25T16:35:46.675662+00:00,1790354146.6756623,True,ENTRY_READY_SHADOW,135.09,135.17,0.059219779406305406,88104.2815689391,False,127.83,5.245634803196215,135.17,0.0,0.05918473033955651,1,5.995966970197472,135.17,0.0,0.08877709550933477,1,8.993950455296186
SPK-EUR,2026-09-25T16:35:47.180615+00:00,1790354147.180615,False,WAITING_STOP_GEOMETRY,0.022724,0.02275,0.11441647597252302,125659.5978549153,False,0.019589,14.100047974181166,0.022770618212790354,0.09062950677078963,0.11428571428571122,2,14.48713526064455,0.022773078276857265,0.10144297519676382,0.17142857142856682,2,21.744559194663168
DYM-EUR,2026-09-25T16:35:52.523480+00:00,1790354152.5234804,False,WAITING_SPREAD,0.017937,0.01805,0.6299827172882688,27295.26925161354,False,,,0.018050490041528942,0.002714911517687213,0.6260387811634294,2,,0.018050660024484414,0.003656645343008691,0.939058171745144,2,
REZ-EUR,2026-09-25T16:35:48.827795+00:00,1790354148.827795,False,WAITING_INSUFFICIENT_NET_RISK_REWARD,0.0036525,0.0036609,0.22997946611909015,26986.73813406825,False,0.0035496,2.9544152549308444,0.0036609,0.0,0.22945177415389928,1,3.620302027035166,0.003660917589733911,0.0004804756729592796,0.3441776612308489,2,5.431147658718913
HUMA-EUR,2026-09-25T16:35:49.468326+00:00,1790354149.4683256,True,ENTRY_READY_SHADOW,0.023157,0.023225,0.29364770911601834,39651.3380691029,False,0.021595,5.351576030481459,0.023225612334151043,0.002636530252075886,0.29278794402582964,2,7.5770030893377225,0.02322574155466279,0.0031929156632415356,0.43918191603874446,2,11.366275951486159
CHIP-EUR,2026-09-25T16:35:51.694571+00:00,1790354151.6945708,True,ENTRY_READY_SHADOW,0.043068,0.043176,0.25076623014765875,31527.6443471106,False,0.041544,4.278708717781863,0.0431794789780248,0.008057666353522563,0.2501389660922615,3,4.363224882822422,0.043179985973443726,0.009231919223018359,0.37520844913839224,3,6.546521695098022
CHILLGUY-EUR,2026-09-25T16:35:51.293472+00:00,1790354151.293472,False,WAITING_INSUFFICIENT_NET_RISK_REWARD,0.0122262,0.0122759,0.40650406504065817,55170.41886942943,False,0.0118585,3.2276422764227624,0.0122759,0.0,0.4048582995951344,1,3.9780708034896577,0.0122759,0.0,0.6072874493927016,1,5.967106205234444
BEAM-EUR,2026-09-25T16:35:50.700053+00:00,1790354150.700053,True,ENTRY_READY_SHADOW,0.0018807,0.0018868,0.3243473174881606,25334.6310384241,False,0.0018187,2.4071306575576408,0.0018868,0.0,0.32329870680517514,1,4.185947218555242,0.0018868,0.0,0.4849480602077627,1,6.278920827832906
AEVO-EUR,2026-09-25T16:35:56.829063+00:00,1790354156.8290632,False,WAITING_INSUFFICIENT_NET_RISK_REWARD,0.022771,0.022838,0.29423389398797184,55635.584427533715,False,0.022408,1.800572309046884,0.022838,0.0,0.2933706979595496,1,2.4698171376882243,0.022838,0.0,0.44005604693932443,1,3.7047257065323436
DEEP-EUR,2026-09-25T16:35:53.924365+00:00,1790354153.9243646,False,WAITING_SPREAD,0.019441,0.019546,0.5400956740908347,99711.28402769621,False,,,0.019546,0.0,0.5371943108564481,1,,0.019546062544961593,0.0003199885479920894,0.8057914662846721,2,
SAND-EUR,2026-09-25T16:35:52.872269+00:00,1790354152.8722694,False,WAITING_INSUFFICIENT_NET_RISK_REWARD,0.039527,0.039638,0.28082070483466115,55751.05014709406,False,0.038967,1.0411916704666404,0.039638,0.0,0.2800343105101133,1,2.280947015628584,0.039638,0.0,0.42005146576516994,1,3.421420523442862
BIO-EUR,2026-09-25T16:53:33.724454+00:00,1790355213.724454,True,ENTRY_READY_SHADOW,0.028867,0.028901,0.11778154986663569,101649.27262013445,False,0.027865,2.2577839624282494,0.028901,0.0,0.11764298813189411,1,4.161460082881604,0.028901,0.0,0.17646448219784117,1,6.242190124322406
QNT-EUR,2026-09-25T16:53:34.313546+00:00,1790355214.3135464,True,ENTRY_READY_SHADOW,86.653,86.724,0.08193599759962478,14158.32232765301,False,81.793,6.323008951909507,86.73166447255743,0.00883777565312549,0.08186891748535041,2,6.258377142404342,86.74010800405617,0.018573871196170266,0.12280337622802562,2,9.401253332233381
TRAC-EUR,2026-09-25T16:53:34.720945+00:00,1790355214.7209451,False,WAITING_SPREAD,0.33058,0.34096,3.1399358702885793,20544.84685613479,False,,,0.3438684326975766,0.8530128746998544,3.0443453777569185,5,,0.34423815836387966,0.9614495436061965,4.5665180666353775,5,
GWEI-EUR,2026-09-25T16:53:35.406572+00:00,1790355215.4065723,False,WAITING_INSUFFICIENT_NET_RISK_REWARD,0.020978,0.021022,0.20974354085232516,59793.059988337,False,0.020497,2.375296912114017,0.021025122171656176,0.014851924917591575,0.20930453810293903,2,3.095089594965202,0.021026747862997186,0.022585210718228943,0.31395680715440855,2,4.653872754754701
HUMA-EUR,2026-09-25T16:53:40.945853+00:00,1790355220.945853,True,ENTRY_READY_SHADOW,0.023633,0.023691,0.24541954047305747,42091.9455694722,False,0.021588,7.065725703596634,0.023691,0.0,0.24481870752606216,1,9.421937242495886,0.023691,0.0,0.36722806128909324,1,14.132905863743844
BILL-EUR,2026-09-25T16:53:40.219445+00:00,1790355220.2194455,True,ENTRY_READY_SHADOW,0.011275,0.011291,0.14190687361419485,29054.6748258358,False,0.010786,4.372893383005148,0.011291929991468127,0.008236573094744237,0.14170578336728523,2,5.051906163161391,0.011291953327548966,0.008443251695733345,0.21255867505092785,2,7.578153575979002
ASTER-EUR,2026-09-25T16:53:39.379286+00:00,1790355219.379286,False,WAITING_INSUFFICIENT_NET_RISK_REWARD,0.63882,0.63965,0.12992705300398644,40261.092194935,False,0.63054,1.4053428066166902,0.63965,0.0,0.1297584616587244,1,2.0139502958386117,0.63965,0.0,0.1946376924880866,1,3.020925443757932
AI-EUR,2026-09-25T17:09:29.299640+00:00,1790356169.2996404,True,ENTRY_READY_SHADOW,0.018836,0.018837,0.0053089827988905824,31565.1673307463,False,0.018077,2.9603854389721516,0.01884626403722855,0.049180003336801725,0.005308700960882096,3,4.6556202167805765,0.01884984133292419,0.06817079643357538,0.007963051441323143,3,7.010571803450006
FLOCK-EUR,2026-09-25T17:09:29.479623+00:00,1790356169.4796228,False,WAITING_SPREAD,0.064748,0.065078,0.5096682523012319,58571.94275668436,False,,,0.065078,0.0,0.5070838071237538,1,,0.065078,0.0,0.7606257106856307,1,
ATH-EUR,2026-09-25T17:09:30.599869+00:00,1790356170.5998695,True,ENTRY_READY_SHADOW,0.0053144,0.0053175,0.05833207888001901,55070.23641438052,False,0.0051306,2.897539824677171,0.005324968834201716,0.1404576248559497,0.05829807240244067,2,4.226557555795452,0.005325245860640738,0.14566733692031875,0.087447108603661,2,6.347309728276485
RARE-EUR,2026-09-25T17:09:28.873507+00:00,1790356168.8735065,False,WAITING_SPREAD,0.01427,0.014379,0.7638402242466702,36138.56516510985,False,,,0.014379,0.0,0.7580499339314262,1,,0.014379,0.0,1.1370749008971393,1,
GRASS-EUR,2026-09-25T17:28:46.996110+00:00,1790357326.9961104,False,WAITING_SPREAD,0.47937,0.48238,0.6279074618770419,19585.71544094634,False,,,0.48238,0.0,0.6239893859612655,1,,0.48238,0.0,0.9359840789418983,1,
GRT-EUR,2026-09-25T17:28:48.472874+00:00,1790357328.4728742,True,ENTRY_READY_SHADOW,0.023829,0.02387,0.17205925552896684,63841.418289420435,False,0.022782,2.7573294753414865,0.02387,0.0,0.1717637201508193,1,5.129008417372972,0.02387,0.0,0.25764558022622897,1,7.693512626059459
SAGA-EUR,2026-09-25T17:28:46.283078+00:00,1790357326.283078,True,ENTRY_READY_SHADOW,0.03221,0.032277,0.20800993480285523,41382.58855422694,False,0.029863,7.4834227976002445,0.032277,0.0,0.2075781516249875,1,8.032520682678467,0.032277,0.0,0.31136722743748124,1,12.0487810240177
BNB-EUR,2026-09-25T17:28:52.803328+00:00,1790357332.8033276,False,WAITING_INSUFFICIENT_NET_RISK_REWARD,678.16,678.33,0.02506783060045592,59568.8112622576,False,675.62,0.49435028248587776,678.33,0.0,0.02506154821401152,1,0.9953748374188649,678.33,0.0,0.03759232232101728,1,1.4930622561282973
PROM-EUR,2026-09-25T17:47:34.792521+00:00,1790358454.7925205,True,ENTRY_READY_SHADOW,5.0829,5.0888,0.11607546872847152,17586.385345361705,False,4.7726,10.126333575652783,5.0888,0.0,0.11594088979719475,1,6.774726610999636,5.088994617281681,0.0038244238657725305,0.17391133469579212,2,10.167437706383907
MET-EUR,2026-09-25T17:47:21.156046+00:00,1790358441.1560464,True,ENTRY_READY_SHADOW,0.31035,0.31123,0.28355082970838996,24376.4486820286,False,0.29621,4.483887533701368,0.31123,0.0,0.282749092311152,1,5.39539544769795,0.31123,0.0,0.42412363846672796,1,8.093093171546911
GRASS-EUR,2026-09-25T17:47:21.734699+00:00,1790358441.7346995,False,WAITING_STOP_GEOMETRY,0.48397,0.48499,0.21075686509492986,32822.17417701395,False,0.43194,9.999584476024268,0.4849900000159242,3.283417981947423e-09,0.21031361471369747,1,11.471184955225226,0.4849933332875142,0.0006872899470655724,0.3154704220705462,2,17.207690096674128
AI-EUR,2026-09-25T17:47:23.180269+00:00,1790358443.1802685,True,ENTRY_READY_SHADOW,0.019027,0.019028,0.005255689283645282,29486.4422248458,False,0.018079,4.384111557151899,0.019028,0.0,0.005255413075477833,1,5.555804112275538,0.019028,0.0,0.00788311961321675,1,8.3337061684133
RARE-EUR,2026-09-25T17:47:23.698099+00:00,1790358443.6980987,True,ENTRY_READY_SHADOW,0.014508,0.014548,0.27570995312931057,43289.28459368798,False,0.01313,18.17747440273038,0.014548,0.0,0.27495188342040455,1,10.286986513644408,0.014548,0.0,0.41242782513060683,1,15.430479770466576
PIXEL-EUR,2026-09-25T17:47:26.423059+00:00,1790358446.4230592,True,ENTRY_READY_SHADOW,0.0053311,0.0053442,0.24572789855752397,53269.49985717306,False,0.005124,3.925289840094698,0.0053442,0.0,0.24512555667827174,1,4.693958938961103,0.0053442,0.0,0.3676883350174076,1,7.0409384084416615
SUPER-EUR,2026-09-25T17:47:24.924955+00:00,1790358444.9249547,False,WAITING_INSUFFICIENT_NET_RISK_REWARD,0.1555,0.1558,0.19292604501608412,68440.57538362604,False,0.15362,1.352564102564103,0.1558,0.0,0.19255455712451353,1,1.9891131926281673,0.1558,0.0,0.2888318356867703,1,2.983669788942251
PEAQ-EUR,2026-09-25T17:47:28.343797+00:00,1790358448.3437972,False,WAITING_DEPTH_SLIPPAGE,0.0368,0.036802,0.005434782608704225,24956.233877205166,False,,,0.03698742053482648,0.5038327667694187,0.005434487256128495,3,,0.03699261223202172,0.5179398728920148,0.008151730884192743,3,
WMTX-EUR,2026-09-25T17:47:28.159884+00:00,1790358448.1598845,False,WAITING_STOP_GEOMETRY,0.02404,0.024053,0.05407653910149968,2096.2409016845,False,0.021207,9.849456847147376,0.024053,0.0,0.054047312185601104,1,12.359671571082671,0.02405386259753587,0.0035862367931960293,0.08107096827840166,2,18.544221672113224
TAIKO-EUR,2026-09-25T17:47:25.542096+00:00,1790358445.5420961,False,WAITING_INSUFFICIENT_NET_RISK_REWARD,0.08059,0.08066,0.08685941183770307,26862.14587259804,False,0.07881,1.9347637355822795,0.08066,0.0,0.08678403173816296,1,2.8781109153721047,0.08066,0.0,0.13017604760724444,1,4.317166373058143
INX-EUR,2026-09-25T17:47:27.009078+00:00,1790358447.0090778,False,WAITING_INSUFFICIENT_NET_RISK_REWARD,0.005182,0.005189,0.13508297954458737,32910.8705437408,False,0.005119,1.0414657666345104,0.005191654451729232,0.051155361904631214,0.1349007515899059,2,1.9893290970585866,0.005191769629375461,0.05337501205360251,0.20235112738485883,2,2.987255145765829
REZ-EUR,2026-09-25T18:01:00.111435+00:00,1790359260.1114354,True,ENTRY_READY_SHADOW,0.0037831,0.0037894,0.16653009436704558,20395.382837516998,False,0.0036077,4.715065530972291,0.0037894,0.0,0.16625323270174075,1,5.364522686791204,0.003789414697158332,0.0003878492197184613,0.24937984905261112,2,8.047334592491978
WMTX-EUR,2026-09-25T18:00:58.091013+00:00,1790359258.0910127,False,WAITING_STOP_GEOMETRY,0.024779,0.0249,0.48831671980305025,16685.3038004175,False,0.021298,12.604872539528891,0.024909835094003588,0.0394983694923301,0.48594377510039477,2,15.01114437071304,0.024939549215631508,0.15883219129120274,0.7289156626505922,3,22.66860598105589
ZAMA-EUR,2026-09-25T18:01:00.721894+00:00,1790359260.721894,False,WAITING_INSUFFICIENT_NET_RISK_REWARD,0.08097,0.081109,0.17166851920464854,79261.07887564131,False,0.07827,3.4727012910219623,0.081109,0.0,0.17137432344129788,1,4.077542184927751,0.081109,0.0,0.2570614851619468,1,6.11631327739164
CC-EUR,2026-09-25T18:01:01.099292+00:00,1790359261.0992923,True,ENTRY_READY_SHADOW,0.11194,0.112,0.05360014293371851,79954.8758880537,False,0.10804,2.619068974795951,0.11200000000041553,3.710143303692348e-10,0.0535714285714306,2,4.112816085143777,0.11204329982779165,0.038660560528258614,0.0803571428571459,2,6.2248084221465945
DEEP-EUR,2026-09-25T18:01:04.949835+00:00,1790359264.9498353,False,WAITING_INSUFFICIENT_NET_RISK_REWARD,0.019502,0.019559,0.2922777151061595,54755.573452541874,False,0.019209,1.9578925956061835,0.019559,0.0,0.2914259420215837,1,2.3770063949997677,0.019559,0.0,0.4371389130323755,1,3.565509592499666
EDGE-EUR,2026-09-25T18:01:05.160759+00:00,1790359265.1607594,False,WAITING_DEPTH_SLIPPAGE,0.086387,0.086388,0.0011575815805686673,6241.5260483071,False,,,0.08744681998057398,1.225656318671553,0.0011575681807651783,6,,0.08749682273766408,1.283537919229616,0.0017363522711477675,6,
CELR-EUR,2026-09-25T18:01:04.297168+00:00,1790359264.2971675,True,ENTRY_READY_SHADOW,0.0027565,0.0027634,0.2503174315255041,36295.2459239022,False,0.0026615,3.363504706734248,0.0027633999999999996,-1.1102230246251565e-14,0.24969240790331249,1,4.263680245358927,0.0027634,0.0,0.37453861185496873,1,6.395520368038433
CFG-EUR,2026-09-25T18:01:09.012349+00:00,1790359269.0123487,False,WAITING_INSUFFICIENT_NET_RISK_REWARD,0.137898,0.138045,0.10660053082713894,41748.29501230538,False,0.13604,2.0264195812308015,0.13807476116341671,0.021559030328299755,0.10648701510377334,3,2.06310434747229,0.13808383958164178,0.028135449774913113,0.15973052265566,3,3.1043149153524325
DUSK-EUR,2026-09-25T18:01:10.257319+00:00,1790359270.2573187,False,WAITING_INSUFFICIENT_NET_RISK_REWARD,0.079649,0.079806,0.19711484136650803,54188.535269661916,False,0.078351,2.9435143012150062,0.079806,0.0,0.1967270631280882,1,2.4105183530160303,0.079806,0.0,0.2950905946921323,1,3.6157775295240526
EPIC-EUR,2026-09-25T18:00:59.567831+00:00,1790359259.5678313,True,ENTRY_READY_SHADOW,0.42961,0.43076,0.26768464421218496,57873.56113815954,False,0.41525,6.285860298729348,0.4307674383913233,0.0017268064173459052,0.26697000650013347,2,4.178981054239472,0.43076991783671026,0.002302404287846116,0.4004550097502002,3,6.269298877928293
EDGE-EUR,2026-09-25T18:24:04.868540+00:00,1790360644.8685396,False,WAITING_SPREAD,0.088737,0.089616,0.990567632441941,2025.9278751219101,False,,,0.08962379602780218,0.008699370427356357,0.9808516336368589,2,,0.089681877902701,0.0735113179577418,1.4712774504552883,4,
FARTCOIN-EUR,2026-09-25T18:24:05.355910+00:00,1790360645.3559103,False,WAITING_INSUFFICIENT_NET_RISK_REWARD,0.16799,0.16811,0.07143282338235579,56037.0184866736,False,0.16314,2.5314951271690123,0.16811,0.0,0.07138183332342507,1,3.5369651832586158,0.16811,0.0,0.1070727499851376,1,5.305447774887909
OP-EUR,2026-09-25T18:24:06.777163+00:00,1790360646.777163,False,WAITING_INSUFFICIENT_NET_RISK_REWARD,0.12371,0.12379,0.06466736722980926,40760.40021622755,False,0.11951,2.327100514411697,0.12379,0.0,0.06462557557153081,1,4.035038202216384,0.12379,0.0,0.09693836335729622,1,6.052557303324562
CHIP-EUR,2026-09-25T18:24:09.165066+00:00,1790360649.1650665,False,WAITING_INSUFFICIENT_NET_RISK_REWARD,0.042783,0.042881,0.22906294556248596,26558.5821258883,False,0.04172,3.1421220639382548,0.042881,0.0,0.22853944637485357,1,3.2895494990747665,0.042881,0.0,0.34280916956228036,1,4.934324248612171
PIXEL-EUR,2026-09-25T18:24:13.457141+00:00,1790360653.4571414,False,WAITING_INSUFFICIENT_NET_RISK_REWARD,0.0053144,0.0053227,0.15617943700134695,53814.630011205416,False,0.0051981,2.5891493333836184,0.005322784369457427,0.0015850875951572974,0.15593589719501422,2,2.926705625181228,0.005322789579628085,0.0016829734549306252,0.23390384579252133,2,4.390200966916325
SPK-EUR,2026-09-25T18:44:07.793382+00:00,1790361847.7933824,True,ENTRY_READY_SHADOW,0.021371,0.021397,0.1216601937204631,99134.4695255159,False,0.020392,10.429042904290423,0.02139700000001437,6.716849298982197e-11,0.12151236154600564,2,5.267074963493926,0.02139733332295756,0.0015578022973361527,0.18226854231900846,2,7.902826038185907
GRASS-EUR,2026-09-25T18:43:50.950328+00:00,1790361830.9503284,True,ENTRY_READY_SHADOW,0.49311,0.49389,0.15817971649327855,25929.033685295064,False,0.44647,8.483587133466584,0.49389000000872463,1.7665202634020716e-09,0.15792990341979563,1,10.142142231507293,0.4938933332883398,0.0006749050071475082,0.23689485512969344,2,15.214123021512563
APT-EUR,2026-09-25T18:43:53.112242+00:00,1790361833.112242,True,ENTRY_READY_SHADOW,0.7538,0.7542,0.05306447333510711,64659.12460961374,False,0.727,2.277294038847959,0.7542,0.0,0.05303632988596929,1,4.183148929585343,0.7542,0.0,0.07955449482895394,1,6.2747233943780145
QNT-EUR,2026-09-25T18:43:57.809863+00:00,1790361837.809863,False,WAITING_INSUFFICIENT_NET_RISK_REWARD,86.437,86.52,0.09602369355714568,27724.042832743828,False,83.726,4.28730186582442,86.52,0.0,0.09593157651409667,1,3.8082460111856022,86.52,0.0,0.143897364771145,1,5.7123690167784105
SUSHI-EUR,2026-09-25T18:43:56.579412+00:00,1790361836.5794122,False,WAITING_INSUFFICIENT_NET_RISK_REWARD,0.23234,0.23264,0.12912111560645645,45163.45037155579,False,0.22814,2.578316359417291,0.23263999999999999,-1.1102230246251565e-14,0.12895460797800462,1,2.5210013352107836,0.23264,0.0,0.19343191196700693,1,3.7815020028161825
GLMR-EUR,2026-09-25T18:44:01.781818+00:00,1790361841.7818182,True,ENTRY_READY_SHADOW,0.006173,0.006194,0.34019115502996744,8755.08037221542,False,0.005933,3.6257688572353413,0.006194,0.0,0.33903777849532135,1,4.7868006364457045,0.006193999999999999,-1.1102230246251565e-14,0.508556667742982,1,7.180200954668493
ZEN-EUR,2026-09-25T18:59:43.248769+00:00,1790362783.248769,True,ENTRY_READY_SHADOW,6.7853,6.7966,0.16653648328002202,74160.88937785607,False,6.5293,2.3485582296401093,6.7966,0.0,0.1662596003884187,1,4.507574701976168,6.7966,0.0,0.24938940058262804,1,6.761362052964273
PHA-EUR,2026-09-25T18:59:43.737041+00:00,1790362783.737041,True,ENTRY_READY_SHADOW,0.072669,0.072833,0.22568082676244217,41831.179517142446,False,0.065981,7.821714221680612,0.072833,0.0,0.2251726552524258,1,9.949795026938432,0.07283829560255814,0.0072708834706114445,0.3377589828786387,2,14.934512994576806
USELESS-EUR,2026-09-25T18:59:50.064466+00:00,1790362790.0644655,True,ENTRY_READY_SHADOW,0.263023,0.263624,0.22849712762762486,25343.13104061198,False,0.247169,4.4398654071741745,0.263624,0.0,0.22797620853943767,1,6.802756702415962,0.263624,0.0,0.3419643128091565,1,10.20413505362393
INJ-EUR,2026-09-25T18:59:49.606990+00:00,1790362789.60699,True,ENTRY_READY_SHADOW,7.175,7.1862,0.1560975609756099,30809.955780016,False,6.8322,5.038700230109476,7.186288037448814,0.0012250904346311486,0.1558542762517101,2,5.496049838998232,7.186292024961451,0.0012805789074921137,0.23378141437756517,2,8.244153415688174
XAI-EUR,2026-09-25T18:59:47.717110+00:00,1790362787.71711,True,ENTRY_READY_SHADOW,0.0081864,0.0082142,0.33958760871688476,53722.061984287204,False,0.0078776,4.213448790391638,0.008218184335453575,0.04850545949179885,0.33843831413892245,2,4.717738193903756,0.008220821197105,0.0806067189135895,0.5076574712083837,2,7.1224505471788575
TAO-EUR,2026-09-25T18:59:47.122984+00:00,1790362787.122984,False,WAITING_INSUFFICIENT_NET_RISK_REWARD,268.76,268.89,0.048370293198396475,113430.4040470223,False,263.07,1.9569180401056552,268.89,0.0,0.048346907657403904,1,2.749759290271456,268.89,0.0,0.07252036148610586,1,4.124638935407205
XLM-EUR,2026-09-25T18:59:48.400858+00:00,1790362788.4008584,False,WAITING_INSUFFICIENT_NET_RISK_REWARD,0.19216,0.19222,0.031223980016648056,70556.95125170016,False,0.18877,1.4985170924605826,0.19222000000000003,2.220446049250313e-14,0.031214233690568527,1,2.3823352216690665,0.19222,0.0,0.04682135053585279,1,3.573502832503607
SUI-EUR,2026-09-25T18:59:45.942569+00:00,1790362785.9425695,False,WAITING_INSUFFICIENT_NET_RISK_REWARD,0.99708,0.99752,0.04412885626028373,90683.86830383888,False,0.96479,3.0155798265338967,0.9976777009277004,0.015809299833624557,0.044109391290403366,2,3.8749587337728286,0.9976884670527699,0.016888588977659325,0.06616408693560505,2,5.813994038585946
USELESS-EUR,2026-09-25T19:18:57.066041+00:00,1790363937.066041,True,ENTRY_READY_SHADOW,0.259615,0.260337,0.27810411570980964,29122.2738675361,False,0.247177,5.664470543301818,0.26033791104933063,0.00034994999966730944,0.27733284166292504,2,5.623329379823886,0.26033794069954697,0.0003613391669210486,0.41599926249438757,2,8.435010192752884
EIGEN-EUR,2026-09-25T19:18:45.088141+00:00,1790363925.0881407,True,ENTRY_READY_SHADOW,0.22605,0.22668,0.2786994027869971,41117.15711705504,False,0.21368,4.5600000000000085,0.22667999999999996,-1.1102230246251565e-14,0.2779248279512925,1,6.298901502199996,0.22667999999999996,-1.1102230246251565e-14,0.4168872419269387,1,9.448352253299987
MET-EUR,2026-09-25T19:18:45.877044+00:00,1790363925.8770437,True,ENTRY_READY_SHADOW,0.31246,0.31304,0.185623759841258,32855.3489903043,False,0.29874,4.095464473853265,0.31304,0.0,0.18527983644262003,1,5.139031781012562,0.31304,0.0,0.27791975466393004,1,7.708547671518858
PHA-EUR,2026-09-25T19:18:46.789325+00:00,1790363926.7893252,False,WAITING_STOP_GEOMETRY,0.073589,0.073718,0.17529793855060039,27204.202899461277,False,0.066086,10.174198092761166,0.0737188777611273,0.0011907012226197722,0.17499118261483648,2,10.890345029659443,0.07371891850737315,0.0012459743524484423,0.2624867739222547,2,16.335591424111584
AXS-EUR,2026-09-25T19:18:47.590673+00:00,1790363927.590673,False,WAITING_INSUFFICIENT_NET_RISK_REWARD,1.0539,1.0546,0.06641996394343153,37446.44155691009,False,1.0304,3.3799093655589174,1.0546,0.0,0.0663758771097922,1,2.8792350623535867,1.0546,0.0,0.0995638156646883,1,4.318852593530352
CNPY-EUR,2026-09-25T19:18:52.401692+00:00,1790363932.4016924,False,WAITING_INSUFFICIENT_NET_RISK_REWARD,0.3463,0.34684,0.15593416113195424,12037.656787608199,False,0.3394,1.732787452427621,0.34720289140692695,0.10462789958682883,0.1556913850766839,3,2.8321672895064722,0.34743643408492736,0.17196231257277095,0.23353707761502585,4,4.346223542946262
AIOZ-EUR,2026-09-25T19:34:30.941894+00:00,1790364870.941894,False,WAITING_INSUFFICIENT_NET_RISK_REWARD,0.107547,0.10765,0.09577208104363244,13767.303637951085,False,0.105402,2.229709091918804,0.1077704685555091,0.11190762239583485,0.09568044588944558,2,2.7828037314343703,0.1077749786594863,0.11609722200307537,0.14352066883416836,2,4.180308029306929
FUEL-EUR,2026-09-25T19:34:29.486930+00:00,1790364869.48693,False,WAITING_SPREAD,0.0007559,0.0007636,1.018653261013358,8566.5901769175,False,,,0.0007636,0.0,1.0083813514929263,1,,0.0007636,0.0,1.5125720272393894,1,
HYPE-EUR,2026-09-25T19:34:31.543144+00:00,1790364871.5431442,False,WAITING_INSUFFICIENT_NET_RISK_REWARD,80.568,80.578,0.012411875682660778,111697.99937869457,False,79.798,0.9980015143804098,80.578,0.0,0.01241033532726199,1,1.5604693805459817,80.578,0.0,0.018615502990892985,1,2.340704070818987
INJ-EUR,2026-09-25T19:34:25.923546+00:00,1790364865.9235456,True,ENTRY_READY_SHADOW,7.1874,7.1985,0.1544369312964422,31334.511015324533,False,6.8357,5.426904474840288,7.198587830255657,0.0012201188533289553,0.15419879141487236,2,5.609193265999238,7.198591886832533,0.0012764719390601087,0.23129818712230854,2,8.413869686178742
WAXP-EUR,2026-09-25T19:34:29.954846+00:00,1790364869.954846,False,WAITING_INSUFFICIENT_NET_RISK_REWARD,0.005362,0.0053775,0.28907124207386836,16492.411458838786,False,0.0053419,0.35414064975489584,0.0053774999999999995,-1.1102230246251565e-14,0.2882380288238173,1,1.2563114807124123,0.0053775,0.0,0.432357043235726,1,1.8844672210686326
2Z-EUR,2026-09-25T19:49:37.071725+00:00,1790365777.0717251,False,WAITING_INSUFFICIENT_NET_RISK_REWARD,0.051917,0.052019,0.19646743841132963,22467.56182175686,False,0.050934,2.457604409906966,0.052019,0.0,0.1960822007343599,1,2.6715524669937594,0.052019,0.0,0.29412330110153984,1,4.007328700490632
BIO-EUR,2026-09-25T19:49:38.685604+00:00,1790365778.685604,False,WAITING_INSUFFICIENT_NET_RISK_REWARD,0.029025,0.029055,0.10335917312662701,99693.96318243167,False,0.028625,1.4117889530090622,0.029055,0.0,0.10325245224575008,1,2.0693523032892784,0.029055000000000004,2.220446049250313e-14,0.15487867836862512,1,3.1040284549339106
S-EUR,2026-09-25T19:49:39.653896+00:00,1790365779.6538956,False,WAITING_INSUFFICIENT_NET_RISK_REWARD,0.036543,0.036622,0.21618367402786998,62690.6412587474,False,0.035528,2.03132311249347,0.036622,0.0,0.2157173283818592,1,3.5676582668172614,0.036622,0.0,0.3235759925727888,1,5.351487400225892
RLC-EUR,2026-09-25T20:03:02.571444+00:00,1790366582.5714438,True,ENTRY_READY_SHADOW,0.31209,0.31312,0.33003300330034513,35692.1559295958,False,0.2973,4.89665117769587,0.31312,0.0,0.328947368421062,1,5.620404389511634,0.31312,0.0,0.49342105263159297,1,8.43060658426748
PENGU-EUR,2026-09-25T20:03:03.498676+00:00,1790366583.4986763,True,ENTRY_READY_SHADOW,0.0089595,0.0089699,0.11607790613314961,73717.0495747622,False,0.0085984,3.5306880200411603,0.0089699,0.0,0.11594332155318021,1,4.715106113132748,0.0089699,0.0,0.17391498232977032,1,7.072659169699108
OP-EUR,2026-09-25T20:03:03.973862+00:00,1790366583.973862,True,ENTRY_READY_SHADOW,0.12615,0.12629,0.11097899326200089,35219.932164579484,False,0.12156,2.7401650508773385,0.12629,0.0,0.11085596642648188,1,4.3211956647299985,0.12629,0.0,0.16628394963972282,1,6.481793497094998
RAY-EUR,2026-09-25T20:03:08.960247+00:00,1790366588.9602468,False,WAITING_INSUFFICIENT_NET_RISK_REWARD,1.81061,1.81179,0.0651714063216291,16058.922796754001,False,1.79034,1.0266147103952992,1.81179,0.0,0.06512896086190434,1,1.775083601413229,1.81179,0.0,0.09769344129285651,1,2.6626254021198577
FIL-EUR,2026-09-25T20:03:06.061627+00:00,1790366586.0616271,False,WAITING_INSUFFICIENT_NET_RISK_REWARD,0.90616,0.9082,0.22512580559725937,33826.15857538873,False,0.89828,0.44917963866484706,0.9082,0.0,0.22462012772517248,1,1.6839902336209605,0.9082,0.0,0.3369301915877587,1,2.5259853504314833
LPT-EUR,2026-09-25T20:03:08.549060+00:00,1790366588.5490603,False,WAITING_INSUFFICIENT_NET_RISK_REWARD,1.4759,1.4783,0.16261264313299773,28760.102972296198,False,1.4631,0.8792100635736442,1.478394930924249,0.006421627832575716,0.16234864371237334,2,1.6266283130592285,1.4784966066288736,0.01329950814270564,0.24352296556856,2,2.450090124143145
MOVR-EUR,2026-09-25T20:03:15.488870+00:00,1790366595.4888704,False,WAITING_INSUFFICIENT_NET_RISK_REWARD,0.8729,0.8738,0.10310459388245263,55957.09836002727,False,0.855,2.377414561664182,0.8738,0.0,0.10299839780270048,1,2.736904876741548,0.8738,0.0,0.15449759670405072,1,4.105357315112286
RARE-EUR,2026-09-25T20:03:16.038341+00:00,1790366596.038341,True,ENTRY_READY_SHADOW,0.014414,0.014483,0.4787012626612963,54851.873197645866,False,0.013754,7.62969094922738,0.014483016315439606,0.00011265234831636661,0.47642063108471744,2,5.601735184207641,0.014483344195446694,0.0023765479989945604,0.7146309466270762,2,8.405808317447452
APT-EUR,2026-09-25T20:22:45.415549+00:00,1790367765.4155486,True,ENTRY_READY_SHADOW,0.7681,0.7694,0.16924879572972618,45211.75649572217,False,0.7398,2.972760607647976,0.7694,0.0,0.16896282817779884,1,4.422392225829995,0.7694,0.0,0.25344424226669826,1,6.633588338745028
AVNT-EUR,2026-09-25T20:22:25.570141+00:00,1790367745.570141,True,ENTRY_READY_SHADOW,0.10962,0.10988,0.2371829958036864,39533.340586684004,False,0.1056,3.9126062711399636,0.10988,0.0,0.23662176920277167,1,4.47010976381398,0.10988,0.0,0.3549326538041575,1,6.7051646457209415
LIGHTER-EUR,2026-09-25T20:22:33.826988+00:00,1790367753.826988,False,WAITING_INSUFFICIENT_NET_RISK_REWARD,4.2437,4.261,0.40766312416053996,107773.9173368939,False,4.1712,1.193204640502789,4.261,0.0,0.40600797934758903,1,2.693132739613077,4.261,0.0,0.6090119690213835,1,4.039699109419615
MANA-EUR,2026-09-25T20:22:35.826082+00:00,1790367755.8260825,False,WAITING_INSUFFICIENT_NET_RISK_REWARD,0.080707,0.080805,0.12142688986085393,56910.702367929654,False,0.079719,0.9998017741216144,0.080805,0.0,0.12127962378565282,1,1.9341902066811798,0.08080927497486287,0.00529048309247937,0.18191943567847924,2,2.9090671309557763
SUI-EUR,2026-09-25T20:40:15.227082+00:00,1790368815.227082,True,ENTRY_READY_SHADOW,1.03962,1.04001,0.03751370693139133,55581.40578255284,False,0.98253,3.729988285825846,1.04001,0.0,0.037499639426552545,1,6.092059557455343,1.04001,0.0,0.05624945913982882,1,9.138089336183015
TAO-EUR,2026-09-25T20:40:15.676187+00:00,1790368815.676187,True,ENTRY_READY_SHADOW,276.1,276.23,0.047084389713880626,42430.4888966785,False,266.02,3.410118251184302,276.23880781463055,0.0031885800349407134,0.04706223074973925,2,4.275389170484473,276.23920520861026,0.003332443474723945,0.07059334612460888,2,6.413290317919916
FARTCOIN-EUR,2026-09-25T20:40:16.771325+00:00,1790368816.771325,True,ENTRY_READY_SHADOW,0.17393,0.17419,0.14948542517105867,70401.9484342397,False,0.16627,3.117018806593909,0.17419,0.0,0.1492622997875892,1,5.117812464074888,0.17419,0.0,0.2238934496813838,1,7.676718696112346
FET-EUR,2026-09-25T20:40:17.892790+00:00,1790368817.89279,False,WAITING_INSUFFICIENT_NET_RISK_REWARD,0.2127,0.21296,0.12223789374705696,56569.3204227292,False,0.20622,2.8544512482336235,0.21296874869583382,0.00410814041782448,0.12208865514651279,2,3.7481878887594178,0.21296916579558875,0.004303998679922039,0.1831329827197692,2,5.622564596658634
INJ-EUR,2026-09-25T20:40:21.349204+00:00,1790368821.349204,False,WAITING_INSUFFICIENT_NET_RISK_REWARD,7.2427,7.2539,0.1546384635564113,38701.594409321704,False,7.1089,1.6684031395429708,7.253987945880735,0.0012123944462372194,0.15439970222913546,2,2.586401463157273,7.253991963916038,0.0012677858260756736,0.2315995533437032,2,3.879683131814403
MERL-EUR,2026-09-25T20:40:23.582196+00:00,1790368823.5821962,False,WAITING_INSUFFICIENT_NET_RISK_REWARD,0.025518,0.025538,0.07837604827964917,112867.68195500929,False,0.025174,0.8963673533574422,0.025538,0.0,0.07831466833738698,1,2.0150542470669563,0.025538,0.0,0.11747200250608048,1,3.0225813706004487
TAI-EUR,2026-09-25T20:40:21.875807+00:00,1790368821.8758066,True,ENTRY_READY_SHADOW,0.003963,0.003964,0.02523340903353155,33910.50330485133,False,0.003701,6.465627395859948,0.003964,0.0,0.02522704339049664,1,7.19327431924728,0.003964,0.0,0.03784056508574496,1,10.789911478870948
USELESS-EUR,2026-09-25T20:40:26.389165+00:00,1790368826.3891652,False,WAITING_INSUFFICIENT_NET_RISK_REWARD,0.259616,0.260299,0.2630808578824029,26784.38406707621,False,0.252557,3.813878991167484,0.260299,0.0,0.2623905585499742,1,3.5547325476910174,0.260299,0.0,0.39358583782496126,1,5.332098821536533
WMTX-EUR,2026-09-25T20:40:27.230364+00:00,1790368827.2303643,False,WAITING_SPREAD,0.022127,0.0225,1.6857233244452319,3292.8534902882,False,,,0.0225,0.0,1.6577777777777691,1,,0.0225,0.0,2.486666666666654,1,
SYN-EUR,2026-09-25T20:40:24.574148+00:00,1790368824.5741477,False,WAITING_INSUFFICIENT_NET_RISK_REWARD,0.167789,0.168014,0.13409699086353033,29530.803752997363,False,0.164283,2.42569305515863,0.168014,0.0,0.13391741164426874,1,2.80561751815776,0.16803111830764897,0.010188619787032671,0.2008761174664031,2,4.223278913086176
TREAD-EUR,2026-09-25T20:40:25.673438+00:00,1790368825.6734376,False,WAITING_INSUFFICIENT_NET_RISK_REWARD,0.63806,0.63968,0.25389461806100133,6621.5394193247,False,0.6183,4.8330781010719805,0.6403562446551655,0.1057160854123218,0.2532516258129114,3,4.022019243710474,0.6408051003060297,0.17588486524975355,0.3798774387193671,4,6.133871365883891
RPL-EUR,2026-09-25T20:55:36.213581+00:00,1790369736.2135813,True,ENTRY_READY_SHADOW,1.8469,1.8492,0.12453300124533051,19024.775054452486,False,1.7807,5.469083155650321,1.8494040207677167,0.011032920599007845,0.12437810945273853,2,4.290957267202273,1.8494693425637603,0.014565356032902876,0.1865671641791078,2,6.441506452467905
XAI-EUR,2026-09-25T20:55:37.499552+00:00,1790369737.4995518,False,WAITING_INSUFFICIENT_NET_RISK_REWARD,0.0082621,0.0083013,0.47445564686943165,51995.6496374236,False,0.0080733,2.692765221152802,0.008304432906368198,0.03773994878149001,0.47221519521037925,2,3.364850786258714,0.00830512182325787,0.04603885244325312,0.7083227928155689,2,5.0593001306038445
TAO-EUR,2026-09-25T20:55:40.058970+00:00,1790369740.0589702,False,WAITING_INSUFFICIENT_NET_RISK_REWARD,272.27,272.45,0.06611084585155247,99144.9264021772,False,267.06,3.593335995063712,272.4587672507715,0.0032179301785673076,0.06606716828776449,2,2.567898778265416,272.4591781659415,0.0033687524101821964,0.09910075243164673,2,3.8520685838769566
TAI-EUR,2026-09-25T20:55:39.611029+00:00,1790369739.611029,True,ENTRY_READY_SHADOW,0.003971,0.003984,0.32737345756737035,32835.916853549475,False,0.003698,5.3999495331819265,0.003984,0.0,0.3263052208835382,1,7.734022248595366,0.003984,0.0,0.4894578313253073,1,11.601033372893056
SAND-EUR,2026-09-25T20:55:38.861806+00:00,1790369738.8618057,False,WAITING_INSUFFICIENT_NET_RISK_REWARD,0.039787,0.039883,0.24128484178249643,56329.984681030706,False,0.039279,1.7470736516335121,0.039883,0.0,0.24070405937366424,1,2.1036239291698706,0.039883,0.0,0.36105608906049635,1,3.155435893754799
ETHFI-EUR,2026-09-25T20:55:44.735005+00:00,1790369744.7350047,False,WAITING_INSUFFICIENT_NET_RISK_REWARD,0.62825,0.6296,0.21488261042579282,66836.8296454493,False,0.61275,2.6463321930824786,0.6296,0.0,0.21442185514614076,1,3.2585456823316576,0.6296,0.0,0.32163278271921114,1,4.887818523497458
BOME-EUR,2026-09-25T20:55:42.755594+00:00,1790369742.7555935,False,WAITING_INSUFFICIENT_NET_RISK_REWARD,0.00094158,0.00094313,0.16461692049534182,106197.31451937035,False,0.00093777,1.6559046906765815,0.0009431299999999999,-1.1102230246251565e-14,0.16434637854803036,1,1.1631747426255856,0.00094313,0.0,0.24651956782204554,1,1.7447621139383784
BIO-EUR,2026-09-25T20:55:42.339376+00:00,1790369742.3393757,False,WAITING_INSUFFICIENT_NET_RISK_REWARD,0.028778,0.028836,0.2015428452289969,100438.0302638168,False,0.028634,1.4212601148073802,0.028836,0.0,0.20113746705506808,1,1.2945767603463167,0.02883614625442084,0.0005071938578016244,0.3017062005826021,2,1.9426160784767603
PHA-EUR,2026-09-25T21:15:02.907874+00:00,1790370902.907874,True,ENTRY_READY_SHADOW,0.075956,0.076095,0.18300068460688212,28180.419139274032,False,0.069829,8.408735734828694,0.076095,0.0,0.18266640383730604,1,8.783435232144342,0.076095,0.0,0.27399960575595905,1,13.175152848216527
RARE-EUR,2026-09-25T21:15:03.654198+00:00,1790370903.6541982,False,WAITING_SPREAD,0.014023,0.014098,0.534835627183905,32312.774446576608,False,,,0.014098,0.0,0.5319903532415848,1,,0.014098,0.0,0.7979855298623773,1,
FUEL-EUR,2026-09-25T21:15:05.912311+00:00,1790370905.9123113,False,WAITING_INSUFFICIENT_NET_RISK_REWARD,0.0007535,0.0007554,0.25215660252155825,9537.279815725,False,0.00074,2.5784157363104785,0.0007578233909674321,0.3208089710659223,0.25152237225311014,5,2.9361027288022115,0.0007584832194235753,0.4081571913655324,0.3772835583796652,6,4.5308125080046295
AERO-EUR,2026-09-25T21:33:35.024470+00:00,1790372015.0244703,False,WAITING_INSUFFICIENT_NET_RISK_REWARD,0.73453,0.73553,0.136141478224161,34061.46495719492,False,0.7171,2.8147543214917694,0.73553,0.0,0.13595638519162678,1,3.0889402260801972,0.73553,0.0,0.20393457778744017,1,4.633410339120331
CELR-EUR,2026-09-25T21:33:35.438012+00:00,1790372015.4380124,False,WAITING_INSUFFICIENT_NET_RISK_REWARD,0.0027816,0.0027895,0.2840092033361996,36781.4721001474,False,0.0027554,1.224577484961324,0.0027895,0.0,0.28320487542570216,1,1.8133823534013231,0.0027895,0.0,0.42480731313855324,1,2.7200735301019563
SAGA-EUR,2026-09-25T21:33:40.329385+00:00,1790372020.3293848,False,WAITING_INSUFFICIENT_NET_RISK_REWARD,0.032118,0.032201,0.25842206862196626,36975.731467713245,False,0.031421,4.421958163139002,0.032201879705478255,0.0027319197486219693,0.25775597031147957,2,3.0086976849804046,0.03220217597465723,0.003651981793195702,0.38663395546721935,3,4.514385048826824
OGN-EUR,2026-09-25T21:33:38.500035+00:00,1790372018.5000346,True,ENTRY_READY_SHADOW,0.018267,0.018339,0.39415339136148475,55416.99986192341,False,0.017683,11.96576537287396,0.018339,0.0,0.3926059218059996,1,4.153930526211866,0.018339,0.0,0.5889088827089994,1,6.2308957893177706
AI-EUR,2026-09-25T21:33:39.460712+00:00,1790372019.4607124,False,WAITING_INSUFFICIENT_NET_RISK_REWARD,0.018828,0.018829,0.0053112385808296025,62881.7826000347,False,0.018673,0.7912064570943065,0.01883157201362007,0.013659852462022393,0.0053109565032571915,2,1.435270782657284,0.018832714537094637,0.019727744939390668,0.007966434754885787,2,2.1618756072033136
REZ-EUR,2026-09-25T21:33:39.017556+00:00,1790372019.0175562,False,WAITING_INSUFFICIENT_NET_RISK_REWARD,0.0037418,0.0037489,0.18974824950557245,19373.930422626996,False,0.0036942,2.5241946175261867,0.0037489,0.0,0.18938888740697157,1,2.048619934332848,0.0037489,0.0,0.28408333111045736,1,3.072929901499265
XLM-EUR,2026-09-25T21:33:40.787379+00:00,1790372020.787379,False,WAITING_INSUFFICIENT_NET_RISK_REWARD,0.19167,0.19179,0.06260760682421651,71792.06067487126,False,0.19039,1.5616053302795287,0.19179,0.0,0.06256843422491887,1,1.3238523821838868,0.19179,0.0,0.0938526513373783,1,1.9857785732758089
CNPY-EUR,2026-09-25T21:33:41.008501+00:00,1790372021.0085006,False,WAITING_SPREAD,0.34323,0.34512,0.5506511668560421,11418.3426454435,False,,,0.3451287119047542,0.0025243117623530154,0.5476356050069575,2,,0.3451398468534573,0.005750710899765643,0.8214534075104363,3,
WMTX-EUR,2026-09-25T21:45:14.334958+00:00,1790372714.3349576,True,ENTRY_READY_SHADOW,0.022927,0.02302,0.4056352771841132,13842.2868075488,False,0.021292,5.670170541283199,0.02302,0.0,0.4039965247610744,1,8.059862377072065,0.02302,0.0,0.6059947871416116,1,12.089793565608147
MET-EUR,2026-09-25T21:45:17.155617+00:00,1790372717.1556172,False,WAITING_INSUFFICIENT_NET_RISK_REWARD,0.32391,0.32473,0.2531567410700708,31828.5475005127,False,0.31819,2.480329481190073,0.3247303036303282,9.350239527083914e-05,0.2525174760570459,2,2.6002775524879667,0.3247402018167637,0.0031416305126485966,0.37877621408556883,2,3.904869491319289
ARK-EUR,2026-09-25T21:45:18.702339+00:00,1790372718.7023392,False,WAITING_INSUFFICIENT_NET_RISK_REWARD,0.2103,0.21067,0.17593913456965815,61851.1718412118,False,0.20479,3.033723719486389,0.21067,0.0,0.17563013243462322,1,3.3726515935916126,0.2106701819791691,8.638115018833048e-05,0.26344519865193483,2,5.059102592001693
TREAD-EUR,2026-09-25T21:54:39.704325+00:00,1790373279.7043252,True,ENTRY_READY_SHADOW,0.65579,0.65777,0.3019259214077641,9082.942441065301,False,0.61881,5.544892623433935,0.6585054419071665,0.11180836875603894,0.3010170728370065,3,6.5903023689375,0.6589597430857841,0.1808752429852456,0.4515256092555098,4,9.982051569081818
PLUME-EUR,2026-09-25T21:54:41.443680+00:00,1790373281.4436798,False,WAITING_INSUFFICIENT_NET_RISK_REWARD,0.0165513,0.0165761,0.14983717291088272,66365.63810905433,False,0.0163129,2.1129575349434315,0.0165761,0.0,0.14961299702582753,1,2.176583370995573,0.0165761,0.0,0.2244194955387413,1,3.2648750564933664
TAI-EUR,2026-09-25T21:54:43.660163+00:00,1790373283.6601634,False,WAITING_SPREAD,0.00387,0.003908,0.9819121447028456,28262.852615155924,False,,,0.003938076475684747,0.7696129909096072,0.9723643807574178,3,,0.003939383449027329,0.803056525776058,1.4585465711361267,3,
DYM-EUR,2026-09-25T21:54:42.645552+00:00,1790373282.6455522,False,WAITING_SPREAD,0.017811,0.01792,0.611981359833802,29872.76221543728,False,,,0.01792,0.0,0.6082589285714146,1,,0.01792,0.0,0.9123883928571219,1,
EURC-EUR,2026-09-25T21:54:43.280886+00:00,1790373283.2808862,False,WAITING_INSUFFICIENT_NET_RISK_REWARD,0.999,1.00098,0.19819819819819617,40962.513079273514,False,0.99491,0.3959560227524023,1.00098,0.0,0.19780614997302326,1,1.201032237783508,1.0009804538955858,4.534512036968863e-05,0.2967092249595349,2,1.8016155574110826
DBR-EUR,2026-09-25T21:54:45.678245+00:00,1790373285.6782448,False,WAITING_INSUFFICIENT_NET_RISK_REWARD,0.019728,0.019751,0.11658556366587192,15838.457739858564,False,0.019618,1.735182849936951,0.01976451766117541,0.06844038871656188,0.11644980001013217,2,1.3351360597121982,0.01976754549512985,0.08377041734519697,0.17467470001519825,3,2.025373127453321
USDC-EUR,2026-09-25T21:54:49.425066+00:00,1790373289.4250665,False,WAITING_INSUFFICIENT_NET_RISK_REWARD,0.8779,0.878,0.011390818999879038,465324.64124901313,False,,,0.878,0.0,0.01138952164009277,1,,0.878,0.0,0.017084282460139155,1,
PHA-EUR,2026-09-25T22:06:24.156464+00:00,1790373984.1564636,False,WAITING_STOP_GEOMETRY,0.083687,0.083842,0.18521395198776158,24225.4984784653,False,0.069593,17.90097040215594,0.08384298497699032,0.0011748014006274232,0.18487154409484452,3,17.492612101795174,0.08384332331526287,0.0015783441030370327,0.2773073161422668,3,26.23941757362438
DRIFT-EUR,2026-09-25T22:06:24.735404+00:00,1790373984.7354035,True,ENTRY_READY_SHADOW,0.017894,0.017963,0.385604113110527,57205.17656291453,False,0.017195,2.7829418060954194,0.017963,0.0,0.3841229193341844,1,4.848131369510881,0.017963000000000003,2.220446049250313e-14,0.5761843790012766,1,7.272197054266314
AERO-EUR,2026-09-25T22:06:25.154551+00:00,1790373985.1545513,True,ENTRY_READY_SHADOW,0.75243,0.75339,0.12758661935328153,26817.505991072303,False,0.71728,3.3594429939077535,0.7533900000000001,2.220446049250313e-14,0.12742404332416468,1,5.362582314968762,0.75339,0.0,0.19113606498624702,1,8.043873472453129
REZ-EUR,2026-09-25T22:06:25.613287+00:00,1790373985.6132872,False,WAITING_VISIBLE_DEPTH,0.0038089,0.0038139,0.13127149570741903,17838.422562650605,False,,,0.0038139000000014544,3.814726312612038e-11,0.13109939956474914,1,,0.0038139333327506797,0.0008739807199953376,0.1966490993471237,2,
CC-EUR,2026-09-25T22:06:27.861190+00:00,1790373987.8611903,False,WAITING_INSUFFICIENT_NET_RISK_REWARD,0.11276,0.11284,0.07094714437743121,67833.6887127836,False,0.11059,3.0127977248489195,0.11284,0.0,0.07089684509039573,1,2.5802990971702116,0.11284,0.0,0.1063452676355936,1,3.8704486457553173
GRASS-EUR,2026-09-25T22:06:31.712549+00:00,1790373991.7125492,False,WAITING_INSUFFICIENT_NET_RISK_REWARD,0.45387,0.45468,0.17846519928612636,36285.570447188664,False,0.4412,8.490959818976695,0.45468,0.0,0.1781472684085461,1,3.5452402248535435,0.4546799999999999,-1.1102230246251565e-14,0.26722090261281917,1,5.31786033728028
CETUS-EUR,2026-09-25T22:06:29.916691+00:00,1790373989.9166906,False,WAITING_INSUFFICIENT_NET_RISK_REWARD,0.02585,0.02595,0.3868471953578423,52269.45497998264,False,0.025346,1.7514756375139833,0.02595,0.0,0.385356454720609,1,2.9118826632839614,0.02595,0.0,0.5780346820809135,1,4.3678239949259705
NIL-EUR,2026-09-25T22:06:32.537823+00:00,1790373992.537823,False,WAITING_INSUFFICIENT_NET_RISK_REWARD,0.103274,0.103393,0.11522745318279792,28097.48571954379,False,0.099866,5.68458305684583,0.10339381954535502,0.0007926507162192564,0.11509483233873574,2,3.9898634819147105,0.10339387969683336,0.0008508282314689808,0.1726422485081036,2,5.984879006626926
BILL-EUR,2026-09-25T22:06:31.058292+00:00,1790373991.0582917,False,WAITING_INSUFFICIENT_NET_RISK_REWARD,0.011435,0.011449,0.12243113248797677,55745.6201403794,False,0.011316,2.226490875753078,0.01144959817867823,0.005224724239938361,0.12228142195824798,2,1.7581109780209516,0.011450398673837086,0.012216558975319813,0.18342213293737197,2,2.647468574250439
EURC-EUR,2026-09-25T22:06:28.228779+00:00,1790373988.2287786,False,WAITING_INSUFFICIENT_NET_RISK_REWARD,0.999,1.00098,0.19819819819819617,40962.513079273514,False,0.9947,0.5914204080001635,1.00098,0.0,0.19780614997302326,1,1.221886167515919,1.0009804538955858,4.534512036968863e-05,0.2967092249595349,2,1.8328964378252977
PENGU-EUR,2026-09-25T22:22:57.862501+00:00,1790374977.8625011,False,WAITING_INSUFFICIENT_NET_RISK_REWARD,0.0089883,0.0089958,0.08344180768333764,54228.94754735,False,0.0087006,3.188974622006153,0.0089958,0.0,0.08337224037885393,1,3.860153840703404,0.0089958,0.0,0.1250583605682809,1,5.7902307610550565
CETUS-EUR,2026-09-25T22:22:58.348532+00:00,1790374978.348532,True,ENTRY_READY_SHADOW,0.026213,0.026302,0.3395261892953805,50491.36191555475,False,0.025339,2.972859807392183,0.026302,0.0,0.33837730971028046,1,4.23766889710555,0.026302,0.0,0.5075659645654207,1,6.356503345658325
TREAD-EUR,2026-09-25T22:23:05.068159+00:00,1790374985.0681586,True,ENTRY_READY_SHADOW,0.66469,0.66669,0.30089214521054064,7077.6765885982,False,0.61952,5.825271976614536,0.6672058867946603,0.07738031088817543,0.2999895003674924,3,7.702598740242493,0.6673348396701134,0.09672256522723632,0.4499842505512386,4,11.580650831595506
ENA-EUR,2026-09-25T22:23:03.686803+00:00,1790374983.6868033,False,WAITING_INSUFFICIENT_NET_RISK_REWARD,0.23205,0.23219,0.060331825037707176,51162.789503321,False,0.22629,3.1785158277114665,0.23219,0.0,0.06029544769370343,1,3.124075024979007,0.23219,0.0,0.09044317154055515,1,4.686112537468489
CFG-EUR,2026-09-25T22:23:00.569009+00:00,1790374980.5690086,False,WAITING_INSUFFICIENT_NET_RISK_REWARD,0.13872,0.138818,0.07064590542098514,44599.74597214367,False,0.135857,2.618423149932624,0.13893578381116073,0.08484765027643171,0.07059603221483135,4,2.8009733243895596,0.13894885341474533,0.09426257023248397,0.10589404832224703,4,4.215173875359682
EIGEN-EUR,2026-09-25T22:23:03.221340+00:00,1790374983.2213402,False,WAITING_INSUFFICIENT_NET_RISK_REWARD,0.23037,0.23069,0.13890697573468724,35463.58280918744,False,0.22444,4.8934869914440355,0.23069511920410318,0.0022190836634239375,0.138714291906894,2,3.293455589818606,0.23069674611312185,0.0029243197025685674,0.208071437860341,2,4.941206368917619
LTC-EUR,2026-09-25T22:39:48.818825+00:00,1790375988.8188252,True,ENTRY_READY_SHADOW,64.639,64.659,0.030941072727008745,69288.14005395869,False,61.847,2.904492887435254,64.6609540358548,0.0030220632159405625,0.030931502188424886,2,4.924078928139352,64.66596857934677,0.010777431365727175,0.04639725328263733,2,7.397177431879982
PLUME-EUR,2026-09-25T22:39:49.335363+00:00,1790375989.3353627,True,ENTRY_READY_SHADOW,0.0169525,0.0169708,0.10794868013568326,70883.24011163843,False,0.0162995,4.014778325123156,0.01697081132228011,6.671624266374465e-05,0.10783227661631534,2,4.530271286120367,0.016970840881417103,0.00024089269274885083,0.161748414924473,2,6.79565635725632
EIGEN-EUR,2026-09-25T22:39:52.324541+00:00,1790375992.3245409,True,ENTRY_READY_SHADOW,0.23245,0.23297,0.22370402237041898,29529.115378763403,False,0.22435,4.850504088961965,0.23297,0.0,0.2232047044683938,1,4.276165886524183,0.23297095583970726,0.0004102844603393052,0.3348070567025907,2,6.4148379373935995
TREAD-EUR,2026-09-25T22:39:54.463537+00:00,1790375994.463537,False,WAITING_SPREAD,0.66998,0.67752,1.125406728559053,18042.103503618,False,,,0.67752,0.0,1.1128822765379631,1,,0.67752,0.0,1.6693234148069447,1,
ENA-EUR,2026-09-25T22:39:52.670045+00:00,1790375992.6700451,True,ENTRY_READY_SHADOW,0.23456,0.23467,0.04689631650749426,44284.41585201026,False,0.22634,3.181405012336058,0.23467,0.0,0.04687433417138731,1,4.126683823105111,0.23467487231737758,0.0020762421176989676,0.07031150125708097,2,6.193011515920745
CNPY-EUR,2026-09-25T22:39:48.048747+00:00,1790375988.048747,False,WAITING_SPREAD,0.35143,0.35428,0.8109723131206614,11089.9516322441,False,,,0.35429208410936003,0.0034108923337550223,0.8044484588460965,3,,0.3544751523356792,0.05508420900961486,1.2066726882691448,4,
WMTX-EUR,2026-09-25T22:39:48.294238+00:00,1790375988.2942379,False,WAITING_SPREAD,0.022041,0.022824,3.552470396080021,7608.6478768122,False,,,0.022824,0.0,3.4305993690851744,1,,0.022824,0.0,5.145899053627762,1,
RARE-EUR,2026-09-25T22:39:57.182800+00:00,1790375997.1827996,False,WAITING_SPREAD,0.014077,0.014161,0.5967180507210346,25985.84575885481,False,,,0.014185492341018395,0.17295629558926606,0.5931784478497293,2,,0.01418632812884727,0.17885833519715177,0.8897676717745939,2,
DRIFT-EUR,2026-09-25T22:39:51.538779+00:00,1790375991.5387795,True,ENTRY_READY_SHADOW,0.018091,0.018128,0.20452158531865106,57299.54218434992,False,0.017325,4.782464297575557,0.018128,0.0,0.20410414827889412,1,5.001365669563924,0.018128,0.0,0.3061562224183412,1,7.5020485043459075
DUSK-EUR,2026-09-25T22:39:52.026110+00:00,1790375992.0261102,False,WAITING_INSUFFICIENT_NET_RISK_REWARD,0.080075,0.080216,0.17608492038714285,53326.658555687114,False,0.079078,1.7669478288034974,0.080216,0.0,0.17577540640271172,1,2.008436703444332,0.080216,0.0,0.2636631096040676,1,3.012655055166505
ENS-EUR,2026-09-25T22:39:53.130981+00:00,1790375993.130981,False,WAITING_INSUFFICIENT_NET_RISK_REWARD,6.2905,6.3029,0.19712264525872936,68795.44521280652,False,6.2029,1.6680057849911567,6.3029,0.0,0.1967348363451804,1,2.175333893130528,6.30291031708892,0.0001636879677580083,0.2951022545177706,2,3.2632410301145
PEAQ-EUR,2026-09-25T22:39:56.481833+00:00,1790375996.481833,False,WAITING_INSUFFICIENT_NET_RISK_REWARD,0.035455,0.035457,0.005640953321117692,25955.856987253017,False,0.034367,2.9970780576039924,0.035587580621424066,0.36827882061105655,0.005640635135517602,3,4.007529238647422,0.03559138626684316,0.3790119492431909,0.008460952703276403,3,6.026689997807381
OP-EUR,2026-09-25T22:54:44.501006+00:00,1790376884.5010056,False,WAITING_INSUFFICIENT_NET_RISK_REWARD,0.12715,0.12726,0.08651199370821594,69015.79007650705,False,0.12289,3.1909011926388247,0.12726,0.0,0.0864372151500814,1,4.011625638873113,0.12726,0.0,0.1296558227251221,1,6.017438458309641
ARB-EUR,2026-09-25T22:54:46.869680+00:00,1790376886.86968,True,ENTRY_READY_SHADOW,0.20164,0.20181,0.08430866891488975,46794.4910725753,False,0.19214,3.564643535646434,0.20181,0.0,0.08423764927405486,1,5.361223891364162,0.20181,0.0,0.1263564739110823,1,8.041835837046278
JUP-EUR,2026-09-25T22:54:49.609039+00:00,1790376889.6090393,False,WAITING_INSUFFICIENT_NET_RISK_REWARD,0.30195,0.30236,0.1357840702103097,43347.42597795,False,0.2923,2.6497313789215355,0.3023604051792768,0.00013400558169784915,0.13559994708295386,2,3.9056379351354877,0.3023736023007214,0.004498710385436588,0.2033999206244308,2,5.864747972541977
GRASS-EUR,2026-09-25T22:54:48.753587+00:00,1790376888.753587,False,WAITING_INSUFFICIENT_NET_RISK_REWARD,0.45873,0.45943,0.15259520851045316,27486.26351942854,False,0.44366,3.5382354212596834,0.45943000001192724,2.596101111862481e-09,0.15236271031494608,1,4.010233402949211,0.4594333332849651,0.0007255261879057784,0.22854406547241912,2,6.016394739448316
ICX-EUR,2026-09-25T22:54:49.218671+00:00,1790376889.218671,True,ENTRY_READY_SHADOW,0.011801,0.011825,0.2033725955427501,31042.36850168504,False,0.011137,6.663914120561509,0.011825511746005534,0.004327661780401115,0.20295983086680014,2,6.385679966782703,0.011825674492857338,0.00570395651025013,0.3044397463002002,2,9.580452453374448
ZEN-EUR,2026-09-25T22:54:52.538934+00:00,1790376892.5389345,False,WAITING_INSUFFICIENT_NET_RISK_REWARD,6.7874,6.7972,0.14438518431210134,71143.37229509569,False,6.6104,2.668442635218057,6.7972,0.0,0.14417701406461703,1,3.330003626254779,6.7972,0.0,0.21626552109692554,1,4.995005439382197
RPL-EUR,2026-09-25T22:54:55.811925+00:00,1790376895.811925,False,WAITING_INSUFFICIENT_NET_RISK_REWARD,1.8341,1.8382,0.22354288206749562,33267.77599778563,False,1.8022,3.183225596175783,1.8382,0.0,0.22304428245022434,1,2.544975527669763,1.8382,0.0,0.3345664236753365,1,3.81746329150468
RARE-EUR,2026-09-25T22:54:55.303557+00:00,1790376895.3035574,True,ENTRY_READY_SHADOW,0.014,0.014052,0.3714285714285781,18494.803034283454,False,0.013361,10.016361954897924,0.014052,0.0,0.3700540848277867,1,5.486284981397901,0.014052,0.0,0.55508112724168,1,8.229427472096859
TREAD-EUR,2026-09-25T23:13:05.393336+00:00,1790377985.3933358,False,WAITING_SPREAD,0.70234,0.71324,1.5519548936412608,23795.645728026,False,,,0.7132399999999999,-1.1102230246251565e-14,1.5282373394649773,1,,0.71324,0.0,2.2923560091974657,1,
TAO-EUR,2026-09-25T23:13:06.383225+00:00,1790377986.3832252,True,ENTRY_READY_SHADOW,279.27,279.39,0.042969169620787895,69922.351383385,False,268.03,3.2105623895241795,279.39876697859586,0.0031378999233666605,0.042950714055622896,2,4.642922476339862,279.3991779845213,0.003285008239850562,0.06442607108343434,2,6.964594124884911
JTO-EUR,2026-09-25T23:13:07.502920+00:00,1790377987.5029202,False,WAITING_INSUFFICIENT_NET_RISK_REWARD,0.5044,0.50577,0.2716098334655248,58357.03414927,False,0.49139,1.6934615231180432,0.5057904011479775,0.004033680917681082,0.27087411273900575,2,3.4283298434137492,0.5057969339298927,0.005325331651273579,0.4063111691085086,2,5.144365718515132
OGN-EUR,2026-09-25T23:13:13.962563+00:00,1790377993.9625633,False,WAITING_INSUFFICIENT_NET_RISK_REWARD,0.018398,0.018454,0.30438091096858244,54059.188284727876,False,0.017878,3.348154497241124,0.018454,0.0,0.3034572450417272,1,3.7008557234852617,0.018454,0.0,0.45518586756259083,1,5.551283585227907
ARK-EUR,2026-09-25T23:13:09.192562+00:00,1790377989.1925623,True,ENTRY_READY_SHADOW,0.22408,0.22491,0.37040342734737663,66364.6470158165,False,0.20635,10.170962422980134,0.22491,0.0,0.36903650349028316,1,8.80107504348372,0.22491,0.0,0.5535547552354247,1,13.201612565225588
AVNT-EUR,2026-09-25T23:13:10.062275+00:00,1790377990.0622752,False,WAITING_INSUFFICIENT_NET_RISK_REWARD,0.10925,0.10935,0.09153318077803618,44648.5547793746,False,0.10659,2.7206551410373128,0.10935,0.0,0.09144947416552807,1,3.1071598780825695,0.1093573202437647,0.0066943244304562555,0.1371742112482921,3,4.67046864744583
C-EUR,2026-09-25T23:13:12.877615+00:00,1790377992.8776147,False,WAITING_INSUFFICIENT_NET_RISK_REWARD,0.077087,0.077226,0.18031574714283405,31390.8894541409,False,0.074625,2.809729602694835,0.07722612271927742,0.00015890927591577508,0.17999119467536628,2,3.9462942475534533,0.07722641514397034,0.0005375702099463808,0.2699867920130494,2,5.919986945186395
SPX-EUR,2026-09-25T23:28:34.157700+00:00,1790378914.1577,True,ENTRY_READY_SHADOW,0.4095,0.41024,0.18070818070818895,38272.01327871765,False,0.39411,3.08272887669084,0.41024,0.0,0.18038221528862142,1,4.506576704932272,0.41024,0.0,0.2705733229329321,1,6.7598650573984
TREAD-EUR,2026-09-25T23:28:35.309092+00:00,1790378915.3090923,False,WAITING_STOP_GEOMETRY,0.71413,0.71588,0.24505342164591326,20894.646176503702,False,0.62094,13.330443415882428,0.7158800000000001,2.220446049250313e-14,0.2444543778286734,1,13.78091309275004,0.715883086714168,0.0004311775951393315,0.3666815667430101,2,20.671927272798854
QNT-EUR,2026-09-25T23:28:35.925801+00:00,1790378915.9258008,False,WAITING_INSUFFICIENT_NET_RISK_REWARD,87.011,87.064,0.060911838733024304,12057.68102228194,False,84.355,3.2833396254476033,87.064,0.0,0.060874758798123985,1,3.6911438353715766,87.06643154331658,0.00279282288500049,0.09131213819718598,2,5.540750244044034
PEAQ-EUR,2026-09-25T23:28:43.771806+00:00,1790378923.7718055,True,ENTRY_READY_SHADOW,0.035732,0.035786,0.1511250419791832,12771.026247679401,False,0.034148,4.959588537839823,0.035954509902647536,0.4708821959636067,0.15089699882635532,6,5.592627484956594,0.03597531582751956,0.529022040796856,0.22634549823953298,6,8.4708404125316
EIGEN-EUR,2026-09-25T23:28:39.127304+00:00,1790378919.1273036,False,WAITING_INSUFFICIENT_NET_RISK_REWARD,0.23199,0.23239,0.1724212250528101,34442.08347032049,False,0.22467,3.0486756105951094,0.23239,0.0,0.172124445974442,1,3.90038215060909,0.23239,0.0,0.258186668961663,1,5.850573225913649
GRASS-EUR,2026-09-25T23:28:40.792316+00:00,1790378920.7923157,True,ENTRY_READY_SHADOW,0.46116,0.4616,0.09541157082140206,27066.606668477834,False,0.44407,3.562955707911644,0.46160000001942414,4.207989512394761e-09,0.09532062391680585,1,4.373195011522554,0.46160333328519254,0.0007221155096548415,0.14298093587520877,2,6.560828307753553
OP-EUR,2026-09-25T23:44:50.831166+00:00,1790379890.8311663,True,ENTRY_READY_SHADOW,0.12852,0.12861,0.07002801120448154,38110.45846886691,False,0.12279,5.830633965756602,0.12861,0.0,0.06997900629811538,1,5.096490579010833,0.12861,0.0,0.10496850944717306,1,7.64473586851625
LPT-EUR,2026-09-25T23:44:40.981098+00:00,1790379880.9810984,True,ENTRY_READY_SHADOW,1.5249,1.5277,0.1836185979408489,32798.48658595772,False,1.4597,2.8279863936503697,1.5277,0.0,0.18328205799569286,1,5.02276094472856,1.5277,0.0,0.2749230869935393,1,7.5341414170928545
ICX-EUR,2026-09-25T23:44:40.616385+00:00,1790379880.6163847,False,WAITING_SPREAD,0.012072,0.012203,1.0851557322730354,33445.42134127382,False,,,0.012203899992624827,0.0073751751604289595,1.0735065147914558,2,,0.012209963216877099,0.057061516652456845,1.6102597721871836,3,
AKT-EUR,2026-09-25T23:44:41.448406+00:00,1790379881.4484065,True,ENTRY_READY_SHADOW,0.61851,0.61924,0.118025577597769,139828.05416859343,False,0.59461,3.053447519378599,0.61946110685575,0.035706164936044615,0.11788644144434812,2,4.585983981183077,0.6194674044424519,0.03672315135518911,0.17682966216652218,2,6.880430958834836
AEVO-EUR,2026-09-25T23:44:42.937075+00:00,1790379882.9370754,False,WAITING_INSUFFICIENT_NET_RISK_REWARD,0.023174,0.023226,0.22438940191593648,53340.80446192133,False,0.022691,2.346167067720872,0.023227250008343598,0.005381935518800063,0.22388702316369358,3,2.8931531104965416,0.023228166599882458,0.009328338424419158,0.33583053474554037,3,4.345477470710961
NOM-EUR,2026-09-25T23:44:45.603449+00:00,1790379885.6034493,True,ENTRY_READY_SHADOW,0.0019051,0.001909,0.2047136633247515,26093.06809603222,False,0.0018387,3.2521610794855595,0.001909,0.0,0.20429544264012334,1,4.258779622447278,0.001909,0.0,0.306443163960185,1,6.388169433670953
POND-EUR,2026-09-25T23:57:54.618706+00:00,1790380674.618706,False,WAITING_SPREAD,0.0012702,0.0012897,1.5351913084553637,19086.2270728006,False,,,0.0012899503962474626,0.019415076952977728,1.5119795301232863,2,,0.001289966930407772,0.020697092949673035,2.2679692951849297,2,
PEAQ-EUR,2026-09-25T23:57:59.091288+00:00,1790380679.091288,False,WAITING_DEPTH_SLIPPAGE,0.036223,0.036278,0.15183723048890485,27612.485329891508,False,,,0.03646391487852254,0.5124727893559333,0.15160703456640334,5,,0.03647560242194325,0.5446894038900973,0.227410551849605,5,
AKT-EUR,2026-09-25T23:57:55.117932+00:00,1790380675.117932,False,WAITING_INSUFFICIENT_NET_RISK_REWARD,0.62192,0.6225,0.09325958322614625,140304.15543113396,False,0.60321,2.105960693043719,0.6228775090118747,0.06064401797183372,0.09317269076305479,2,3.7368886859353125,0.6228883389646366,0.06238376941951618,0.13975903614458218,2,5.607843571041229
WIF-EUR,2026-09-25T23:57:55.684025+00:00,1790380675.6840246,True,ENTRY_READY_SHADOW,0.22296,0.22298,0.008970218873338709,38369.269273679754,False,0.21244,3.4987016536832125,0.22298,0.0,0.008969414297255174,1,5.2968569248687345,0.22298,0.0,0.01345412144588276,1,7.945285387303102
KMNO-EUR,2026-09-25T23:57:57.289909+00:00,1790380677.289909,False,WAITING_INSUFFICIENT_NET_RISK_REWARD,0.03653,0.036548,0.04927456884751269,65275.85293491742,False,0.036196,1.0995067375788712,0.03654873648360995,0.0020151133029111534,0.04925030097405747,2,1.5575931974862414,0.03654882432198442,0.0022554503240179713,0.0738754514610862,2,2.3367446785471486
GLMR-EUR,2026-09-25T23:58:03.084803+00:00,1790380683.084803,False,WAITING_INSUFFICIENT_NET_RISK_REWARD,0.006004,0.006005,0.016655562958023395,5585.793230142228,False,0.005852,1.0783487784330212,0.00601899613810428,0.23307473945513024,0.016652789342219698,3,3.3561407725779873,0.006019663943850951,0.24419556787595997,0.024979184013329547,3,5.050293283676922
EDGE-EUR,2026-09-25T23:58:02.460974+00:00,1790380682.460974,False,WAITING_SPREAD,0.08679,0.087351,0.6463878326996131,11487.54475672342,False,,,0.08748895941676677,0.15793684876734826,0.6422364941443104,2,,0.08750196907427339,0.17283039034858838,0.9633547412164656,2,
CPOOL-EUR,2026-09-26T00:24:49.646995+00:00,1790382289.6469953,False,WAITING_STOP_GEOMETRY,0.035858,0.036,0.3960064699648491,41893.439904871004,False,0.029708,17.485053693366968,0.036,0.0,0.3944444444444306,1,17.97147057356608,0.036,0.0,0.5916666666666459,1,26.957205860349134
EDGE-EUR,2026-09-26T00:24:50.896904+00:00,1790382290.8969045,False,WAITING_DEPTH_SLIPPAGE,0.092281,0.092344,0.06826974133353758,8750.99076408559,False,,,0.09292037272018748,0.6241582779471067,0.0682231655548704,4,,0.09302299189284885,0.7352853383531643,0.1023347483323056,6,
ROSE-EUR,2026-09-26T00:24:53.831485+00:00,1790382293.8314853,False,WAITING_INSUFFICIENT_NET_RISK_REWARD,0.007607,0.007618,0.14460365452872992,55008.13549521371,False,0.00747,1.4261191073550719,0.007618,0.0,0.14439485429246224,1,2.529398805427988,0.007618000000000001,2.220446049250313e-14,0.21659228143869336,1,3.7940982081420316
EDGE-EUR,2026-09-26T00:46:38.692625+00:00,1790383598.6926248,False,WAITING_SPREAD,0.098789,0.103809,5.081537418133597,10350.1172954457,False,,,0.10381081314053635,0.0017466120821429953,4.835804217360728,2,,0.10381087542694949,0.001806613058108475,7.253706326041093,2,
AXS-EUR,2026-09-26T00:46:39.520886+00:00,1790383599.5208857,True,ENTRY_READY_SHADOW,1.0746,1.075,0.03722315280103583,27384.39977803324,False,1.032,3.4527931131280933,1.0759944567491746,0.09250760457437668,0.037209302325580396,2,4.66251860982176,1.0760629624418567,0.0988802271494782,0.05581395348837059,2,7.0028821592274255
MOODENG-EUR,2026-09-26T00:46:41.165927+00:00,1790383601.1659267,False,WAITING_INSUFFICIENT_NET_RISK_REWARD,0.043986,0.044041,0.1250397853862495,63677.992820669446,False,0.043729,1.8333145877853927,0.044041,0.0,0.12488363116187617,1,1.3024469264385914,0.044041,0.0,0.18732544674281426,1,1.9536703896578729
BOME-EUR,2026-09-26T00:46:40.096493+00:00,1790383600.0964925,False,WAITING_INSUFFICIENT_NET_RISK_REWARD,0.00094439,0.0009471,0.28695771873907816,100313.25039386183,False,0.00093788,1.4470846898651235,0.0009471,0.0,0.2861366276000421,1,1.5659284162100278,0.0009471,0.0,0.42920494140006316,1,2.3488926243150274
GLMR-EUR,2026-09-26T00:46:40.751494+00:00,1790383600.7514944,False,WAITING_INSUFFICIENT_NET_RISK_REWARD,0.005967,0.005991,0.40221216691804784,8032.098356414303,False,0.005916,2.097902097902102,0.006003094379718078,0.2018758090148287,0.40060090135202175,3,2.040399503153907,0.006004769185710161,0.2298311752655824,0.6009013520280326,5,3.101582510078458
MERL-EUR,2026-09-26T00:46:42.003740+00:00,1790383602.0037396,False,WAITING_VISIBLE_DEPTH,0.025568,0.025612,0.1720901126407881,114666.29381362362,False,,,0.025612000000047503,1.8547385849387865e-10,0.17179447134155756,1,,0.02561233332465707,0.0013014393919652534,0.25769170701233635,2,
POL-EUR,2026-09-26T00:46:43.185185+00:00,1790383603.1851854,False,WAITING_INSUFFICIENT_NET_RISK_REWARD,0.102168,0.102272,0.10179312504894344,71337.63114949818,False,0.101145,1.615046409379568,0.10227282585875536,0.000807512080869266,0.10168961201502125,2,1.694419041190102,0.10227288390577101,0.0008642695664473621,0.15253441802253187,2,2.541712254725752
DEEP-EUR,2026-09-26T00:46:46.112390+00:00,1790383606.1123896,False,WAITING_INSUFFICIENT_NET_RISK_REWARD,0.019892,0.019935,0.2161673034385858,53512.64229869898,False,0.019722,3.0602122805277228,0.019935,0.0,0.21570102834211902,1,1.6603347162567559,0.019935,0.0,0.3235515425131785,1,2.490502074385148
FLOCK-EUR,2026-09-26T01:00:52.645727+00:00,1790384452.645727,False,WAITING_INSUFFICIENT_NET_RISK_REWARD,0.064715,0.064934,0.3384068608514479,56415.79057516827,False,0.063401,2.560461778278508,0.064934,0.0,0.337265531154729,1,2.9449891418618392,0.064934,0.0,0.5058982967320935,1,4.417483712792745
AI-EUR,2026-09-26T01:00:53.294764+00:00,1790384453.2947638,False,WAITING_INSUFFICIENT_NET_RISK_REWARD,0.019038,0.019039,0.005252652589571305,34566.0963372419,False,0.018756,1.7596386175018488,0.01904667125683082,0.04029233064142268,0.005252376700459749,2,2.1152244396249102,0.01905011292697419,0.058369278713099604,0.007878565050689623,2,3.1993630462489193
HUMA-EUR,2026-09-26T01:00:56.101831+00:00,1790384456.1018314,False,WAITING_INSUFFICIENT_NET_RISK_REWARD,0.023694,0.02373,0.1519371992909635,43624.6255888879,False,0.02339,1.609214872533251,0.023730519261421747,0.002188206581310581,0.1517067003792727,2,2.024612069755264,0.023730679505450325,0.002863486937743076,0.22756005056890904,2,3.0379104890393194
ENA-EUR,2026-09-26T01:00:54.295665+00:00,1790384454.2956653,False,WAITING_INSUFFICIENT_NET_RISK_REWARD,0.23469,0.23486,0.07243597937705015,48988.84236248057,False,0.23117,2.6199387546784614,0.23486,0.0,0.07238354764540489,1,2.160003667489704,0.23486,0.0,0.10857532146810733,1,3.240005501234549
MERL-EUR,2026-09-26T01:00:55.451519+00:00,1790384455.4515188,False,WAITING_VISIBLE_DEPTH,0.025571,0.025624,0.2072660435649798,112303.8376690174,False,,,0.025624000000045322,1.7688073228327994e-10,0.20683733999375953,1,,0.025624333324661137,0.0013008299295069747,0.3102560099906393,2,
FUEL-EUR,2026-09-26T01:01:02.632860+00:00,1790384462.6328604,False,WAITING_SPREAD,0.0007769,0.0007827,0.7465568284206414,12691.9483701209,False,,,0.0007868459193362987,0.5296945619392757,0.7410246582343238,2,,0.000786963910826752,0.5447694936440595,1.1115369873514858,2,
JTO-EUR,2026-09-26T01:00:58.894801+00:00,1790384458.8948007,False,WAITING_INSUFFICIENT_NET_RISK_REWARD,0.50059,0.50137,0.1558161369583866,39877.573008469,False,0.49549,1.8519996806897014,0.5013802007746659,0.002034580183485346,0.15557372798532532,2,1.7660233311194702,0.5013835341302068,0.0026994296042470722,0.23336059197798797,3,2.6500146322719615
DOT-EUR,2026-09-26T01:20:15.262160+00:00,1790385615.2621598,True,ENTRY_READY_SHADOW,1.0966,1.0973,0.06383366770015275,76134.23029546424,False,1.0516,3.168917057040525,1.0973,0.0,0.06379294632278265,1,4.738106524447986,1.0973,0.0,0.09568941948417398,1,7.107159786672014
KSM-EUR,2026-09-26T01:20:17.410879+00:00,1790385617.4108791,False,WAITING_INSUFFICIENT_NET_RISK_REWARD,4.1802,4.1884,0.1961628630208878,53529.84560390745,False,4.1389,0.7593723799257357,4.1884,0.0,0.19577881768693128,1,1.7730195271538491,4.1884,0.0,0.2936682265303969,1,2.6595292907307737
PUMP-EUR,2026-09-26T01:20:18.289646+00:00,1790385618.2896464,False,WAITING_INSUFFICIENT_NET_RISK_REWARD,0.0036698,0.0036741,0.1171725979617344,38292.1912308211,False,0.0036258,1.7650904336456819,0.003674231516317699,0.0035795519365056094,0.11703546446748536,2,1.9085085612988877,0.003674554287492707,0.012364592490876625,0.17555319670122804,2,2.875687309845489
PTB-EUR,2026-09-26T01:20:17.747858+00:00,1790385617.7478583,False,WAITING_INSUFFICIENT_NET_RISK_REWARD,0.0008251,0.0008278,0.32723306265904917,64511.5159851169,False,0.0008226,1.1990407673860943,0.0008278,0.0,0.32616574051702596,1,1.2226673591450066,0.0008278000000000001,2.220446049250313e-14,0.48924861077553894,1,1.8340010387175312
ZKJ-EUR,2026-09-26T01:20:18.638001+00:00,1790385618.6380014,False,WAITING_SPREAD,0.005747,0.005785,0.6612145467200348,4884.492071474567,False,,,0.005800038616416799,0.25995879717888304,0.656871218668964,4,,0.005801358476641335,0.2827740128147793,0.985306828003446,4,
PHA-EUR,2026-09-26T01:20:19.920566+00:00,1790385619.920566,False,WAITING_STOP_GEOMETRY,0.073981,0.074132,0.20410645976669528,22015.348038723936,False,0.066106,13.857108568685492,0.07413287655973064,0.001182430975332771,0.2036907138617594,2,11.361165221842882,0.07413291770644141,0.0012379356302494315,0.3055360707926391,2,17.04182162986976
WAXP-EUR,2026-09-26T01:36:07.920940+00:00,1790386567.9209404,False,WAITING_SPREAD,0.0062708,0.0063683,1.5548255406008904,10820.117163072939,False,,,0.0063683,0.0,1.5310208375861722,1,,0.00636832405840527,0.0003777837926932648,2.296531256379258,2,
CC-EUR,2026-09-26T01:36:09.578756+00:00,1790386569.5787563,True,ENTRY_READY_SHADOW,0.11853,0.11877,0.20248038471273322,56575.9854833005,False,0.11327,2.6193747852971465,0.1187904032327078,0.01717877638107712,0.2020712301086136,2,5.217631881230702,0.1187969347701365,0.022678092225736357,0.3031068451629204,2,7.834264621826804
KAS-EUR,2026-09-26T01:36:12.489186+00:00,1790386572.4891863,False,WAITING_INSUFFICIENT_NET_RISK_REWARD,0.037197,0.037235,0.10215877624537573,42214.34669301977,False,0.036543,2.3792918454935594,0.037235,0.0,0.10205451859808257,1,2.4456025037446523,0.03723579818577841,0.00214364382546961,0.15308177789712385,2,3.6715405166035566
C-EUR,2026-09-26T01:36:11.266266+00:00,1790386571.266266,False,WAITING_INSUFFICIENT_NET_RISK_REWARD,0.077226,0.077397,0.22142801647111465,54850.5885079717,False,0.076106,1.2652478588113205,0.07739722602773971,0.00029203682276879306,0.22093879607735234,2,2.2565840970164714,0.07739748401677321,0.0006253689073476565,0.3314081941160285,2,3.3853648577171214
RPL-EUR,2026-09-26T01:51:38.187028+00:00,1790387498.1870277,False,WAITING_INSUFFICIENT_NET_RISK_REWARD,1.8762,1.8791,0.15456774331095158,21906.070955190375,False,1.8534,2.560169267389579,1.8791,0.0,0.15432920014900597,1,1.9577481977563593,1.8791,0.0,0.23149380022350896,1,2.9366222966345674
PEPE-EUR,2026-09-26T01:51:40.757655+00:00,1790387500.7576551,False,WAITING_INSUFFICIENT_NET_RISK_REWARD,3.9482e-06,3.9513e-06,0.07851679246237975,76552.5903634651,False,3.8969e-06,1.4382317319337816,3.9513e-06,0.0,0.07845519196213457,1,1.9667799031765298,3.9513e-06,0.0,0.11768278794320186,1,2.9501698547647948
PEAQ-EUR,2026-09-26T01:51:40.472995+00:00,1790387500.4729948,False,WAITING_INSUFFICIENT_NET_RISK_REWARD,0.035644,0.035733,0.2496913926607558,20006.908239279335,False,0.034873,4.113255388082818,0.03587987764263145,0.411042013353069,0.24906948758850467,4,3.3877119067325054,0.03588525015235598,0.4260771621637849,0.373604231382757,4,5.103264119219972
MOVR-EUR,2026-09-26T01:51:40.138402+00:00,1790387500.1384017,False,WAITING_INSUFFICIENT_NET_RISK_REWARD,0.8627,0.8641,0.1622812101541582,109256.86200286676,False,0.8505,1.973228709900762,0.8641,0.0,0.16201828492071746,1,2.162730397706696,0.8641000000000001,2.220446049250313e-14,0.2430274273810762,1,3.2440955965600153
SQD-EUR,2026-09-26T01:51:42.903876+00:00,1790387502.903876,False,WAITING_INSUFFICIENT_NET_RISK_REWARD,0.027099,0.027177,0.28783349939112135,74220.27279739222,False,0.026818,1.4533382515676818,0.027177460904798133,0.001695936998680203,0.28700739595981517,2,1.9129850355812152,0.027177640600822443,0.0023571432551161564,0.43051109393972276,2,2.870450366660748
INJ-EUR,2026-09-26T01:51:43.754755+00:00,1790387503.7547555,False,WAITING_INSUFFICIENT_NET_RISK_REWARD,6.994,6.9941,0.0014297969688437107,50300.469948690894,False,6.9132,3.7445216919584827,6.9941,0.0,0.0014297765259407846,1,1.7480236298916765,6.9941,0.0,0.002144664788911177,1,2.6220354448375076
VTHO-EUR,2026-09-26T02:06:09.745596+00:00,1790388369.7455962,True,ENTRY_READY_SHADOW,0.00072987,0.00073162,0.23976872593749476,49343.89499991428,False,0.00068953,5.313896397638873,0.0007316200000000001,2.220446049250313e-14,0.23919521062847338,1,6.316823394208484,0.00073162,0.0,0.35879281594271006,1,9.475235091312726
TREAD-EUR,2026-09-26T02:06:12.132693+00:00,1790388372.132693,True,ENTRY_READY_SHADOW,0.72421,0.72618,0.2720205465265746,15813.6872802466,False,0.68456,4.620593781399252,0.7270649643827729,0.12186570585430712,0.27128260210966815,3,6.409382481680495,0.7276124251883699,0.1972548387961348,0.4069239031645022,4,9.719701100000492
SENT-EUR,2026-09-26T02:06:12.715997+00:00,1790388372.715997,False,WAITING_INSUFFICIENT_NET_RISK_REWARD,0.021181,0.021189,0.037769699258771716,31213.989330718,False,0.020532,3.4344860032933333,0.021195267573490086,0.02957937368486263,0.03775543914296131,4,3.708852255813028,0.021196511569617264,0.03545032619407529,0.05663315871444197,4,5.571755189996054
CPOOL-EUR,2026-09-26T02:06:13.475746+00:00,1790388373.4757464,False,WAITING_SPREAD,0.03368,0.034066,1.146080760095014,36750.00195112288,False,,,0.03406672965979721,0.0021419004203826475,1.1330945811072524,2,,0.03406702265437625,0.0030019796167790602,1.6996418716608785,3,
2Z-EUR,2026-09-26T02:06:16.691472+00:00,1790388376.6914718,False,WAITING_INSUFFICIENT_NET_RISK_REWARD,0.050492,0.050615,0.24360294700149776,21447.33798367165,False,0.049924,3.169732126947669,0.050615,0.0,0.24301096512890918,1,1.9552948903055807,0.050615,0.0,0.3645164476933638,1,2.9329423354583923
SPK-EUR,2026-09-26T02:25:20.905562+00:00,1790389520.9055617,True,ENTRY_READY_SHADOW,0.021259,0.021301,0.19756338491931924,65941.5217605322,False,0.020526,2.962612399432078,0.021301000000000004,2.220446049250313e-14,0.19717384160368168,1,4.214814754110478,0.021301,0.0,0.2957607624055225,1,6.322222131165688
CAP-EUR,2026-09-26T02:25:21.462960+00:00,1790389521.4629598,True,ENTRY_READY_SHADOW,0.0466633,0.0467257,0.1337239329408879,22310.674033496,False,0.0450609,2.0585683297180157,0.0467257,0.0,0.13354535084547647,1,4.139860506633667,0.0467257,0.0,0.2003180262682147,1,6.209790759950522
SENT-EUR,2026-09-26T02:25:22.790567+00:00,1790389522.7905667,True,ENTRY_READY_SHADOW,0.02163,0.021646,0.07397133610724804,31638.9409613201,False,0.020527,3.7881968742710366,0.02165743433585229,0.052824243981763885,0.07391665896701038,4,5.786641158571371,0.02166228738129752,0.07524430055216857,0.11087498845051558,4,8.711621947877177
PHA-EUR,2026-09-26T02:25:25.775255+00:00,1790389525.7752554,True,ENTRY_READY_SHADOW,0.078732,0.078928,0.24894579078391654,26832.617024566498,False,0.071048,8.637704618437196,0.078928,0.0,0.24832758970201319,1,10.522308636476922,0.078928,0.0,0.3724913845530198,1,15.783462954715361
LTC-EUR,2026-09-26T02:25:23.761121+00:00,1790389523.7611213,False,WAITING_INSUFFICIENT_NET_RISK_REWARD,64.099,64.123,0.037442081779759384,70490.53940469297,False,62.763,2.1206974461255546,64.123,0.0,0.037428067931943865,1,2.7064896940780443,64.123,0.0,0.0561421018979158,1,4.059734541117081
PROM-EUR,2026-09-26T02:25:26.231765+00:00,1790389526.2317653,True,ENTRY_READY_SHADOW,5.3247,5.3276,0.054463162243889585,17496.99101983742,False,5.0879,3.2974338518813893,5.3276,0.0,0.05443351602973934,1,5.070549286555348,5.3276,0.0,0.081650274044609,1,7.605823929833036
EIGEN-EUR,2026-09-26T02:25:27.053592+00:00,1790389527.053592,False,WAITING_INSUFFICIENT_NET_RISK_REWARD,0.22744,0.22779,0.153886739359832,33854.95869956661,False,0.2253,2.5158608619557983,0.22779,0.0,0.15365029193554758,1,1.6848268502981938,0.22779,0.0,0.23047543790332137,1,2.5272402754472694
SUI-EUR,2026-09-26T02:25:29.768150+00:00,1790389529.7681496,False,WAITING_INSUFFICIENT_NET_RISK_REWARD,1.03356,1.03388,0.03096095050116876,54950.33033294966,False,1.01591,2.7496465564499735,1.03388,0.0,0.030951367663545337,1,2.3259687691244864,1.03388,0.0,0.046427051495318006,1,3.488953153686708
PUMP-EUR,2026-09-26T02:57:27.409242+00:00,1790391447.4092417,True,ENTRY_READY_SHADOW,0.0037972,0.0038009,0.09744021910880196,39979.721525544,False,0.0036223,4.4084806767727205,0.0038009,0.0,0.09734536557129969,1,5.269030172601816,0.0038009,0.0,0.14601804835694954,1,7.903545258902767
EDGE-EUR,2026-09-26T02:57:27.938096+00:00,1790391447.9380963,True,ENTRY_READY_SHADOW,0.104499,0.1045,0.0009569469564318922,14432.26783432699,False,0.097482,6.053616630342366,0.1045,0.0,0.0009569377990459316,1,7.273866334164566,0.1045,0.0,0.0014354066985688974,1,10.910799501246885
REZ-EUR,2026-09-26T02:57:31.520326+00:00,1790391451.5203264,False,WAITING_VISIBLE_DEPTH,0.0037889,0.0037965,0.20058592203542336,24766.30346745086,False,,,0.0037965000000007333,1.9317880628477724e-11,0.20018438035032116,1,,0.003796533332748009,0.000877986250746865,0.30027657052548173,2,
PROM-EUR,2026-09-26T02:57:28.958743+00:00,1790391448.958743,True,ENTRY_READY_SHADOW,5.4055,5.4117,0.11469799278511772,10794.024813021124,False,5.0991,5.298086699325276,5.4117,0.0,0.11456658720918611,1,6.340070371219795,5.4117,0.0,0.17184988081377917,1,9.510105556829643
ZK-EUR,2026-09-26T02:57:29.299528+00:00,1790391449.299528,False,WAITING_INSUFFICIENT_NET_RISK_REWARD,0.011275,0.011307,0.2838137472283675,170963.87303991502,False,0.011164,0.9833451452870303,0.011306999999999998,-1.1102230246251565e-14,0.283010524453875,1,1.8553915026707273,0.011307,0.0,0.42451578668081247,1,2.7830872540061193
RARE-EUR,2026-09-26T02:57:35.121992+00:00,1790391455.1219923,False,WAITING_INSUFFICIENT_NET_RISK_REWARD,0.013295,0.013314,0.1429108687476477,20924.81408342318,False,0.012864,2.494552558419107,0.013320656005710325,0.04999253199884368,0.14270692504131377,4,4.005924684775891,0.013321103973674914,0.053357170459022996,0.21406038756197066,4,6.0137292238710245
BEAM-EUR,2026-09-26T02:57:30.689479+00:00,1790391450.6894794,False,WAITING_INSUFFICIENT_NET_RISK_REWARD,0.001857,0.0018619,0.263866451265482,64347.9669632114,False,0.0018549,0.5392994446817644,0.0018619,0.0,0.2631720285729777,1,0.971965207556849,0.0018619,0.0,0.3947580428594666,1,1.4579478113352593
CNPY-EUR,2026-09-26T02:57:32.398499+00:00,1790391452.3984985,False,WAITING_INSUFFICIENT_NET_RISK_REWARD,0.35066,0.35219,0.4363200821308366,10043.817864427801,False,0.34939,0.822905138900716,0.35219000000000006,2.220446049250313e-14,0.4344246003577523,1,1.3885235022838174,0.35219,0.0,0.6516369005366285,1,2.0827852534256692
MANTRA-EUR,2026-09-26T03:17:53.804708+00:00,1790392673.8047082,False,WAITING_INSUFFICIENT_NET_RISK_REWARD,0.004166,0.004175,0.21603456553047629,100303.5076808133,False,0.004145,1.0729613733905556,0.004175,0.0,0.21556886227543925,1,1.3125184045873226,0.004175,0.0,0.3233532934131589,1,1.968777606880991
ESP-EUR,2026-09-26T03:17:54.453853+00:00,1790392674.453853,True,ENTRY_READY_SHADOW,0.091029,0.091109,0.0878840808972825,71668.14821287051,False,0.086844,3.257325377636798,0.09112285488857746,0.01520693737990797,0.08780691259918649,3,5.265861033870067,0.09114320226541664,0.03753994162667418,0.13171036889877974,4,7.930515110716897
ARK-EUR,2026-09-26T03:17:54.935545+00:00,1790392674.9355454,False,WAITING_STOP_GEOMETRY,0.23652,0.23721,0.29173008625063,61019.650511715816,False,0.20911,10.764812703239162,0.23721240284929726,0.0010129629009147934,0.29088149740735814,2,12.37431609707771,0.2372149351787966,0.0020805104323562418,0.4363222461110372,2,18.562877285162216
RARE-EUR,2026-09-26T03:17:56.524061+00:00,1790392676.5240612,True,ENTRY_READY_SHADOW,0.01332,0.013365,0.33783783783782884,51777.5373580012,False,0.012885,3.3730454206999148,0.013365,0.0,0.33670033670033517,1,4.1682384946724085,0.013365,0.0,0.5050505050505028,1,6.252357742008627
SAGA-EUR,2026-09-26T03:35:58.319834+00:00,1790393758.319834,False,WAITING_SPREAD,0.037441,0.037645,0.5448572420608366,89669.07256128585,False,,,0.037645,0.0,0.5419046354097401,1,,0.037645,0.0,0.8128569531146101,1,
LPT-EUR,2026-09-26T03:35:59.541236+00:00,1790393759.5412364,False,WAITING_INSUFFICIENT_NET_RISK_REWARD,1.5156,1.5192,0.23752969121140222,59959.317446891655,False,1.4959,1.0559662090813102,1.5192,0.0,0.23696682464455776,1,2.1227808736452687,1.5192,0.0,0.35545023696683664,1,3.1841713104679172
TREAD-EUR,2026-09-26T03:36:00.370324+00:00,1790393760.3703237,False,WAITING_SPREAD,0.72938,0.73937,1.3696564205215367,20210.1411464526,False,,,0.73937,0.0,1.3511503036368722,1,,0.73937,0.0,2.026725455455308,1,
HUMA-EUR,2026-09-26T03:36:02.054563+00:00,1790393762.0545633,False,WAITING_INSUFFICIENT_NET_RISK_REWARD,0.023642,0.02368,0.16073090263091228,44725.9455381937,False,0.023537,0.9352093689443086,0.023680519082757378,0.0021920724551538484,0.16047297297296925,2,1.2006924824558354,0.02368067938633456,0.0028690301290712483,0.24070945945945388,2,1.8020419391422138
GAS-EUR,2026-09-26T03:36:04.988167+00:00,1790393764.9881668,False,WAITING_INSUFFICIENT_NET_RISK_REWARD,1.3421,1.344,0.141569182624246,110066.5975297368,False,1.3195,0.6218076837663917,1.344,0.0,0.14136904761904434,1,2.4102653522444086,1.344,0.0,0.2120535714285665,1,3.6153980283665987
RARE-EUR,2026-09-26T03:36:08.896354+00:00,1790393768.8963537,False,WAITING_INSUFFICIENT_NET_RISK_REWARD,0.013279,0.013328,0.36900369003689537,49855.47765917898,False,0.012898,3.3846383741781123,0.013328,0.0,0.3676470588235281,1,3.805243456484817,0.013328,0.0,0.5514705882352922,1,5.70786518472724
SAGA-EUR,2026-09-26T03:51:08.254259+00:00,1790394668.2542586,False,WAITING_STOP_GEOMETRY,0.034954,0.03511,0.44630085254906415,56888.249076575135,False,0.027239,33.7247808543203,0.0351108770764721,0.0024980816636155367,0.4443178581600815,2,22.88417792926819,0.035110918050885766,0.0026147846361901372,0.6664767872401223,2,34.326401885057564
NIL-EUR,2026-09-26T03:51:12.424871+00:00,1790394672.4248714,False,WAITING_INSUFFICIENT_NET_RISK_REWARD,0.102161,0.102306,0.14193283151104907,18817.91617774891,False,0.100031,3.1718259747622333,0.10230682181495544,0.0008032910635336066,0.1417316677418623,2,2.809452573061847,0.10230688120990132,0.0008613472341156836,0.21259750161279345,2,4.214263496528787
RAY-EUR,2026-09-26T03:51:12.877567+00:00,1790394672.8775673,False,WAITING_INSUFFICIENT_NET_RISK_REWARD,1.74923,1.74999,0.04344768841146873,14965.021560214,False,1.71937,4.060425231463028,1.74999,0.0,0.043428819593249735,1,2.3375108463391427,1.74999,0.0,0.0651432293898746,1,3.5062662695087
AVNT-EUR,2026-09-26T04:05:39.685556+00:00,1790395539.6855562,True,ENTRY_READY_SHADOW,0.1156,0.11584,0.20761245674740803,36840.1627659106,False,0.10828,4.624582380868636,0.11584,0.0,0.2071823204419898,1,7.085453923891919,0.11584,0.0,0.3107734806629847,1,10.62818088583785
FLOCK-EUR,2026-09-26T04:05:40.466119+00:00,1790395540.466119,False,WAITING_SPREAD,0.065777,0.066147,0.5625066512610744,59644.43650004842,False,,,0.066147,0.0,0.5593602128592279,1,,0.066147,0.0,0.8390403192888418,1,
ENA-EUR,2026-09-26T04:05:41.585072+00:00,1790395541.5850723,True,ENTRY_READY_SHADOW,0.23999,0.24029,0.12500520855034392,63805.949755657246,False,0.22996,2.949567844256108,0.240296101334938,0.0025391547455067,0.12484914062174113,2,4.873923049743624,0.24029740087590246,0.003079976654229988,0.1872737109326117,2,7.31165624484575
PUMP-EUR,2026-09-26T04:05:42.181957+00:00,1790395542.1819565,False,WAITING_INSUFFICIENT_NET_RISK_REWARD,0.0038386,0.003843,0.11462512374302847,43256.8607976973,False,0.0037169,2.217509686878197,0.003843,0.0,0.11449388498568913,1,3.8599145578676115,0.0038430000000000005,2.220446049250313e-14,0.1717408274785337,1,5.789871836801467
ACE-EUR,2026-09-26T04:05:45.449488+00:00,1790395545.4494882,False,WAITING_INSUFFICIENT_NET_RISK_REWARD,0.17529,0.17559,0.17114495978092226,32789.81227874451,False,0.17029,2.8426569442861993,0.17559,0.0,0.1708525542456818,1,3.5985918085360566,0.17559,0.0,0.2562788313685227,1,5.397887712804078
XAN-EUR,2026-09-26T04:05:44.965780+00:00,1790395544.9657803,False,WAITING_INSUFFICIENT_NET_RISK_REWARD,0.0106368,0.010671,0.3215252707581273,62889.41431196503,False,0.0105654,0.7692019061198498,0.010671,0.0,0.32049479898791366,1,1.581932026834778,0.010671,0.0,0.4807421984818705,1,2.372898040252153
SPK-EUR,2026-09-26T04:24:41.659474+00:00,1790396681.659474,False,WAITING_INSUFFICIENT_NET_RISK_REWARD,0.021317,0.021356,0.1829525730637549,130879.4782289346,False,0.02076,3.1261647409616002,0.02136630758980126,0.04826554505179548,0.18261846787788194,2,3.4189585295261082,0.021367538251416632,0.054028148607576654,0.2739277018168229,2,5.136781660047973
APT-EUR,2026-09-26T04:24:46.412813+00:00,1790396686.4128127,False,WAITING_INSUFFICIENT_NET_RISK_REWARD,0.7511,0.7521,0.13313806417254437,62771.89355572688,False,0.7439,1.4994692144373643,0.7521760548808663,0.010112336240686304,0.13296104241456996,2,1.6919535011448517,0.7521840364178523,0.011173569718425647,0.19944156362185494,2,2.539494993730841
DOT-EUR,2026-09-26T04:24:49.207439+00:00,1790396689.2074394,False,WAITING_INSUFFICIENT_NET_RISK_REWARD,1.0726,1.0735,0.083908260302068,73630.27553263828,False,1.0597,1.0713620272032855,1.0735,0.0,0.08383791336747937,1,1.8760783881005096,1.0735,0.0,0.12575687005121905,1,2.814117582150743
BILL-EUR,2026-09-26T04:24:46.898929+00:00,1790396686.8989289,False,WAITING_INSUFFICIENT_NET_RISK_REWARD,0.011492,0.011509,0.14792899408284654,49952.9631935159,False,0.011353,1.7156225630361195,0.011509,0.0,0.1477104874446078,1,1.9456062034504384,0.011509,0.0,0.2215657311669117,1,2.9184093051756577
RARE-EUR,2026-09-26T04:24:51.005720+00:00,1790396691.00572,True,ENTRY_READY_SHADOW,0.013541,0.013593,0.38401890554611295,49146.56961544293,False,0.013007,3.1337975996443905,0.013593635165305581,0.004672738215116823,0.38254984183034857,2,4.88795014992445,0.0135937567746945,0.005567385378513201,0.5738247627455229,2,7.333201529713904
PIXEL-EUR,2026-09-26T04:24:51.997760+00:00,1790396691.9977596,False,WAITING_VISIBLE_DEPTH,0.0052256,0.0052298,0.08037354562153709,105113.76258736658,False,,,0.005229800000000547,1.0458300891968975e-11,0.08030899843205486,1,,0.005229833332908424,0.0006373648786528463,0.12046349764808228,2,
CPOOL-EUR,2026-09-26T04:24:54.656222+00:00,1790396694.6562216,False,WAITING_SPREAD,0.033216,0.033426,0.6322254335259903,30135.896631794072,False,,,0.033426,0.0,0.62825345539399,1,,0.033426,0.0,0.942380183090985,1,
KAS-EUR,2026-09-26T04:42:38.962034+00:00,1790397758.962034,True,ENTRY_READY_SHADOW,0.038295,0.038335,0.1044522783653079,62098.06935280622,False,0.036976,3.5037977317656877,0.038335,0.0,0.10434328942219295,1,4.122109126557547,0.038335,0.0,0.15651493413328943,1,6.183163689836334
PENDLE-EUR,2026-09-26T04:42:39.191898+00:00,1790397759.1918983,False,WAITING_INSUFFICIENT_NET_RISK_REWARD,2.2306,2.234,0.15242535640636046,99984.34959363153,False,2.1952,0.9544056450153845,2.234,0.0,0.15219337511190867,1,2.324658898858516,2.234,0.0,0.228290062667863,1,3.4869883482877526
EDGE-EUR,2026-09-26T04:42:40.284235+00:00,1790397760.2842352,False,WAITING_SPREAD,0.103415,0.104286,0.8422375864236331,14575.640039531181,False,,,0.104286,0.0,0.835203191224132,1,,0.104286,0.0,1.252804786836198,1,
PEAQ-EUR,2026-09-26T04:42:41.492729+00:00,1790397761.492729,False,WAITING_INSUFFICIENT_NET_RISK_REWARD,0.035882,0.035943,0.17000167214760165,21073.933592485326,False,0.035345,1.5129944449096777,0.03606823082006709,0.3484150462317759,0.1697131569429522,4,2.5914324151840304,0.03607181983231135,0.35840033472818167,0.2545697354144283,4,3.901686309398883
SYN-EUR,2026-09-26T04:42:39.493512+00:00,1790397759.4935124,False,WAITING_INSUFFICIENT_NET_RISK_REWARD,0.166202,0.166517,0.18952840519368408,31599.565040423447,False,0.162408,3.1486855991557166,0.16652261020681686,0.0033691495864518473,0.1891698745473458,2,3.0543739064207642,0.1665244067657787,0.0044480538195612596,0.2837548118210187,2,4.583129715543208
NOM-EUR,2026-09-26T04:42:42.006973+00:00,1790397762.0069728,False,WAITING_INSUFFICIENT_NET_RISK_REWARD,0.0018821,0.0018854,0.1753360607831711,22262.62300178478,False,0.001874,2.332640996964376,0.0018854000000000002,2.220446049250313e-14,0.17502917152858455,1,1.1992832705549148,0.0018854,0.0,0.2625437572928768,1,1.7989249058323367
VET-EUR,2026-09-26T04:57:15.136102+00:00,1790398635.1361022,True,ENTRY_READY_SHADOW,0.008578,0.0085945,0.19235252972720218,59201.203313825055,False,0.0082619,2.282001084982419,0.0085945,0.0,0.19198324509860365,1,4.445019225164145,0.0085945,0.0,0.2879748676479055,1,6.667528837746204
PEAQ-EUR,2026-09-26T04:57:15.756416+00:00,1790398635.756416,False,WAITING_DEPTH_SLIPPAGE,0.036437,0.036493,0.15368993056508184,27830.781910628702,False,,,0.036718848983589084,0.6188830284961089,0.15345408708519193,5,,0.03672789486319656,0.6436710141576762,0.2301811306277879,5,
PUMP-EUR,2026-09-26T04:57:16.413787+00:00,1790398636.4137874,True,ENTRY_READY_SHADOW,0.0039196,0.0039234,0.09694866823144466,32910.6309312706,False,0.0037489,2.4502813285969864,0.0039234,0.0,0.09685476882296262,1,5.019318903383805,0.0039234,0.0,0.14528215323444393,1,7.528978355075736
GRASS-EUR,2026-09-26T04:57:16.973460+00:00,1790398636.9734602,False,WAITING_VISIBLE_DEPTH,0.44213,0.44296,0.18772759143237394,24817.714238313718,False,,,0.44296000000299796,6.767919558114954e-10,0.18737583528987134,1,,0.4429633332831666,0.0007525020693899265,0.281063752934807,2,
ACE-EUR,2026-09-26T04:57:15.504252+00:00,1790398635.5042517,True,ENTRY_READY_SHADOW,0.17995,0.1805,0.3056404556821324,57214.105149408504,False,0.17306,1.6738074835761303,0.1805,0.0,0.30470914127423976,1,4.695478671741682,0.1805,0.0,0.45706371191135964,1,7.0432180076125235
LDO-EUR,2026-09-26T04:57:19.253455+00:00,1790398639.2534554,False,WAITING_INSUFFICIENT_NET_RISK_REWARD,0.43216,0.4329,0.1712328767123239,48243.48430114951,False,0.42073,2.0803859266646514,0.4329,0.0,0.17094017094017033,1,3.392708613082661,0.4329,0.0,0.2564102564102555,1,5.089062919624013
ONDO-EUR,2026-09-26T04:57:20.389581+00:00,1790398640.389581,False,WAITING_INSUFFICIENT_NET_RISK_REWARD,0.47864,0.4788,0.033428046130712374,40551.464255200284,False,0.47,2.0495303159692604,0.4788,0.0,0.0334168755221409,1,2.425187032418947,0.47880000000000006,2.220446049250313e-14,0.05012531328321135,1,3.637780548628399
SPK-EUR,2026-09-26T05:16:49.609783+00:00,1790399809.609783,True,ENTRY_READY_SHADOW,0.021508,0.021541,0.1534312813836758,138238.2479521548,False,0.020744,4.005563282336579,0.021541000000000005,2.220446049250313e-14,0.15319623044427466,1,4.276040505486208,0.021541020412151026,9.475953310911223e-05,0.229794345666412,2,6.414196819466014
PHA-EUR,2026-09-26T05:16:57.535436+00:00,1790399817.5354364,True,ENTRY_READY_SHADOW,0.074177,0.074308,0.1766046078973238,32715.291368730876,False,0.069584,8.187873067361505,0.07430888081364866,0.0011853550743623487,0.1762932658663785,2,6.91864831506463,0.07430892054238997,0.001238820032800625,0.26443989879956775,2,10.378047120531164
ATH-EUR,2026-09-26T05:16:52.958418+00:00,1790399812.958418,False,WAITING_INSUFFICIENT_NET_RISK_REWARD,0.0054795,0.0054934,0.25367278036316776,100188.00573631842,False,0.0053805,1.7749107077775206,0.0054934,0.0,0.25303090981905196,1,2.6411525841892,0.0054934,0.0,0.37954636472857795,1,3.961728876283786
FLOCK-EUR,2026-09-26T05:17:02.125467+00:00,1790399822.125467,False,WAITING_SPREAD,0.067199,0.067548,0.5193529665620034,58535.47081085378,False,,,0.067548,0.0,0.5166696275241356,1,,0.067548,0.0,0.7750044412862034,1,
ACE-EUR,2026-09-26T05:16:56.290945+00:00,1790399816.2909448,False,WAITING_INSUFFICIENT_NET_RISK_REWARD,0.17662,0.17703,0.2321367908504124,35476.61472069101,False,0.17335,4.012019364531742,0.17702999999999997,-1.1102230246251565e-14,0.231599163983498,1,2.6645619048464084,0.17703,0.0,0.347398745975247,1,3.996842857269627
ATH-EUR,2026-09-26T05:33:42.933583+00:00,1790400822.933583,True,ENTRY_READY_SHADOW,0.0056287,0.0056426,0.24694867376124918,53518.73078305013,False,0.0053783,3.008100810081006,0.0056426,0.0,0.24634033955976964,1,5.25424298131783,0.0056426,0.0,0.36951050933965446,1,7.881364471976752
REZ-EUR,2026-09-26T05:33:43.424916+00:00,1790400823.4249156,False,WAITING_INSUFFICIENT_NET_RISK_REWARD,0.0038424,0.0038474,0.13012700395584886,17837.427786685286,False,0.0037161,2.1194453198865415,0.0038474,0.0,0.1299578936424517,1,3.9905320586354236,0.0038474,0.0,0.19493684046367754,1,5.985798087953157
2Z-EUR,2026-09-26T05:33:42.283567+00:00,1790400822.283567,True,ENTRY_READY_SHADOW,0.051879,0.052031,0.2929894562347046,25403.28801377101,False,0.050126,3.8205723124516604,0.052031,0.0,0.2921335357767507,1,4.2376294565617485,0.05203100000000001,2.220446049250313e-14,0.4382003036651261,1,6.356444184842644
GRASS-EUR,2026-09-26T05:33:43.979442+00:00,1790400823.9794421,True,ENTRY_READY_SHADOW,0.45178,0.45229,0.1128868033113406,25633.914872434787,False,0.4346,3.6232523265558156,0.4522900000193634,4.281197618638544e-09,0.112759512702032,1,4.486062810327212,0.4522933332842016,0.0007369794162048748,0.169139269053048,2,6.7301500786606425
FLOCK-EUR,2026-09-26T05:33:45.179931+00:00,1790400825.1799314,False,WAITING_INSUFFICIENT_NET_RISK_REWARD,0.066455,0.066768,0.4709954104280989,58500.89295619525,False,0.065017,3.4183099425593526,0.066768,0.0,0.46878744308650466,1,3.2050788400135417,0.066768,0.0,0.703181164629757,1,4.807618260020291
NEAR-EUR,2026-09-26T05:33:47.268998+00:00,1790400827.2689984,False,WAITING_INSUFFICIENT_NET_RISK_REWARD,4.2869,4.2893,0.05598451095196744,48586.47678425829,False,4.2311,1.2413408340694567,4.289387855912083,0.002048257573106227,0.05595318583451192,2,1.9490099547854811,4.289391903933747,0.002142632451618276,0.08392977875176788,2,2.923653732458291
ARK-EUR,2026-09-26T05:33:51.173661+00:00,1790400831.1736615,True,ENTRY_READY_SHADOW,0.23381,0.23481,0.4276977032633411,105475.63864499929,False,0.21792,11.713226418347991,0.23483040163563113,0.008688571879877927,0.4258762403645533,2,7.756285991503347,0.23483693406030073,0.011470576338634686,0.6388143605468299,2,11.638277882119581
RLC-EUR,2026-09-26T05:33:47.758208+00:00,1790400827.758208,False,WAITING_INSUFFICIENT_NET_RISK_REWARD,0.31217,0.31302,0.27228753563763863,65312.45823941824,False,0.31169,1.0405396805193137,0.31302,0.0,0.27154814388857806,1,1.020605401390128,0.31302,0.0,0.4073222158328671,1,1.530908102085192
ATH-EUR,2026-09-26T05:49:34.675341+00:00,1790401774.6753411,True,ENTRY_READY_SHADOW,0.0057213,0.005731,0.169541887333291,55285.06558107636,False,0.0053703,6.948572223091222,0.005730999999999999,-1.1102230246251565e-14,0.16925492933169695,1,6.854441705020278,0.005731,0.0,0.2538823939975454,1,10.28166255753041
REZ-EUR,2026-09-26T05:49:20.099127+00:00,1790401760.0991268,True,ENTRY_READY_SHADOW,0.0038903,0.0039011,0.27761355165409896,21912.26976475786,False,0.0037152,3.945536128732785,0.0039010999999999994,-1.1102230246251565e-14,0.27684499243801897,1,5.3350682149819875,0.003901112182756059,0.0003122902786145687,0.41526748865702845,2,8.003045765156998
PIXEL-EUR,2026-09-26T05:49:26.436074+00:00,1790401766.4360745,False,WAITING_INSUFFICIENT_NET_RISK_REWARD,0.0052334,0.0052404,0.13375625788205614,102081.26744874637,False,0.0051682,1.2959292575087569,0.005240489816790237,0.0017139300480417674,0.1335775894969915,2,1.9694494683387802,0.0052405197553914325,0.0022852337881129614,0.20036638424548725,3,2.9550142616132575
OGN-EUR,2026-09-26T05:49:25.512748+00:00,1790401765.5127478,False,WAITING_VISIBLE_DEPTH,0.018903,0.01895,0.24863778236259293,53860.742574428914,False,,,0.01895000000000455,2.4003021792395884e-11,0.24802110817943035,1,,0.01895033332160698,0.0017589530711292767,0.3720316622691455,2,
IO-EUR,2026-09-26T05:49:22.877899+00:00,1790401762.877899,True,ENTRY_READY_SHADOW,0.1512,0.15141,0.1388888888888884,64030.81915443879,False,0.1422,6.520450503852988,0.15141340771284026,0.0022506524273602224,0.1386962552010984,2,6.6467861536164605,0.15141560507811377,0.0037019206880595235,0.2080443828016476,2,9.97221136354105
MORPHO-EUR,2026-09-26T05:49:25.093122+00:00,1790401765.0931218,False,WAITING_INSUFFICIENT_NET_RISK_REWARD,2.39421,2.39958,0.22429110228423532,77296.31716307667,False,2.37087,0.7142737589127272,2.4001630035912864,0.024296068115536862,0.22378916310352714,2,1.8114118402845207,2.4002719924951466,0.028838067292880076,0.3356837446552907,2,2.723805419134976
QNT-EUR,2026-09-26T06:01:59.924378+00:00,1790402519.9243777,True,ENTRY_READY_SHADOW,89.141,89.212,0.07964909525357555,17904.66566334464,False,85.942,2.7475633748671524,89.22230715972637,0.011553557510612933,0.07958570595884007,2,4.252814174060234,89.23286893870335,0.023392524215748445,0.1193785589382601,2,6.396220500715657
AVNT-EUR,2026-09-26T06:02:04.580317+00:00,1790402524.5803168,False,WAITING_INSUFFICIENT_NET_RISK_REWARD,0.11377,0.11394,0.149424277050203,37434.2108518711,False,0.11032,6.8712940355772565,0.11394,0.0,0.14920133403546476,1,3.756357920364934,0.11393999999999999,-1.1102230246251565e-14,0.22380200105319714,1,5.634536880547387
VET-EUR,2026-09-26T06:02:02.424662+00:00,1790402522.424662,False,WAITING_INSUFFICIENT_NET_RISK_REWARD,0.0085584,0.008565,0.07711721817160733,17908.186541631792,False,0.0083043,3.6518663402864715,0.008565,0.0,0.0770577933449923,1,3.623827637561078,0.008565,0.0,0.11558669001748845,1,5.435741456341617
WAXP-EUR,2026-09-26T06:02:06.477515+00:00,1790402526.4775152,False,WAITING_SPREAD,0.005938,0.005982,0.7409902324014839,15278.694455210776,False,,,0.005982,0.0,0.7355399531929208,1,,0.005982,0.0,1.1033099297893811,1,
AXS-EUR,2026-09-26T06:02:05.075573+00:00,1790402525.0755727,False,WAITING_INSUFFICIENT_NET_RISK_REWARD,1.0372,1.0384,0.11569610489781113,42781.121844723944,False,1.0275,1.0793100125276935,1.0384,0.0,0.11556240369801074,1,1.6416663704759458,1.0384,0.0,0.1733436055470161,1,2.462499555713947
2Z-EUR,2026-09-26T06:27:03.042384+00:00,1790404023.0423844,False,WAITING_SPREAD,0.060914,0.061343,0.7042715960206225,20663.08481523617,False,,,0.06142589690407847,0.1351366970615553,0.6993462986811805,2,,0.06146093803627052,0.19225997468419465,1.0490194480217707,3,
TREAD-EUR,2026-09-26T06:27:08.743069+00:00,1790404028.743069,True,ENTRY_READY_SHADOW,0.7327,0.73299,0.039579636959197195,76217.0440127053,False,0.70531,3.9069870692047233,0.73299,0.0,0.03956397768045683,1,4.351975859883694,0.73299,0.0,0.059345966520685245,1,6.527963789825549
FIL-EUR,2026-09-26T06:49:08.843599+00:00,1790405348.8435988,True,ENTRY_READY_SHADOW,0.95239,0.9555,0.32654689780446944,40918.087512593585,False,0.91615,3.338292237731987,0.9555000000000001,2.220446049250313e-14,0.32548403976976337,1,4.69187936751527,0.9555026622601435,0.00027862481877249934,0.48822605965464505,2,7.038217378280649
RARE-EUR,2026-09-26T06:49:07.652749+00:00,1790405347.6527486,False,WAITING_STOP_GEOMETRY,0.017328,0.017336,0.046168051708228575,22593.478457708632,False,0.01288,26.98548737287168,0.017355214126152572,0.110833676468447,0.046146746654363024,2,26.22998054162592,0.017356809124210604,0.12003417288073415,0.06922011998154454,2,39.35513941862695
DUSK-EUR,2026-09-26T06:49:10.903276+00:00,1790405350.903276,False,WAITING_VISIBLE_DEPTH,0.07851,0.078681,0.21780664883455092,50387.72129142828,False,,,0.0786810000001624,2.063904602778166e-10,0.21733328249514683,1,,0.07868133333050902,0.00042364803320982247,0.32599992374272024,2,
RE-EUR,2026-09-26T07:02:50.931283+00:00,1790406170.9312835,False,WAITING_INSUFFICIENT_NET_RISK_REWARD,0.42561,0.42595,0.07988534103993139,29984.6913611471,False,0.41289,2.7012349177115076,0.4259600870350821,0.0023681265599373447,0.07982157530226353,2,3.648280661021772,0.42597339052568617,0.0054913782571164305,0.11973236295339529,2,5.476934703731871
EIGEN-EUR,2026-09-26T07:02:51.235676+00:00,1790406171.2356758,True,ENTRY_READY_SHADOW,0.23343,0.2338,0.15850576189864185,24414.873247281375,False,0.22484,3.4683316939657036,0.23380632715024505,0.0027062233725505536,0.1582549187339688,2,4.4102494522478395,0.2338077184723389,0.0033013140884774472,0.2373823781009532,3,6.6162274187999515
RARE-EUR,2026-09-26T07:02:50.626089+00:00,1790406170.6260889,False,WAITING_SPREAD,0.019788,0.019973,0.9349100464928206,35979.021245776814,False,,,0.01997390631807005,0.00453771626720556,0.9262504380914249,2,,0.019973937545282393,0.004694063397536752,1.3893756571371374,2,
2Z-EUR,2026-09-26T07:02:51.734539+00:00,1790406171.734539,False,WAITING_STOP_GEOMETRY,0.061739,0.062031,0.47295874568749063,26598.62964616189,False,0.04958,19.382995951417005,0.062030999999999996,-1.1102230246251565e-14,0.47073237574760673,1,20.550393373822303,0.062030999999999996,-1.1102230246251565e-14,0.7060985636214101,1,30.82559006073342
RLC-EUR,2026-09-26T07:02:52.271056+00:00,1790406172.2710564,False,WAITING_INSUFFICIENT_NET_RISK_REWARD,0.31934,0.31999,0.2035448111730398,67752.79717698981,False,0.31177,2.6728283269843294,0.31999,0.0,0.20313134785461262,1,3.151716500803971,0.31999,0.0,0.30469702178191893,1,4.727574751205992
SKL-EUR,2026-09-26T07:02:53.456179+00:00,1790406173.4561787,False,WAITING_INSUFFICIENT_NET_RISK_REWARD,0.004113,0.004124,0.2674446875759795,53326.990231970995,False,0.004026,2.0894071914480112,0.004124,0.0,0.2667313288069795,1,2.960371500927593,0.004124,0.0,0.4000969932104692,1,4.440557251391397
RENDER-EUR,2026-09-26T07:02:53.087658+00:00,1790406173.0876577,False,WAITING_INSUFFICIENT_NET_RISK_REWARD,1.6896,1.6913,0.10061553030302761,41132.88440087401,False,1.6689,1.6740609287193133,1.6913,0.0,0.10051439720925037,1,1.9147559322588563,1.6913,0.0,0.15077159581387556,1,2.8721338983882845
ZKJ-EUR,2026-09-26T07:02:54.156164+00:00,1790406174.1561637,False,WAITING_INSUFFICIENT_NET_RISK_REWARD,0.005774,0.005796,0.38101835815727014,5007.059966719925,False,0.005633,5.561277033985591,0.005808439076512311,0.21461484665823427,0.3795721187025536,3,3.6006015056125023,0.0058089592911420625,0.22359025434890434,0.5693581780538304,3,5.41385166335067
PEAQ-EUR,2026-09-26T07:02:56.927329+00:00,1790406176.9273293,False,WAITING_SPREAD,0.036625,0.036822,0.5378839590443718,23505.066603280713,False,,,0.036874211922668244,0.14179545561958662,0.5350062462658234,3,,0.036915688258602856,0.2544355510370355,0.8025093693987351,4,
PROM-EUR,2026-09-26T07:02:52.680064+00:00,1790406172.680064,False,WAITING_INSUFFICIENT_NET_RISK_REWARD,5.551,5.5591,0.14591965411636654,30489.205894888477,False,5.3655,2.352178376528635,5.5591000000000115,1.9984014443252818e-13,0.1457070389091708,2,4.059997803695694,5.559133332933602,0.0005996102534933101,0.2185605583637562,2,6.090859599504796
CNPY-EUR,2026-09-26T07:02:54.820544+00:00,1790406174.8205442,False,WAITING_SPREAD,0.35066,0.35299,0.6644613015456491,12344.5744218992,False,,,0.35299,0.0,0.6600753562423844,1,,0.35299,0.0,0.9901130343635767,1,
AVNT-EUR,2026-09-26T07:22:40.231774+00:00,1790407360.231774,True,ENTRY_READY_SHADOW,0.11381,0.11394,0.11422546349177942,46332.4719064806,False,0.10974,3.603061312236649,0.11399557423286209,0.048774998123657376,0.11409513779182534,2,4.309025683734106,0.11399704945039216,0.05006973002645854,0.171142706687738,2,6.46539600792363
ACE-EUR,2026-09-26T07:22:28.232091+00:00,1790407348.2320907,True,ENTRY_READY_SHADOW,0.1861,0.18656,0.2471789360559029,57470.61032681285,False,0.17428,4.215584557418215,0.18656,0.0,0.24656946826758785,1,7.1412080326627745,0.18656027512541115,0.00014747288332728203,0.3698542024013818,2,10.712017460998112
ZRO-EUR,2026-09-26T07:22:28.621136+00:00,1790407348.6211362,False,WAITING_INSUFFICIENT_NET_RISK_REWARD,1.426,1.4288,0.19635343618513712,77455.08199754292,False,1.3856,2.2464788732394236,1.4287999999999998,-1.1102230246251565e-14,0.19596864501680855,1,3.60368228365256,1.4288,0.0,0.2939529675252128,1,5.405523425478833
LSK-EUR,2026-09-26T07:22:31.910052+00:00,1790407351.910052,True,ENTRY_READY_SHADOW,0.30077,0.30152,0.24935997606145843,60453.2358572048,False,0.29084,5.467812874850053,0.30158004553169465,0.01991427822189973,0.24873971875830625,3,4.138207653033106,0.30169327859356043,0.05746835817206364,0.3731095781374594,3,6.261280485657409
EDGE-EUR,2026-09-26T07:22:33.890999+00:00,1790407353.8909988,False,WAITING_INSUFFICIENT_NET_RISK_REWARD,0.099236,0.099647,0.4141642145995439,7829.8673761154705,False,0.097376,5.294944240141117,0.09996673717305805,0.32086984360597537,0.41245596957258934,2,3.1743492209219824,0.09999680668162567,0.35104587355934136,0.618683954358884,2,4.805197722064349
STX-EUR,2026-09-26T07:38:53.803807+00:00,1790408333.8038068,True,ENTRY_READY_SHADOW,0.30247,0.30291,0.14546897212945886,30428.21202897422,False,0.28685,5.793758033154265,0.30291,0.0,0.14525766729391876,1,5.868440343135447,0.30291,0.0,0.21788650094087814,1,8.802660514703149
STX-EUR,2026-09-26T07:38:37.931056+00:00,1790408317.9310565,True,ENTRY_READY_SHADOW,0.30259,0.303,0.13549687696221557,27495.8236549482,False,0.28685,5.793758033154265,0.3030003038904916,0.00010029389161392288,0.13531353135312063,2,5.896494592408146,0.3030102019469427,0.003366979189012298,0.20297029702968095,2,8.84935283142596
ALICE-EUR,2026-09-26T07:38:38.479139+00:00,1790408318.4791386,True,ENTRY_READY_SHADOW,0.14472,0.14517,0.3109452736318463,61470.3974777918,False,0.13966,5.561547795604697,0.14517236929528246,0.0016320832695981835,0.309981401115933,2,4.372658082929362,0.1451782457210733,0.005680044825595587,0.46497210167389946,2,6.564793231661241
TNSR-EUR,2026-09-26T07:38:39.051564+00:00,1790408319.0515642,True,ENTRY_READY_SHADOW,0.036762,0.03687,0.2937816223274048,62778.798010642255,False,0.033912,9.563982854178628,0.03687,0.0,0.2929210740439281,1,8.573040466368653,0.03687,0.0,0.43938161106589213,1,12.859560699552986
HUMA-EUR,2026-09-26T07:38:44.466291+00:00,1790408324.4662912,True,ENTRY_READY_SHADOW,0.024098,0.024174,0.31537886961572337,45083.1735538462,False,0.023245,1.6229923922231715,0.024174514518188955,0.00212839492410577,0.3143873583188572,2,4.420269719657128,0.02417467634329275,0.0027978129095274085,0.47158103747828584,2,6.631364294492016
TNSR-EUR,2026-09-26T07:53:20.441051+00:00,1790409200.4410508,True,ENTRY_READY_SHADOW,0.037272,0.037368,0.25756600128783447,35922.24994317998,False,0.033889,9.329143252816337,0.037368,0.0,0.25690430314707635,1,9.852661157799133,0.03736803699111719,9.899142900948732e-05,0.3853564547206145,2,14.779125593774609
KMNO-EUR,2026-09-26T07:53:03.219477+00:00,1790409183.219477,True,ENTRY_READY_SHADOW,0.038631,0.038662,0.0802464342108733,62622.892865042,False,0.037251,3.1817946460933078,0.03866784409983723,0.015115875632987219,0.0801820909420159,3,4.240473890322747,0.03867289474682073,0.028179470334510626,0.12027313641302384,3,6.379470003818454
ENA-EUR,2026-09-26T07:53:04.412650+00:00,1790409184.4126496,False,WAITING_INSUFFICIENT_NET_RISK_REWARD,0.23939,0.23956,0.07101382680980706,52454.99409372099,False,0.23125,3.1246099438319073,0.23956,0.0,0.07096343296042473,1,4.046361336181974,0.23955999999999997,-1.1102230246251565e-14,0.1064451494406371,1,6.069542004272961
POND-EUR,2026-09-26T07:53:01.450152+00:00,1790409181.4501524,False,WAITING_STOP_GEOMETRY,0.0017068,0.0017099,0.1816264354347341,38961.277809627,False,0.0012739,24.380446623093675,0.0017099726539411913,0.004249016971247244,0.1812971518802331,2,25.94742174751704,0.001709981769196946,0.0047821040380036095,0.27194572782034965,2,38.92172474003573
BRETT-EUR,2026-09-26T07:53:07.093303+00:00,1790409187.0933034,False,WAITING_INSUFFICIENT_NET_RISK_REWARD,0.0050597,0.0050699,0.20159297982091928,103350.24218895003,False,0.0049756,1.5277585627606503,0.0050699,0.0,0.20118740014594128,1,2.447124088042159,0.0050699,0.0,0.3017811002189119,1,3.6706861320632527
THE-EUR,2026-09-26T07:53:07.712478+00:00,1790409187.7124777,False,WAITING_INSUFFICIENT_NET_RISK_REWARD,0.07392,0.07404,0.16233766233766378,53475.90217776608,False,0.07346,0.7560415822870138,0.07404,0.0,0.16207455429496642,1,1.376928222393758,0.07404,0.0,0.24311183144244963,1,2.065392333590637
STX-EUR,2026-09-26T08:10:24.658500+00:00,1790410224.6585004,True,ENTRY_READY_SHADOW,0.30537,0.30581,0.14408750040935114,31771.077906546077,False,0.28683,5.787463787200417,0.30581,0.0,0.1438801870442652,1,6.7675919664231685,0.30581,0.0,0.2158202805663978,1,10.151387949634739
POND-EUR,2026-09-26T08:10:24.185129+00:00,1790410224.1851292,False,WAITING_SPREAD,0.0015752,0.0015857,0.6665820213306306,13774.028417154901,False,,,0.0015857,0.0,0.6621681276407942,1,,0.0015857184869720938,0.0011658555902016587,0.9932521914611914,2,
RLC-EUR,2026-09-26T08:10:31.632749+00:00,1790410231.632749,True,ENTRY_READY_SHADOW,0.32693,0.32819,0.3854036032178154,57860.364742342426,False,0.31576,2.2298886623804313,0.32819,0.0,0.3839239464944022,1,4.363036040113911,0.32819,0.0,0.5758859197416033,1,6.544554060170867
LPT-EUR,2026-09-26T08:10:28.821732+00:00,1790410228.8217316,True,ENTRY_READY_SHADOW,1.5608,1.5634,0.16658124038952948,61913.28447780544,False,1.5,3.0258064516129135,1.5634041002534385,0.0002622651553485511,0.16630420877573604,2,4.629507860638981,1.5635360445608482,0.008701839634661646,0.24945631316360406,2,6.956334036024117
KMNO-EUR,2026-09-26T08:10:27.670624+00:00,1790410227.6706243,False,WAITING_INSUFFICIENT_NET_RISK_REWARD,0.038537,0.038565,0.07265744609077363,62966.11216200927,False,0.037255,3.557761919536669,0.03856547311850626,0.0012268080027411088,0.07260469337482256,2,3.9759729567847444,0.03856777406601391,0.007193221869328248,0.10890704006223384,4,5.972552603348618
INX-EUR,2026-09-26T08:10:26.039165+00:00,1790410226.0391653,False,WAITING_INSUFFICIENT_NET_RISK_REWARD,0.005302,0.005313,0.20746887966804906,25629.432829918504,False,0.005222,1.6914113888366813,0.005312999999999999,-1.1102230246251565e-14,0.20703933747411307,1,2.3007875567996763,0.005313,0.0,0.3105590062111696,1,3.4511813351995215
KAS-EUR,2026-09-26T08:10:26.999892+00:00,1790410226.999892,False,WAITING_INSUFFICIENT_NET_RISK_REWARD,0.038242,0.03828,0.09936718790859445,52123.545184795024,False,0.037638,2.301032214450994,0.03828001002560212,2.619018317773225e-05,0.09926854754441772,2,2.265362528845344,0.038280340011378824,0.0008882219927563995,0.14890282131662658,2,3.39930753753913
NPC-EUR,2026-09-26T08:10:29.891686+00:00,1790410229.891686,False,WAITING_INSUFFICIENT_NET_RISK_REWARD,0.0197699,0.01977,0.0005058194528118065,29024.189051658,False,0.0194145,2.115795481521513,0.01977,0.0,0.0005058168942806418,1,2.3856757385746334,0.01977,0.0,0.0007587253414209627,1,3.5785136078619644
MOVR-EUR,2026-09-26T08:10:29.317246+00:00,1790410229.3172464,True,ENTRY_READY_SHADOW,0.8774,0.879,0.18235696375656918,55189.30635692996,False,0.8455,5.76099210822998,0.879063307498714,0.007202218283719475,0.18202502844141266,2,4.393488821298504,0.8790755379921384,0.008593628229625061,0.273037542662119,2,6.592228478241935
TNSR-EUR,2026-09-26T08:31:00.502234+00:00,1790411460.5022335,False,WAITING_STOP_GEOMETRY,0.038594,0.038775,0.4689848162926724,64892.84481458619,False,0.034079,13.569412368488583,0.038775040404342515,0.0001042020438823954,0.4667956157317743,2,12.636787629322285,0.0387763601797139,0.0035078780500352735,0.7001934235976615,2,18.95964162857203
SOMI-EUR,2026-09-26T08:31:02.523163+00:00,1790411462.5231628,False,WAITING_INSUFFICIENT_NET_RISK_REWARD,0.19082,0.19117,0.18341892883346755,69315.0454777424,False,0.18463,2.8674964550181152,0.1911704081993572,0.00021352689083542487,0.18308311973637137,2,3.999031703590731,0.19118360364436823,0.007115993287776234,0.27462467960455705,2,6.008486499997588
ENJ-EUR,2026-09-26T08:31:03.401298+00:00,1790411463.4012983,True,ENTRY_READY_SHADOW,0.027378,0.027474,0.35064650449265766,49291.809475352515,False,0.026097,4.375459221160915,0.027474,0.0,0.3494212710198674,1,5.580281143613973,0.027473999999999995,-1.1102230246251565e-14,0.5241319065298011,1,8.370421715420974
GRASS-EUR,2026-09-26T08:31:04.089909+00:00,1790411464.0899088,False,WAITING_INSUFFICIENT_NET_RISK_REWARD,0.4629,0.46368,0.16850291639662895,32667.285356316635,False,0.45184,3.582167038006438,0.46368,0.0,0.16821946169772728,1,3.136463189851426,0.46368000000000004,2.220446049250313e-14,0.2523291925465909,1,4.7046947847771605
ENA-EUR,2026-09-26T08:31:07.964325+00:00,1790411467.9643247,True,ENTRY_READY_SHADOW,0.24282,0.24301,0.07824726134584292,41965.512056997446,False,0.23146,4.5216602778121295,0.24301,0.0,0.07818608287724071,1,5.3227108148315665,0.24301,0.0,0.11727912431586107,1,7.98406622224735
GRT-EUR,2026-09-26T08:31:04.670880+00:00,1790411464.6708803,False,WAITING_INSUFFICIENT_NET_RISK_REWARD,0.024682,0.024741,0.23904059638601982,56686.68009876304,False,0.024323,1.8094235751295313,0.024741,0.0,0.23847055494927716,1,2.2776500908514237,0.024741000000000003,2.220446049250313e-14,0.35770583242391574,1,3.416475136277171
LPT-EUR,2026-09-26T08:31:06.581234+00:00,1790411466.5812335,False,WAITING_INSUFFICIENT_NET_RISK_REWARD,1.5546,1.5575,0.18654316222823653,42595.459775425144,False,1.5143,3.0518689491568947,1.5575,0.0,0.18619582664527456,1,3.355336490235075,1.5575,0.0,0.27929373996791185,1,5.03300473535262
SAGA-EUR,2026-09-26T08:31:09.513757+00:00,1790411469.5137575,True,ENTRY_READY_SHADOW,0.02922,0.02926,0.1368925393566034,42756.31075110086,False,0.027671,14.795447554598596,0.02926,0.0,0.13670539986330166,1,5.99638744048967,0.02926,0.0,0.2050580997949525,1,8.994581160734498
WAL-EUR,2026-09-26T08:31:10.465452+00:00,1790411470.4654524,False,WAITING_INSUFFICIENT_NET_RISK_REWARD,0.032389,0.032411,0.06792429528543753,34506.492921429606,False,0.03216,0.6795996540220095,0.032411,0.0,0.06787818950356739,1,1.3680497469725452,0.032411,0.0,0.10181728425535108,1,2.0520746204587965
GLMR-EUR,2026-09-26T08:31:11.271511+00:00,1790411471.2715113,True,ENTRY_READY_SHADOW,0.005838,0.005853,0.2569373072970116,12332.385491196865,False,0.005631,6.493285738568765,0.00585304267560263,0.0007291235713413613,0.25627883136851715,2,4.3691869856082235,0.005854361189424605,0.023256269000615504,0.3844182470527757,2,6.586087303534583
BABY-EUR,2026-09-26T08:47:54.213655+00:00,1790412474.2136555,False,WAITING_INSUFFICIENT_NET_RISK_REWARD,0.012293,0.012294,0.008134710811025236,34514.22445640724,False,0.0119,3.6892255069631097,0.012294,0.0,0.00813404912964888,1,3.7838967734397215,0.012294,0.0,0.012201073694473319,1,5.675845160159611
2Z-EUR,2026-09-26T09:00:47.391037+00:00,1790413247.3910367,False,WAITING_SPREAD,0.065257,0.06559,0.5102900838224178,29808.279042736413,False,,,0.065592610225778,0.003979609358140124,0.5076993444122602,3,,0.06569044741157609,0.15314439941469526,0.7615490166183903,3,
VTHO-EUR,2026-09-26T09:00:49.649703+00:00,1790413249.6497033,False,WAITING_INSUFFICIENT_NET_RISK_REWARD,0.00071809,0.00071934,0.1740728877995812,25244.66082712156,False,0.00070697,1.4647118611029857,0.00071934,0.0,0.17377040064502358,1,2.3075984760760093,0.0007193409349183857,0.00012996891396444,0.2606556009675354,2,3.461588168496462
WIF-EUR,2026-09-26T09:00:50.207790+00:00,1790413250.2077897,False,WAITING_INSUFFICIENT_NET_RISK_REWARD,0.21838,0.2185,0.05495008700431292,52509.7224895611,False,0.21573,1.5438178569792405,0.2185,0.0,0.05491990846682171,1,1.8584046405724592,0.21850225045351723,0.0010299558431237088,0.08237986270023256,2,2.7891231678863164
NPC-EUR,2026-09-26T09:21:14.919327+00:00,1790414474.9193268,True,ENTRY_READY_SHADOW,0.0206549,0.0206715,0.08036833874769389,22985.0148138079,False,0.0194722,5.593610647619596,0.02070127968355998,0.14406155121775566,0.08030379991775805,4,6.499950681371928,0.02070431889638719,0.15876398126497548,0.12045569987663707,4,9.770513505567209
RUNE-EUR,2026-09-26T09:21:15.284183+00:00,1790414475.2841825,True,ENTRY_READY_SHADOW,0.61318,0.61435,0.19080857170814536,52486.050604579366,False,0.59179,3.6323323225406705,0.61435,0.0,0.1904451859689127,1,4.248459266093704,0.61435,0.0,0.28566777895336903,1,6.37268889914057
TAO-EUR,2026-09-26T09:21:17.190516+00:00,1790414477.1905155,False,WAITING_INSUFFICIENT_NET_RISK_REWARD,278.94,279.02,0.028680002867997878,88770.4235458637,False,271.56,2.225358228397734,279.02,0.0,0.028671779800726327,1,3.2559026417898878,279.03053735933736,0.003776560582524624,0.04300766970108949,2,4.889334154892197
ATH-EUR,2026-09-26T09:21:19.010722+00:00,1790414479.0107217,False,WAITING_INSUFFICIENT_NET_RISK_REWARD,0.0056955,0.0057104,0.26161004301641366,104258.95518574408,False,0.005602,1.3259610135765794,0.0057104,0.0,0.2609274306528464,1,2.485188594079375,0.0057104,0.0,0.3913911459792696,1,3.7277828911190625
TREAD-EUR,2026-09-26T09:37:32.308058+00:00,1790415452.3080583,False,WAITING_SPREAD,0.71598,0.72443,1.1802005642615798,78859.2560466001,False,,,0.7248937829634634,0.06402039720379005,1.166434300070407,2,,0.7249258524711962,0.0684472580092299,1.7496514501056104,2,
SENT-EUR,2026-09-26T09:37:30.925869+00:00,1790415450.9258685,False,WAITING_INSUFFICIENT_NET_RISK_REWARD,0.020841,0.020858,0.08156998224655432,45468.9498819196,False,0.020377,2.316063174114016,0.0208637532885564,0.027583126648766942,0.08150349985618366,4,2.9173062579340154,0.020866501468198115,0.040758788944827984,0.12225524978427549,4,4.3951385015392646
XDC-EUR,2026-09-26T09:37:34.729786+00:00,1790415454.7297862,False,WAITING_INSUFFICIENT_NET_RISK_REWARD,0.026611,0.02667,0.2217128255232792,88895.84655711598,False,,,0.02667,0.0,0.2212223472065955,1,,0.02667,0.0,0.33183352080989326,1,
GLMR-EUR,2026-09-26T09:37:32.906236+00:00,1790415452.906236,False,WAITING_INSUFFICIENT_NET_RISK_REWARD,0.005786,0.00579,0.06913238852401804,9590.708129131046,False,0.005633,3.6214554151007925,0.00579,0.0,0.069084628670113,1,3.2936039435090976,0.00579,0.0,0.1036269430051695,1,4.9404059152636535
SAGA-EUR,2026-09-26T09:52:04.107101+00:00,1790416324.107101,True,ENTRY_READY_SHADOW,0.030554,0.030623,0.2258296786018077,66803.74351732711,False,0.028353,7.777777777777778,0.030623,0.0,0.22532083727916374,1,7.966636383928332,0.030623,0.0,0.3379812559187456,1,11.94995457589252
RARE-EUR,2026-09-26T09:52:05.859478+00:00,1790416325.8594778,False,WAITING_STOP_GEOMETRY,0.020767,0.020828,0.2937352530457016,35615.60422996832,False,0.017598,10.089098532494775,0.020828,0.0,0.29287497599385093,1,16.013447296872073,0.020828,0.0,0.4393124639907764,1,24.020170945308124
GAS-EUR,2026-09-26T09:52:14.875732+00:00,1790416334.875732,False,WAITING_INSUFFICIENT_NET_RISK_REWARD,1.3558,1.3585,0.1991444165806211,110819.83881376227,False,1.3425,0.6296762723164643,1.3585,0.0,0.1987486198012589,1,1.7689779048881178,1.3585,0.0,0.29812292970188836,1,2.6534668573321483
XAN-EUR,2026-09-26T10:07:09.651029+00:00,1790417229.6510293,True,ENTRY_READY_SHADOW,0.0112681,0.0113073,0.3478847365571802,65406.73197708227,False,0.0108884,2.702027635792723,0.011307299999999998,-1.1102230246251565e-14,0.346678694294833,1,4.280777269370645,0.0113073,0.0,0.5200180414422495,1,6.421165904055982
NEAR-EUR,2026-09-26T10:07:11.516494+00:00,1790417231.516494,False,WAITING_INSUFFICIENT_NET_RISK_REWARD,4.2778,4.2797,0.04441535368646665,53500.322561785004,False,4.1906,2.247217285567296,4.2797,0.0,0.044395635208072104,1,2.667720807102043,4.2797,0.0,0.06659345281210816,1,4.001581210653086
RARE-EUR,2026-09-26T10:07:08.934677+00:00,1790417228.9346766,False,WAITING_SPREAD,0.020009,0.020124,0.5747413663851342,64949.5924832957,False,,,0.020124,0.0,0.5714569668058056,1,,0.020124,0.0,0.8571854502087084,1,
OGN-EUR,2026-09-26T10:07:11.927757+00:00,1790417231.9277573,False,WAITING_INSUFFICIENT_NET_RISK_REWARD,0.019023,0.019108,0.44682752457549935,54125.84735731937,False,0.018575,6.5895476141293265,0.019108520897580545,0.002726070653880086,0.4448398576512358,2,3.3736082932082923,0.019108694534959583,0.003634786265349632,0.6672597864768537,3,5.061729480600206
MOVR-EUR,2026-09-26T10:07:11.118041+00:00,1790417231.1180408,False,WAITING_INSUFFICIENT_NET_RISK_REWARD,0.8759,0.8767,0.09133462724055796,59873.12770713424,False,0.8585,2.112436115843278,0.8767533217518899,0.006082097854442914,0.09125128322117204,2,2.667721340463828,0.8767688806156918,0.007856805713668535,0.13687692483175806,2,4.004172852536726
NEO-EUR,2026-09-26T10:07:16.035104+00:00,1790417236.0351038,False,WAITING_INSUFFICIENT_NET_RISK_REWARD,2.3506,2.3546,0.1701693184718689,36585.16863105278,False,2.3375,0.5994643084902853,2.3546,0.0,0.16988023443472722,1,1.3201476157563121,2.3546,0.0,0.2548203516520908,1,1.9802214236345037
IO-EUR,2026-09-26T10:07:13.847370+00:00,1790417233.8473704,False,WAITING_INSUFFICIENT_NET_RISK_REWARD,0.14991,0.15037,0.30685077713294984,61221.260895711275,False,0.14771,1.2299465240641765,0.15037,0.0,0.30591208352731547,1,2.3566412989273005,0.15037,0.0,0.4588681252909732,1,3.534961948390958
FUEL-EUR,2026-09-26T10:07:15.064488+00:00,1790417235.0644884,True,ENTRY_READY_SHADOW,0.0007808,0.0007846,0.4866803278688492,9562.5445525341,False,0.0007464,6.01494238318349,0.0007852320188069285,0.0805529960398399,0.4843232220239635,3,5.513961267942179,0.0007852880045534313,0.08768857423289145,0.7264848330359452,3,8.281046229335516
ENJ-EUR,2026-09-26T10:25:19.922988+00:00,1790418319.9229882,True,ENTRY_READY_SHADOW,0.027303,0.02738,0.28202029081052515,27860.54279031393,False,0.026036,8.173041761135087,0.02738051581157097,0.0018838990904601616,0.28122717311906964,2,5.479361046848382,0.027380677205811284,0.0024733594276238335,0.42184075967860446,2,8.219877292117758
SUI-EUR,2026-09-26T10:25:05.496231+00:00,1790418305.4962306,False,WAITING_INSUFFICIENT_NET_RISK_REWARD,1.0419,1.04226,0.03455226029369651,59629.84771037526,False,1.00944,1.7612714572991228,1.04226,0.0,0.03454032583040112,1,3.728342146188851,1.04226,0.0,0.05181048874560168,1,5.5925132192832905
MET-EUR,2026-09-26T10:25:08.789027+00:00,1790418308.789027,True,ENTRY_READY_SHADOW,0.31772,0.31831,0.18569809895505607,36306.6815086582,False,0.30466,2.3442003458656226,0.31831,0.0,0.1853539002858784,1,4.86087202589799,0.31831,0.0,0.2780308504288176,1,7.291308038846978
USELESS-EUR,2026-09-26T10:25:14.612095+00:00,1790418314.612095,True,ENTRY_READY_SHADOW,0.248729,0.249328,0.24082435100047928,23515.31621853371,False,0.237223,6.728179591703891,0.24932893870784098,0.000376495155363088,0.24024578065841018,2,5.4246152604909526,0.2493289591385573,0.00038468946821357264,0.36036867098761527,2,8.136934515396035
EDGE-EUR,2026-09-26T10:25:15.708517+00:00,1790418315.7085173,False,WAITING_SPREAD,0.098406,0.099024,0.6280104871654313,7711.702907182361,False,,,0.099024,0.0,0.6240911294231766,1,,0.099024,0.0,0.9361366941347649,1,
KSM-EUR,2026-09-26T10:25:15.475673+00:00,1790418315.4756727,False,WAITING_INSUFFICIENT_NET_RISK_REWARD,4.1538,4.1608,0.1685203909673083,54923.96688128362,False,4.1097,0.7068253582705777,4.1608,0.0,0.1682368775235421,1,1.8190362334406132,4.1608,0.0,0.25235531628531316,1,2.7285543501609197
LSK-EUR,2026-09-26T10:25:06.694003+00:00,1790418306.6940029,False,WAITING_INSUFFICIENT_NET_RISK_REWARD,0.30043,0.30105,0.20637086842192343,34084.56342021964,False,0.29613,1.5616117706069246,0.30105,0.0,0.20594585617007555,1,2.2227572324793385,0.30105,0.0,0.3089187842551133,1,3.3341358487190007
FLOCK-EUR,2026-09-26T10:25:16.698878+00:00,1790418316.6988783,False,WAITING_INSUFFICIENT_NET_RISK_REWARD,0.064663,0.06491,0.38198042157029377,60346.14275017431,False,0.064186,1.0517334987977944,0.06491,0.0,0.3805268833769748,1,1.7069720322518123,0.06491,0.0,0.5707903250654622,1,2.5604580483777113
GALA-EUR,2026-09-26T10:41:57.080302+00:00,1790419317.0803025,True,ENTRY_READY_SHADOW,0.0019564,0.0019589,0.12778572888978434,54613.35932494738,False,0.0018823,2.7566589087147575,0.0019589,0.0,0.12762264536219092,1,4.485218331474897,0.0019589,0.0,0.19143396804328638,1,6.727827497212331
WAL-EUR,2026-09-26T10:41:57.489171+00:00,1790419317.4891713,True,ENTRY_READY_SHADOW,0.033524,0.033554,0.08948812790836591,35694.500951132104,False,0.032126,4.068284779934584,0.033554,0.0,0.08940811825713935,1,4.828620125789698,0.033554,0.0,0.13411217738570902,1,7.242930188684539
TURBO-EUR,2026-09-26T10:42:01.529218+00:00,1790419321.5292177,False,WAITING_INSUFFICIENT_NET_RISK_REWARD,0.0009479,0.0009495,0.1687941766009171,125900.9497836677,False,0.0009304,1.6564676092002535,0.0009495,0.0,0.16850974196945812,1,2.5978050135325077,0.0009495,0.0,0.2527646129541872,1,3.8967075202987758
TRUMP-EUR,2026-09-26T10:42:01.153929+00:00,1790419321.153929,False,WAITING_INSUFFICIENT_NET_RISK_REWARD,1.8782,1.8797,0.07986369928654202,40586.66285952688,False,1.8401,1.6483516483516563,1.8797,0.0,0.07979996808000767,1,2.6923699821043527,1.879726794114503,0.001425446321379198,0.1196999521200115,2,4.040635545547872
TOWNS-EUR,2026-09-26T10:42:00.788467+00:00,1790419320.7884674,False,WAITING_INSUFFICIENT_NET_RISK_REWARD,0.0019298,0.0019337,0.2020934811897579,32489.865771315803,False,0.0018896,4.3629577322707656,0.0019337040810631127,0.00021104944472050136,0.20168588715933078,2,2.8654175201662753,0.0019338360360305392,0.007035012180756084,0.30252883073899617,2,4.308068222400948
GALA-EUR,2026-09-26T10:55:38.556438+00:00,1790420138.5564382,True,ENTRY_READY_SHADOW,0.0019561,0.0019582,0.10735647461783682,37156.75768350208,False,0.0018816,3.5487505120852116,0.0019582,0.0,0.107241344091491,1,4.486607808942537,0.0019582027472557387,0.00014029495143397241,0.1608620161372365,2,6.730112713832568
OP-EUR,2026-09-26T10:55:24.694290+00:00,1790420124.6942902,True,ENTRY_READY_SHADOW,0.1291,0.12919,0.06971340046475483,47802.25628721165,False,0.12411,2.947598253275103,0.12919,0.0,0.06966483473953566,1,4.506922742682718,0.12919,0.0,0.1044972521093035,1,6.760384114024106
RARE-EUR,2026-09-26T10:55:25.388864+00:00,1790420125.3888643,False,WAITING_STOP_GEOMETRY,0.021077,0.021165,0.4175167243915201,39720.83585305586,False,0.018212,12.65074829273018,0.021165641686578106,0.003031828859456631,0.4157807701393845,2,14.469657082535974,0.021166055594653496,0.004987454068028363,0.6236711552090768,3,21.70699447809659
ILV-EUR,2026-09-26T10:55:28.199649+00:00,1790420128.199649,False,WAITING_INSUFFICIENT_NET_RISK_REWARD,3.5824,3.5892,0.18981688253685292,54918.28147418752,False,3.4839,2.888629153447991,3.5892,0.0,0.18945726067089996,1,3.5145041733679534,3.5892,0.0,0.28418589100634994,1,5.271756260051916
KMNO-EUR,2026-09-26T10:55:23.410614+00:00,1790420123.4106143,True,ENTRY_READY_SHADOW,0.039458,0.0395,0.10644229307110731,113569.8737139722,False,0.037823,2.9462426408206137,0.03950204009724102,0.005164803141832763,0.10632911392405298,2,4.823340365916366,0.03950269337655228,0.006818674815889381,0.15949367088607946,2,7.237371537607402
AERO-EUR,2026-09-26T10:55:30.007324+00:00,1790420130.0073235,True,ENTRY_READY_SHADOW,0.80482,0.80574,0.11431127457071089,29679.499608998605,False,0.77608,2.255761523046089,0.80574,0.0,0.11418075309653775,1,4.257320285554627,0.80574,0.0,0.17127112964480662,1,6.385980428331919
ARK-EUR,2026-09-26T10:55:31.502172+00:00,1790420131.502172,False,WAITING_INSUFFICIENT_NET_RISK_REWARD,0.24017,0.24103,0.35807969355039493,102551.41191350535,False,0.23265,5.725364022604464,0.2410350295906794,0.002086707330795079,0.3568020578351261,2,4.056202281194203,0.24103668637100986,0.002774082483458784,0.5352030867526891,2,6.085292635088763
STRK-EUR,2026-09-26T11:13:35.044291+00:00,1790421215.0442908,True,ENTRY_READY_SHADOW,0.037102,0.037165,0.1698021669990668,40185.92530859563,False,0.035557,3.3254672200070474,0.037165,0.0,0.16951432799675592,1,4.899021402500736,0.03716609625758376,0.002949704247989793,0.2542714919951339,2,7.352739776045553
GALA-EUR,2026-09-26T11:13:36.047647+00:00,1790421216.047647,True,ENTRY_READY_SHADOW,0.0019791,0.0019813,0.11116163912889832,35607.76797791723,False,0.0018813,3.536977491961415,0.001981586665922503,0.014468577323123455,0.11103820723766811,2,5.6289047152119736,0.001981624442507949,0.016375233833798575,0.16655731085650216,2,8.446055629871637
TIA-EUR,2026-09-26T11:13:36.512386+00:00,1790421216.512386,False,WAITING_INSUFFICIENT_NET_RISK_REWARD,0.43717,0.43773,0.12809662145161216,33917.970502348704,False,0.42449,2.7520835241322534,0.4377301002238949,2.2896281937079266e-05,0.12793274392890464,2,3.6048766502345586,0.43773340009950956,0.0007767572498096342,0.19189911589335695,2,5.4084049946998505
PEAQ-EUR,2026-09-26T11:13:39.272490+00:00,1790421219.2724898,True,ENTRY_READY_SHADOW,0.036895,0.0369,0.01355197181192036,23245.93963328614,False,0.034959,4.781750993303882,0.0369,0.0,0.013550135501372296,1,5.826947813393346,0.0369,0.0,0.020325203252058444,1,8.74042172009004
HNT-EUR,2026-09-26T11:13:41.264483+00:00,1790421221.2644827,False,WAITING_INSUFFICIENT_NET_RISK_REWARD,0.45528,0.45701,0.3799859427165764,21196.738326568717,False,0.4434,1.3828771836363263,0.45701,0.0,0.3785475153716522,1,3.5584910287245606,0.45701,0.0,0.5678212730574783,1,5.337736543086805
RUNE-EUR,2026-09-26T11:13:41.732411+00:00,1790421221.7324107,False,WAITING_INSUFFICIENT_NET_RISK_REWARD,0.62144,0.62247,0.16574407826981385,34440.950292205445,False,0.60097,3.0787438595353436,0.6224700000188222,3.0238034298690764e-09,0.165469821838804,1,4.03157248862334,0.6224733332976339,0.0005354953064307111,0.24820473275820598,2,6.0481295840917255
JUP-EUR,2026-09-26T11:13:36.896190+00:00,1790421216.8961897,True,ENTRY_READY_SHADOW,0.30946,0.30967,0.06786014347572866,42061.66213299,False,0.29605,3.7973444687306244,0.30967,0.0,0.06781412471340564,1,4.970172133202368,0.30967,0.0,0.10172118707010847,1,7.455258199803524
PROM-EUR,2026-09-26T11:13:33.954786+00:00,1790421213.9547863,True,ENTRY_READY_SHADOW,5.8093,5.8195,0.17558053465993595,21803.581905187788,False,5.3541,7.356440765649258,5.819500000000053,9.103828801926284e-13,0.17527278975856264,2,8.547661086137609,5.819533332951515,0.0005727803336297299,0.26290918463784396,2,12.822277356222571
GWEI-EUR,2026-09-26T11:13:43.586765+00:00,1790421223.5867653,False,WAITING_INSUFFICIENT_NET_RISK_REWARD,0.021039,0.021098,0.28043157944768193,59161.6867202266,False,0.020741,1.206255363783731,0.021098000000000002,2.220446049250313e-14,0.2796473599393279,1,2.280234797875906,0.021098,0.0,0.4194710399089918,1,3.420352196813866
TLM-EUR,2026-09-26T11:13:39.584850+00:00,1790421219.5848498,False,WAITING_INSUFFICIENT_NET_RISK_REWARD,0.0014355,0.0014402,0.3274120515499801,51458.813944711066,False,0.0014121,1.63626235900293,0.0014402,0.0,0.3263435633939826,1,2.537699616394349,0.0014402,0.0,0.48951534509097394,1,3.8065494245915374
ESP-EUR,2026-09-26T11:13:42.075545+00:00,1790421222.0755446,False,WAITING_INSUFFICIENT_NET_RISK_REWARD,0.08851,0.088584,0.08360637216133782,71967.49999513339,False,0.087685,0.838846614130566,0.08860480095929811,0.02348162117098429,0.08353653029891106,3,1.630137738375737,0.0886315178513228,0.0536415733346951,0.1253047954483666,3,2.4896852036472694
HNT-EUR,2026-09-26T11:30:27.528838+00:00,1790422227.528838,False,WAITING_SPREAD,0.47221,0.4758,0.760254971305141,18606.92277527869,False,,,0.4758,0.0,0.7545187053383695,1,,0.47579999999999995,-1.1102230246251565e-14,1.1317780580075543,1,
PYTH-EUR,2026-09-26T11:30:28.839775+00:00,1790422228.8397746,True,ENTRY_READY_SHADOW,0.068212,0.068314,0.14953380636839597,32186.448746657326,False,0.065533,3.216262364578416,0.068314,0.0,0.14931053663964633,1,4.644807846735588,0.068314,0.0,0.2239658049594695,1,6.967211770103376
TLM-EUR,2026-09-26T11:30:31.580277+00:00,1790422231.5802767,True,ENTRY_READY_SHADOW,0.0015123,0.0015184,0.4033591218673527,51726.66476295418,False,0.0014102,6.527501656726313,0.0015183999999999998,-1.1102230246251565e-14,0.4017386722866112,1,7.68154524778673,0.0015184,0.0,0.6026080084299168,1,11.522317871680116
RUNE-EUR,2026-09-26T11:30:30.376775+00:00,1790422230.3767745,True,ENTRY_READY_SHADOW,0.62486,0.6261,0.19844445155714485,34330.426510989535,False,0.60055,4.194542464353577,0.6261003018830206,4.821642238805879e-05,0.19805142948411403,2,4.654704426577098,0.6261102009423158,0.0016292832320408124,0.29707714422617104,2,6.984317812259064
RAY-EUR,2026-09-26T11:30:29.358690+00:00,1790422229.3586903,True,ENTRY_READY_SHADOW,1.78773,1.78992,0.12250172005838778,12585.572654067,False,1.7126,3.9863274683402437,1.78992,0.0,0.12235183695360474,1,4.8921574282315134,1.78992,0.0,0.1835277554304071,1,7.338236142347256
POND-EUR,2026-09-26T11:30:35.046217+00:00,1790422235.0462167,False,WAITING_SPREAD,0.0020829,0.0021125,1.4210955878822817,19494.8420755371,False,,,0.0021149878853750576,0.11776972189623258,1.4011834319526573,3,,0.002118678994894008,0.29249679971636855,2.101775147928986,3,
ARK-EUR,2026-09-26T11:30:33.089390+00:00,1790422233.0893903,True,ENTRY_READY_SHADOW,0.24117,0.24184,0.27781233155035334,99638.81771190626,False,0.23304,4.001326864867103,0.24184746986016795,0.0030887612338492687,0.27704267284155426,2,4.218213172187063,0.24184831323422987,0.0034374934791081557,0.4155640092623314,2,6.327820774021831
EDGE-EUR,2026-09-26T11:45:52.952363+00:00,1790423152.9523635,True,ENTRY_READY_SHADOW,0.098983,0.09925,0.26974328925168933,4697.06806465366,False,0.094416,4.53237118417319,0.09925,0.0,0.2690176322418192,1,5.439645179243314,0.09924999999999999,-1.1102230246251565e-14,0.4035264483627288,1,8.159467768864971
PTB-EUR,2026-09-26T11:45:39.225501+00:00,1790423139.2255013,True,ENTRY_READY_SHADOW,0.000868,0.0008699,0.21889400921659696,38294.657564852,False,0.0008156,6.942392909896605,0.0008699000000000341,3.930189507173054e-12,0.21841590987469184,2,6.803007540354969,0.0008699333307789799,0.0038315644303787977,0.32762386481203776,2,10.20986745952257
TLM-EUR,2026-09-26T11:45:39.844179+00:00,1790423139.8441794,False,WAITING_SPREAD,0.0014969,0.0015057,0.5878816220188376,56578.165527240766,False,,,0.0015057,0.0,0.584445772730291,1,,0.0015057,0.0,0.8766686590954365,1,
FORM-EUR,2026-09-26T11:45:44.235964+00:00,1790423144.2359643,False,WAITING_VISIBLE_DEPTH,0.28839,0.2888,0.14216859114395408,70326.58056499065,False,,,0.28880000000136313,4.72000216689139e-10,0.14196675900277622,1,,0.28880333325638835,0.0011541746496979144,0.21295013850416433,2,
SOMI-EUR,2026-09-26T11:45:47.458749+00:00,1790423147.4587486,False,WAITING_INSUFFICIENT_NET_RISK_REWARD,0.1918,0.19227,0.24504692387903315,70903.8655806747,False,0.18946,1.5353493438456303,0.19227000000019184,9.978684545330907e-11,0.2444479117907128,2,2.0509974090562224,0.19227333321788706,0.0017336130894385349,0.3666718676860692,2,3.079043154376734
EPIC-EUR,2026-09-26T11:45:48.235716+00:00,1790423148.235716,False,WAITING_VISIBLE_DEPTH,0.41836,0.4193,0.22468687254995068,54085.33650475399,False,,,0.41930000000326634,7.789990874584873e-10,0.2241831624135493,1,,0.4193033332803358,0.0007949631137149638,0.33627474362032395,2,
TAO-EUR,2026-09-26T11:59:04.615177+00:00,1790423944.6151767,True,ENTRY_READY_SHADOW,289.41,289.63,0.07601672367920642,95177.3918670411,False,272.88,3.3974765630506756,289.63,0.0,0.07595898214962649,1,6.346896560690581,289.63,0.0,0.11393847322443973,1,9.520344841035865
AMP-EUR,2026-09-26T11:59:04.926301+00:00,1790423944.9263015,False,WAITING_SPREAD,0.0005923,0.0005971,0.8104001350666801,17216.0038656101,False,,,0.0005971,0.0,0.8038854463239042,1,,0.0005971,0.0,1.2058281694858564,1,
FORM-EUR,2026-09-26T11:59:05.207031+00:00,1790423945.207031,False,WAITING_SPREAD,0.28869,0.29052,0.6338979528213606,58701.84446480002,False,,,0.29052,0.0,0.6299049979347382,1,,0.29052,0.0,0.9448574969021073,1,
EDGE-EUR,2026-09-26T11:59:08.240827+00:00,1790423948.2408268,True,ENTRY_READY_SHADOW,0.099395,0.099481,0.08652346697519686,4516.25209992336,False,0.094416,4.53237118417319,0.09948149587760918,0.0004984646406747117,0.08644866858998901,2,5.659689441074661,0.0994819505061954,0.0009554650590715141,0.1296730028849835,3,8.490180858853961
SPK-EUR,2026-09-26T11:59:06.860932+00:00,1790423946.8609316,False,WAITING_INSUFFICIENT_NET_RISK_REWARD,0.021545,0.021574,0.13460199582269183,89423.1501164722,False,0.021178,2.100608070757332,0.02157620888996127,0.010238666734352364,0.13442106238990004,2,2.4328055121510346,0.021576472586861736,0.011460956993314397,0.20163159358485006,2,3.650996894704093
TNSR-EUR,2026-09-26T11:59:07.803670+00:00,1790423947.80367,True,ENTRY_READY_SHADOW,0.03788,0.037958,0.20591341077085268,31068.196799165544,False,0.03651,4.726997626066316,0.037958,0.0,0.20549027872912573,1,4.390175110198555,0.0379580217866632,5.7396762742634166e-05,0.3082354180936886,2,6.5853449806671165
ALLO-EUR,2026-09-26T12:24:05.905650+00:00,1790425445.9056501,True,ENTRY_READY_SHADOW,0.265541,0.266204,0.24967895729848255,56575.5114098866,False,0.25653,2.9872723771695573,0.266204,0.0,0.24905711409294318,1,4.210568556520386,0.266204,0.0,0.37358567113941477,1,6.315852834780571
WLD-EUR,2026-09-26T12:24:06.331892+00:00,1790425446.3318915,False,WAITING_INSUFFICIENT_NET_RISK_REWARD,0.43135,0.43161,0.06027587805725876,50686.92707918252,False,0.42112,1.7745691662785317,0.4316120192757138,0.00046784729590410024,0.060239568128628296,2,3.0146028082357503,0.43161801268402117,0.0018564639422624651,0.09035935219294244,2,4.5239243079062135
BRETT-EUR,2026-09-26T12:24:13.261945+00:00,1790425453.261945,False,WAITING_INSUFFICIENT_NET_RISK_REWARD,0.0052661,0.0052723,0.11773418658969081,107860.74657257966,False,0.0051326,3.8501600287862434,0.005272304029738885,7.64322759527758e-05,0.11759573620619967,2,3.2321738706444734,0.005272436013217614,0.002579770074051524,0.1763936043092995,2,4.8518943505814605
HUMA-EUR,2026-09-26T12:44:32.880372+00:00,1790426672.8803716,True,ENTRY_READY_SHADOW,0.024731,0.024824,0.376046257733198,73230.9655069454,False,0.023832,3.1274084289944466,0.024824,0.0,0.3746374476313208,1,4.57048010010422,0.024824000000000002,2.220446049250313e-14,0.5619561714469812,1,6.8557201501563725
AERO-EUR,2026-09-26T12:44:33.889742+00:00,1790426673.8897424,False,WAITING_INSUFFICIENT_NET_RISK_REWARD,0.80187,0.80297,0.13717934328507653,36107.26080896259,False,0.78421,3.5251240503835324,0.80297,0.0,0.13699141935563652,1,2.9206035777959727,0.8029700000000001,2.220446049250313e-14,0.20548712903345479,1,4.38090536669398
ZKJ-EUR,2026-09-26T12:44:36.268836+00:00,1790426676.2688363,False,WAITING_INSUFFICIENT_NET_RISK_REWARD,0.005743,0.005766,0.40048755006094616,3340.3558451591407,False,0.005648,3.805175038051742,0.005788249106149436,0.38586725892189033,0.3988900450919264,5,3.006755746713239,0.005799125045494975,0.5744891691809695,0.5983350676378896,5,4.782991844323504
NPC-EUR,2026-09-26T12:44:35.152314+00:00,1790426675.152314,False,WAITING_INSUFFICIENT_NET_RISK_REWARD,0.020989,0.021,0.05240840440230432,24708.8113007696,False,0.020338,2.517542014798393,0.021,0.0,0.0523809523809593,1,3.7317760598503895,0.021,0.0,0.07857142857143895,1,5.597664089775577
2Z-EUR,2026-09-26T12:44:36.829184+00:00,1790426676.829184,True,ENTRY_READY_SHADOW,0.062531,0.062743,0.33903184020724897,23274.82961510267,False,0.059693,7.234062980030728,0.06274351414181481,0.0008194409174100414,0.3378862980730757,2,5.431047600663348,0.06274367609370715,0.0010775603767054776,0.5068294471096135,2,8.14693754835244
ALLO-EUR,2026-09-26T12:59:29.582773+00:00,1790427569.5827732,False,WAITING_INSUFFICIENT_NET_RISK_REWARD,0.26711,0.267932,0.30773838493505234,56798.1472790524,False,0.259325,2.6737127330703476,0.267932,0.0,0.3067942612304586,1,3.7914183933519467,0.267932,0.0,0.4601913918456879,1,5.687127590027927
ACE-EUR,2026-09-26T12:59:30.528594+00:00,1790427570.5285945,False,WAITING_VISIBLE_DEPTH,0.19108,0.19137,0.1517688926104377,45001.78719125495,False,,,0.19137000000140678,7.351008690648086e-10,0.1515389036944259,1,,0.1913933276447544,0.012189812799490163,0.22730835554163886,2,
CC-EUR,2026-09-26T12:59:31.593622+00:00,1790427571.593622,False,WAITING_INSUFFICIENT_NET_RISK_REWARD,0.12036,0.12047,0.09139248919907139,60292.1503075022,False,0.11704,1.8366320026836729,0.12048269186304629,0.01053528932206671,0.09130903959492231,3,3.4385758707036587,0.12048512781019245,0.01255732563498757,0.13696355939238347,3,5.160792198917875
EPIC-EUR,2026-09-26T12:59:32.136811+00:00,1790427572.1368105,False,WAITING_INSUFFICIENT_NET_RISK_REWARD,0.41894,0.42006,0.2673413854012541,53486.58030535732,False,0.41722,0.8889415669076629,0.42006,0.0,0.2666285768699761,1,1.270303494228287,0.42006,0.0,0.39994286530496415,1,1.9054552413424233
TREAD-EUR,2026-09-26T12:59:38.637054+00:00,1790427578.6370537,False,WAITING_INSUFFICIENT_NET_RISK_REWARD,0.71593,0.71594,0.0013967846018481112,14107.6111050486,False,0.70597,2.1617852161785316,0.7168411541579042,0.12587006703133063,0.0013967650920543306,2,2.1057176202168364,0.7168940949511194,0.13326465222216477,0.002095147638081496,2,3.1694202934500595
ENJ-EUR,2026-09-26T12:59:37.939902+00:00,1790427577.9399023,False,WAITING_INSUFFICIENT_NET_RISK_REWARD,0.026664,0.026724,0.22502250225022724,53084.07013352695,False,0.026283,3.4531835205992607,0.026724,0.0,0.22451728783117186,1,2.238584023775303,0.026724,0.0,0.3367759317467578,1,3.3578760356629687
TLM-EUR,2026-09-26T12:59:36.869287+00:00,1790427576.8692865,True,ENTRY_READY_SHADOW,0.0014818,0.0014841,0.15521662842488126,53279.25871871582,False,0.0014272,6.271707186748587,0.0014841,0.0,0.15497607977899008,1,4.409290902519302,0.0014841,0.0,0.23246411966848513,1,6.613936353778968
TNSR-EUR,2026-09-26T12:59:37.514951+00:00,1790427577.5149508,False,WAITING_INSUFFICIENT_NET_RISK_REWARD,0.037719,0.037758,0.10339616638828097,25353.99978821879,False,0.036702,5.862740391027195,0.037758,0.0,0.10328936914030251,1,3.3782809383659753,0.0377580269407154,7.13510127647865e-05,0.15493405371045377,2,5.06752481833783
ZEN-EUR,2026-09-26T13:19:47.946688+00:00,1790428787.9466877,False,WAITING_INSUFFICIENT_NET_RISK_REWARD,6.8808,6.8921,0.16422509010580733,80756.82123428254,False,6.6973,2.621961830732636,6.8921,0.0,0.16395583349052556,1,3.4077696134151125,6.892100000000001,2.220446049250313e-14,0.24593375023578834,1,5.111654420122704
CC-EUR,2026-09-26T13:19:48.572306+00:00,1790428788.5723064,True,ENTRY_READY_SHADOW,0.122,0.1221,0.08196721311475308,80584.6980342599,False,0.117,3.0436224912920933,0.1221,0.0,0.08190008190008813,1,4.750170029471761,0.1221,0.0,0.12285012285013219,1,7.125255044207648
REZ-EUR,2026-09-26T13:19:48.942577+00:00,1790428788.9425766,False,WAITING_VISIBLE_DEPTH,0.003941,0.0039478,0.17254503933010756,31418.03084436308,False,,,0.003947800000000232,5.88418203051333e-12,0.1722478342367828,1,,0.003947833332770441,0.0008443378702427395,0.2583717513551742,2,
HUMA-EUR,2026-09-26T13:19:50.899464+00:00,1790428790.899464,False,WAITING_INSUFFICIENT_NET_RISK_REWARD,0.024996,0.025049,0.21203392542805677,82961.7616387922,False,0.024322,2.767696909272184,0.025049,0.0,0.21158529282605532,1,3.483202628583612,0.025049,0.0,0.317377939239083,1,5.224803942875411
TURBO-EUR,2026-09-26T13:19:57.202536+00:00,1790428797.2025359,False,WAITING_INSUFFICIENT_NET_RISK_REWARD,0.0009366,0.0009383,0.18150758061072914,126598.3863679773,False,0.0009345,0.9871563528287935,0.0009383,0.0,0.1811787274858756,1,1.0008192510304639,0.0009383000000000001,2.220446049250313e-14,0.2717680912288134,1,1.5012288765457242
JUP-EUR,2026-09-26T13:19:52.540626+00:00,1790428792.5406256,False,WAITING_INSUFFICIENT_NET_RISK_REWARD,0.30655,0.30666,0.03588321644103498,50165.3931207,False,0.30245,2.2961177696717043,0.30666,0.0,0.035870345007504856,1,1.962897125216685,0.30666,0.0,0.053805517511257284,1,2.9443456878250345
RE-EUR,2026-09-26T13:19:56.186305+00:00,1790428796.186305,False,WAITING_INSUFFICIENT_NET_RISK_REWARD,0.4246,0.42495,0.08243052284504504,26427.2418393258,False,,,0.42495,0.0,0.08236263089775875,1,,0.42495,0.0,0.12354394634663812,1,
XPL-EUR,2026-09-26T13:19:58.265383+00:00,1790428798.2653832,False,WAITING_INSUFFICIENT_NET_RISK_REWARD,0.104148,0.104262,0.10945961516302116,49709.58240327687,False,0.102055,4.051321853949268,0.104262,0.0,0.1093399320941324,1,2.7023733395405856,0.10426199999999998,-1.1102230246251565e-14,0.1640098981411986,1,4.053560009310843
PYTH-EUR,2026-09-26T13:35:15.513178+00:00,1790429715.5131783,False,WAITING_INSUFFICIENT_NET_RISK_REWARD,0.068779,0.06888,0.14684714811206145,28728.270805085856,False,0.067024,2.78977471693708,0.06888303860510064,0.004411447590957351,0.14663182346107417,2,3.2809420952588795,0.06888335906708531,0.0048766943747446945,0.21994773519161126,2,4.922088083432811
EDGE-EUR,2026-09-26T13:48:41.290600+00:00,1790430521.2906003,False,WAITING_STOP_GEOMETRY,0.109984,0.11,0.014547570555722977,20992.64954065782,False,0.094813,13.163841807909597,0.11,0.0,0.014545454545455971,1,14.322020827476763,0.10999999999999999,-1.1102230246251565e-14,0.021818181818183957,1,21.483031241215144
QNT-EUR,2026-09-26T13:48:43.999334+00:00,1790430523.9993339,False,WAITING_INSUFFICIENT_NET_RISK_REWARD,92.895,92.976,0.08719522041014116,16626.51925354149,False,89.975,3.996954292945546,92.97687898566424,0.0009453898470956901,0.08711925658234643,2,3.8075684927000566,92.97714344506366,0.001229828196169791,0.13067888487351964,3,5.711763146248927
RARE-EUR,2026-09-26T13:48:41.516123+00:00,1790430521.5161233,False,WAITING_SPREAD,0.020546,0.0207,0.7495376228949802,66391.36673065169,False,,,0.0207,0.0,0.7439613526570077,1,,0.0207,0.0,1.1159420289855115,1,
ENJ-EUR,2026-09-26T13:48:45.581340+00:00,1790430525.5813403,False,WAITING_INSUFFICIENT_NET_RISK_REWARD,0.026959,0.027023,0.23739752958193971,51936.2746230785,False,0.026395,2.932867444799649,0.027023040580134782,0.0001501688738692053,0.23683528845797053,2,2.908443323413607,0.02702436025785027,0.005033704067902711,0.3552529326869558,2,4.369776877639879
USELESS-EUR,2026-09-26T14:02:01.448183+00:00,1790431321.4481826,False,WAITING_INSUFFICIENT_NET_RISK_REWARD,0.250972,0.251364,0.1561927226941595,32755.59046838823,False,0.243051,2.841434262948207,0.25136406014032,2.3925589975881678e-05,0.15594914148406858,2,3.8856483099976344,0.25136604006235563,0.0008115968697319786,0.23392371222610286,2,5.8296080534960595
EDGE-EUR,2026-09-26T14:02:01.732723+00:00,1790431321.732723,False,WAITING_SPREAD,0.11101,0.113131,1.9106386811998943,22168.706207898762,False,,,0.113131,0.0,1.874817689227526,1,,0.11313124223939738,0.00021412291713041043,2.812226533841289,2,
RARE-EUR,2026-09-26T14:02:00.757996+00:00,1790431320.7579963,False,WAITING_STOP_GEOMETRY,0.021407,0.021471,0.2989676274115949,37536.10920119767,False,0.019316,7.071722685052184,0.021471,0.0,0.2980764752456899,1,10.575002621990492,0.021471,0.0,0.4471147128685349,1,15.86250393298576
RUNE-EUR,2026-09-26T14:02:05.604535+00:00,1790431325.6045349,False,WAITING_INSUFFICIENT_NET_RISK_REWARD,0.64569,0.64666,0.15022688906440873,37428.8635684742,False,0.62493,4.657951122566225,0.6466675829292095,0.0011726300079617502,0.15000154640769647,2,3.939621313831111,0.6466683886174653,0.0012972222598106598,0.2250023196115447,2,5.909611494101284
OP-EUR,2026-09-26T14:02:04.328835+00:00,1790431324.3288348,False,WAITING_INSUFFICIENT_NET_RISK_REWARD,0.13153,0.13165,0.09123393902530363,40790.21789808884,False,0.12709,3.6649214659685874,0.13165,0.0,0.09115077857955178,1,4.041262036704637,0.13165,0.0,0.13672616786932767,1,6.06189305505697
QNT-EUR,2026-09-26T14:02:04.786941+00:00,1790431324.7869406,True,ENTRY_READY_SHADOW,93.507,93.573,0.0705829510090128,44052.23968952683,False,90.102,4.000987633115772,93.573,0.0,0.07053316661855824,1,4.285466050177035,93.573,0.0,0.10579974992783736,1,6.428199075265553
MOVR-EUR,2026-09-26T14:02:03.430712+00:00,1790431323.430712,False,WAITING_SPREAD,0.8974,0.9085,1.2369066191219025,57719.696195706725,False,,,0.9085,0.0,1.2217941662080345,1,,0.9085000000000001,2.220446049250313e-14,1.8326912493120517,1,
ESP-EUR,2026-09-26T14:22:05.071156+00:00,1790432525.0711563,True,ENTRY_READY_SHADOW,0.092003,0.092083,0.0869536862928344,48283.25863105593,False,0.088479,3.6369196491956175,0.092083,0.0,0.08687814254531023,1,4.4886998455773295,0.092083,0.0,0.13031721381796535,1,6.733049768366044
TREAD-EUR,2026-09-26T14:22:06.638677+00:00,1790432526.638677,True,ENTRY_READY_SHADOW,0.75262,0.7545,0.2497940527756315,75089.7632646512,False,0.70293,6.52369011482118,0.7544999999999998,-1.1102230246251565e-14,0.24917163684559096,1,7.39235379741497,0.7545,0.0,0.37375745526838644,1,11.08853069612249
HUMA-EUR,2026-09-26T14:22:06.902936+00:00,1790432526.9029357,True,ENTRY_READY_SHADOW,0.025566,0.025631,0.25424391770321186,68764.6196513741,False,0.024562,4.34613892122623,0.025631000000024724,9.64561763794336e-11,0.253599157270501,2,4.744033541146578,0.025631333324679987,0.0013004747375644499,0.38039873590575146,2,7.117908457087083
PTB-EUR,2026-09-26T14:22:05.508823+00:00,1790432525.5088234,False,WAITING_INSUFFICIENT_NET_RISK_REWARD,0.0008735,0.0008754,0.21751574127075735,27707.9387408913,False,0.0008495,3.2173416999429465,0.0008756040438532715,0.023308642137465085,0.2170436371944251,2,3.5616800647668185,0.00087566935282495,0.0307691141135491,0.32556545579163765,2,5.353308908278024
EDGE-EUR,2026-09-26T14:22:06.010120+00:00,1790432526.0101202,False,WAITING_STOP_GEOMETRY,0.123071,0.123569,0.4046444735152921,17826.81213665834,False,0.096566,25.205705951628882,0.123569,0.0,0.40301370084729893,1,22.320088621925336,0.123569,0.0,0.6045205512709484,1,33.48013293288801
USELESS-EUR,2026-09-26T14:22:08.454300+00:00,1790432528.4543002,True,ENTRY_READY_SHADOW,0.254357,0.254777,0.16512224943681097,171913.72612597904,False,0.243003,4.155591241219826,0.25477763142616877,0.00024783483940638007,0.16485004533375314,2,5.192138495239604,0.2547777542839941,0.00029605654909836687,0.2472750680006297,2,7.788276319613999
TNSR-EUR,2026-09-26T14:22:08.128819+00:00,1790432528.1288192,False,WAITING_INSUFFICIENT_NET_RISK_REWARD,0.037664,0.03776,0.2548853016142605,20836.283236745992,False,0.03675,3.733613004719459,0.037760030312201376,8.027595703730128e-05,0.25423728813559476,2,3.2571181242059453,0.03776102015623586,0.002701684946648797,0.38135593220339215,2,4.889481123441982
RLC-EUR,2026-09-26T14:22:10.152527+00:00,1790432530.152527,False,WAITING_INSUFFICIENT_NET_RISK_REWARD,0.31937,0.32031,0.29432946112659675,67050.03294700147,False,0.31589,1.3989539353456422,0.32031,0.0,0.2934657050981837,1,1.9699121821744967,0.32031,0.0,0.44019855764727556,1,2.9548682732617237
WLD-EUR,2026-09-26T14:39:15.192121+00:00,1790433555.1921206,True,ENTRY_READY_SHADOW,0.444,0.44447,0.105855855855852,39820.809089144794,False,0.42396,2.8775338030417084,0.44447,0.0,0.10574391972461017,1,5.185132675320034,0.44447,0.0,0.15861587958691525,1,7.777699012980008
WLD-EUR,2026-09-26T14:38:58.773164+00:00,1790433538.7731643,True,ENTRY_READY_SHADOW,0.44345,0.44374,0.06539632427557951,47434.25103666052,False,0.42396,2.8775338030417084,0.44374,0.0,0.06535358543291458,1,5.029152026410728,0.4437400000000001,2.220446049250313e-14,0.09803037814937188,1,7.543728039616099
GLMR-EUR,2026-09-26T14:39:00.114941+00:00,1790433540.1149411,False,WAITING_SPREAD,0.006001,0.006059,0.9665055824029212,8427.720287928501,False,,,0.006059000000000001,2.220446049250313e-14,0.9572536722231351,1,,0.006061395495594009,0.039536154382058264,1.4358805083347026,2,
KAS-EUR,2026-09-26T14:38:59.186251+00:00,1790433539.1862512,False,WAITING_VISIBLE_DEPTH,0.041744,0.041777,0.07905327711765775,83872.68578497402,False,,,0.041777000000091394,2.1875834477214084e-10,0.0789908322761268,1,,0.04177733332801418,0.0007978744624548284,0.1184862484141902,2,
STRK-EUR,2026-09-26T14:39:03.754353+00:00,1790433543.7543526,False,WAITING_VISIBLE_DEPTH,0.037901,0.03799,0.23482230020317463,36220.1405550118,False,,,0.03799000000006242,1.6429080318403066e-10,0.2342721768886724,1,,0.037990333327483944,0.0008774084862883669,0.3514082653330086,2,
PUMP-EUR,2026-09-26T14:39:02.369289+00:00,1790433542.3692887,False,WAITING_INSUFFICIENT_NET_RISK_REWARD,0.0039147,0.0039191,0.11239686310573482,39870.7590937526,False,0.0038105,2.489380872699187,0.003919156754131422,0.0014481419566392262,0.1122706743895252,2,3.3541204121649457,0.003919186016285563,0.002194796906507257,0.1684060115842878,3,5.032263011356804
SHIB-EUR,2026-09-26T14:39:03.562556+00:00,1790433543.5625558,False,WAITING_INSUFFICIENT_NET_RISK_REWARD,5.2188e-06,5.2249e-06,0.11688510768759208,54381.65092319404,False,5.1395e-06,1.465356435453152,5.224899999999999e-06,-1.1102230246251565e-14,0.11674864590709433,1,2.22295705262097,5.2249e-06,0.0,0.1751229688606415,1,3.334435578931476
SLP-EUR,2026-09-26T14:39:09.002431+00:00,1790433549.0024312,False,WAITING_INSUFFICIENT_NET_RISK_REWARD,0.00063085,0.00063368,0.44860109376239077,49517.239799117655,False,0.00062498,0.5937694009774058,0.00063368,0.0,0.4465976518116421,1,1.9629734447494371,0.00063368,0.0,0.6698964777174632,1,2.9444601671241344
PROM-EUR,2026-09-26T14:39:08.037401+00:00,1790433548.0374014,False,WAITING_INSUFFICIENT_NET_RISK_REWARD,5.5461,5.5594,0.23980815347721673,20253.67640845202,False,5.3956,4.897937334951121,5.55940000000002,3.552713678800501e-13,0.23923444976077235,2,3.5269887482254774,5.5594333329336285,0.0005995778973977295,0.3588516746411585,2,5.291350763414158
FET-EUR,2026-09-26T14:53:41.145147+00:00,1790434421.1451466,False,WAITING_VISIBLE_DEPTH,0.22089,0.221,0.049798542260859335,56953.1113448538,False,,,0.22100000000137018,6.199929458716724e-10,0.04977375565611286,1,,0.2210166641532199,0.007540340823486424,0.07466063348416929,2,
AVAX-EUR,2026-09-26T14:53:41.559690+00:00,1790434421.5596895,True,ENTRY_READY_SHADOW,9.701,9.7042,0.032986290073178104,88327.37615576023,False,9.3605,3.3073869787102446,9.7042,0.0,0.03297541270789184,1,4.118831019049708,9.7042,0.0,0.04946311906183776,1,6.178246528574562
ACE-EUR,2026-09-26T14:53:40.618239+00:00,1790434420.618239,True,ENTRY_READY_SHADOW,0.19537,0.19566,0.1484363003531719,37380.87456091594,False,0.18067,6.458419102511324,0.19566,0.0,0.14821629357049115,1,8.213669712563117,0.19566,0.0,0.22232444035573673,1,12.320504568844683
SYRUP-EUR,2026-09-26T14:53:43.551206+00:00,1790434423.5512064,True,ENTRY_READY_SHADOW,0.20362,0.20374,0.05893330714075162,62440.207588210105,False,0.19305,4.0717257776897195,0.20412807463089708,0.19047542500101322,0.05889859625012317,2,5.992808535960563,0.2041387153111389,0.19569810107926688,0.08834789437518475,2,8.996562956482535
TRIA-EUR,2026-09-26T14:53:45.332966+00:00,1790434425.3329663,True,ENTRY_READY_SHADOW,0.003802,0.003815,0.34192530247239006,59727.0391982309,False,0.003679,4.312598013591224,0.003815,0.0,0.3407601572739227,1,4.141802832368612,0.003815,0.0,0.5111402359108841,1,6.21270424855291
SENT-EUR,2026-09-26T14:53:49.619899+00:00,1790434429.6198993,False,WAITING_INSUFFICIENT_NET_RISK_REWARD,0.021043,0.021059,0.07603478591455826,49258.5284641791,False,0.020734,1.888314276225265,0.02106682367079783,0.03715119805227651,0.07597701695237769,3,2.1686502805902137,0.021069548408859228,0.050089789919871563,0.11396552542856653,3,3.271952913687187
BABY-EUR,2026-09-26T14:53:50.609210+00:00,1790434430.60921,False,WAITING_INSUFFICIENT_NET_RISK_REWARD,0.012198,0.012205,0.05738645679620458,55286.87444832817,False,0.012035,2.316287415382102,0.012205,0.0,0.057353543629656834,1,1.982793221779616,0.012205,0.0,0.08603031544448525,1,2.9741898326694525
FIL-EUR,2026-09-26T15:10:01.056551+00:00,1790435401.0565512,False,WAITING_STOP_GEOMETRY,1.04354,1.04543,0.1811142840715485,49316.573854786155,False,0.93844,9.289548284024821,1.0454302346052045,2.2441024682962052e-05,0.18078685325657595,2,10.771115004349596,1.0454334897165323,0.0003338068098379665,0.27118027988486393,2,16.157089247460817
WMTX-EUR,2026-09-26T15:10:02.893453+00:00,1790435402.893453,False,WAITING_STOP_GEOMETRY,0.022753,0.02281,0.2505164154177564,2486.633468968,False,0.01994,10.347767556652453,0.022830798410711187,0.09118110789647638,0.2498903989478385,2,13.184341067540089,0.022847797716117,0.16570677824199187,0.37483559842175773,3,19.873400976724128
SEI-EUR,2026-09-26T15:10:03.333822+00:00,1790435403.3338218,False,WAITING_INSUFFICIENT_NET_RISK_REWARD,0.065414,0.065426,0.018344696853889175,65373.503194918776,False,0.063601,2.16175521617553,0.06543539590077656,0.014361111448901731,0.01834133219209555,2,3.384852537974794,0.06543559726594504,0.014668886902824418,0.027511998288143324,2,5.077724778106159
SUPER-EUR,2026-09-26T15:10:04.618134+00:00,1790435404.6181338,True,ENTRY_READY_SHADOW,0.17067,0.17108,0.24022968301402603,34364.89128638551,False,0.16407,2.4233784746970777,0.17108,0.0,0.2396539630582284,1,4.6712391484464035,0.17108,0.0,0.3594809445873426,1,7.006858722669591
TRIA-EUR,2026-09-26T15:10:06.246705+00:00,1790435406.2467053,False,WAITING_INSUFFICIENT_NET_RISK_REWARD,0.003796,0.003807,0.2897787144362507,49862.9201831933,False,0.003687,4.057217165149543,0.0038069999999999996,-1.1102230246251565e-14,0.28894142369320086,1,3.731485116994719,0.0038070000000000005,2.220446049250313e-14,0.4334121355398013,1,5.597227675492121
SPX-EUR,2026-09-26T15:10:04.270907+00:00,1790435404.2709072,False,WAITING_INSUFFICIENT_NET_RISK_REWARD,0.40676,0.40746,0.17209165109646207,45232.293024077306,False,0.40124,1.8847682442152525,0.40746,0.0,0.17179600451577848,1,2.1156520420344975,0.40746,0.0,0.2576940067736677,1,3.1734780630517605
TAO-EUR,2026-09-26T15:10:05.516049+00:00,1790435405.516049,False,WAITING_INSUFFICIENT_NET_RISK_REWARD,286.18,286.45,0.09434621566846157,112358.3799202904,False,281.07,2.6741852902511654,286.45,0.0,0.09425728748472251,1,2.4651818960192315,286.45,0.0,0.14138593122708376,1,3.6977728440288615
ILV-EUR,2026-09-26T15:10:12.168340+00:00,1790435412.1683404,False,WAITING_INSUFFICIENT_NET_RISK_REWARD,3.5807,3.5911,0.29044600217833505,102520.34247166658,False,3.5254,1.7477139901009482,3.5911,0.0,0.2896048564506648,1,2.416832150361188,3.5911,0.0,0.4344072846759972,1,3.62524822554181
CNPY-EUR,2026-09-26T15:10:09.053469+00:00,1790435409.053469,False,WAITING_INSUFFICIENT_NET_RISK_REWARD,0.34773,0.34895,0.35084692146205576,14114.2685218862,False,0.3441,1.3053250345781564,0.3489516799318352,0.0004814247987372511,0.3496202894397449,2,1.980295151471367,0.3490177343542198,0.019410905350292218,0.5244304341596173,3,2.998269257274643
2Z-EUR,2026-09-26T15:29:07.709842+00:00,1790436547.709842,True,ENTRY_READY_SHADOW,0.06349,0.063706,0.34021105685932973,18930.12583297308,False,0.061153,7.667092178462813,0.06370679219854773,0.001243522663063601,0.3390575456000855,2,4.582937845497284,0.06370686146554788,0.0013522518253816784,0.5085863184001282,2,6.874562385400139
FET-EUR,2026-09-26T15:28:51.812308+00:00,1790436531.8123083,True,ENTRY_READY_SHADOW,0.22547,0.22563,0.0709628775446891,52616.31085050656,False,0.21211,5.191682621666149,0.22563,0.0,0.0709125559544388,1,6.55451727681195,0.22563045795631273,0.00020296782907713862,0.10636883393165819,2,9.832060411041965
APT-EUR,2026-09-26T15:28:53.033109+00:00,1790436533.033109,True,ENTRY_READY_SHADOW,0.7803,0.7812,0.11534025374855261,42004.079114973545,False,0.7456,3.5497611978830474,0.7812000000000001,2.220446049250313e-14,0.11520737327188613,1,5.12808301826081,0.7812,0.0,0.1728110599078292,1,7.692124527391172
AIXBT-EUR,2026-09-26T15:28:51.179671+00:00,1790436531.179671,True,ENTRY_READY_SHADOW,0.022061,0.022127,0.29917048184580075,68408.24143774132,False,0.02115,3.6014733299986403,0.022127,0.0,0.298278121751705,1,4.987258995819545,0.022127,0.0,0.4474171826275575,1,7.48088849372931
VIRTUAL-EUR,2026-09-26T15:28:56.715986+00:00,1790436536.7159863,True,ENTRY_READY_SHADOW,0.71048,0.71166,0.16608490034906165,41356.58699305128,False,0.6828,5.113165981450043,0.71166,0.0,0.16580951578000214,1,4.629300620802752,0.71166,0.0,0.2487142736700032,1,6.943950931204142
SQD-EUR,2026-09-26T15:29:01.530963+00:00,1790436541.5309634,False,WAITING_SPREAD,0.027065,0.027212,0.5431368926658076,73403.24743507164,False,,,0.027212,0.0,0.5402028516830804,1,,0.027212,0.0,0.8103042775246205,1,
AIXBT-EUR,2026-09-26T15:47:08.774722+00:00,1790437628.7747216,True,ENTRY_READY_SHADOW,0.021903,0.021972,0.3150253389946567,60510.756993977935,False,0.021149,4.046530575295353,0.021972,0.0,0.31403604587656453,1,4.321522007379144,0.021972,0.0,0.4710540688148468,1,6.482283011068688
ALGO-EUR,2026-09-26T15:47:09.841480+00:00,1790437629.8414803,True,ENTRY_READY_SHADOW,0.106801,0.106935,0.1254669900094596,47840.864227503815,False,0.102444,4.334860241189121,0.10693655635648919,0.0014554229103458383,0.12530976761585544,2,4.774262638697266,0.10693703756666191,0.0019054254097428114,0.18796465142378316,2,7.162036723095753
CHIP-EUR,2026-09-26T15:46:50.632857+00:00,1790437610.632857,True,ENTRY_READY_SHADOW,0.045086,0.045204,0.26172204231913465,22734.7817836434,False,0.042243,5.73387348083514,0.04520833844159531,0.00959747277964329,0.2610388461198099,2,7.118286456767606,0.04521189173574399,0.017458047394014464,0.3915582691797148,2,10.688379328151797
QNT-EUR,2026-09-26T15:46:51.827039+00:00,1790437611.8270392,False,WAITING_STOP_GEOMETRY,102.812,102.832,0.019452982142165176,20872.61460631063,False,91.803,12.259894163393787,102.832,0.0,0.019449198693011205,1,11.259350643637504,102.832,0.0,0.029173798039516807,1,16.889025965456256
ETHFI-EUR,2026-09-26T15:46:52.342205+00:00,1790437612.3422048,True,ENTRY_READY_SHADOW,0.67684,0.67867,0.27037409136576596,54635.31367754275,False,0.63426,5.860567094308307,0.6786704023103671,5.927923247828204e-05,0.2696450410361484,2,7.1028425986960855,0.67868360102685,0.0020040707339408215,0.4044675615542226,2,10.656973827768553
PIXEL-EUR,2026-09-26T15:46:52.815427+00:00,1790437612.8154268,True,ENTRY_READY_SHADOW,0.0054768,0.0054894,0.23006134969325576,106642.87948680088,False,0.0052961,3.5761035561049983,0.0054894,0.0,0.22953328232593329,1,4.098519863310344,0.0054894,0.0,0.34429992348889993,1,6.1477797949655155
EPIC-EUR,2026-09-26T15:46:53.209120+00:00,1790437613.2091196,False,WAITING_SPREAD,0.44527,0.44767,0.5389988097109555,54914.358239634035,False,,,0.44767000000935403,2.0894841412655296e-09,0.5361091875712098,1,,0.4476733332836945,0.0007445850055853853,0.8041637813568148,2,
YFI-EUR,2026-09-26T15:46:53.843048+00:00,1790437613.8430476,False,WAITING_INSUFFICIENT_NET_RISK_REWARD,2188.8,2194.3,0.251279239766089,68166.689868845,False,2167.6,1.3134491722533739,2194.3,0.0,0.25064940983456907,1,1.8077638242724419,2194.3,0.0,0.3759741147518536,1,2.7116457364086273
ACH-EUR,2026-09-26T15:46:58.764876+00:00,1790437618.7648761,False,WAITING_INSUFFICIENT_NET_RISK_REWARD,0.005578,0.0055944,0.294012190749382,57182.137056131374,False,0.0055334,1.2808441846831542,0.0055944,0.0,0.2931502931503016,1,1.6821072319201846,0.0055944,0.0,0.4397254397254524,1,2.523160847880291
DUSK-EUR,2026-09-26T15:46:58.103011+00:00,1790437618.1030107,False,WAITING_INSUFFICIENT_NET_RISK_REWARD,0.079935,0.080123,0.23519109276286532,65386.60455059078,False,0.078512,1.9637500000000037,0.080123,0.0,0.23463924216515775,1,2.596884123577695,0.080123,0.0,0.3519588632477366,1,3.895326185366571
OGN-EUR,2026-09-26T15:47:00.618578+00:00,1790437620.6185782,False,WAITING_VISIBLE_DEPTH,0.018801,0.018841,0.21275464071059957,60359.381052425146,False,,,0.018841000000023672,1.2563283746658271e-10,0.21230295631867735,1,,0.018841333321539144,0.0017691287041321502,0.318454434478016,2,
ARB-EUR,2026-09-26T15:59:56.132548+00:00,1790438396.1325476,True,ENTRY_READY_SHADOW,0.20241,0.20265,0.11857121683711558,48356.04239817339,False,0.19398,3.4716679968076583,0.20265,0.0,0.1184307920059191,1,4.8509715348933184,0.20265,0.0,0.17764618800887866,1,7.2764573023399635
TAO-EUR,2026-09-26T15:59:47.518080+00:00,1790438387.5180798,True,ENTRY_READY_SHADOW,297.1,297.22,0.04039044092898347,94212.2892214889,False,283.2,3.7735208205964312,297.2287828508093,0.002954999935833591,0.04037413363838782,2,5.289877736303737,297.22918856609857,0.0030915032967371303,0.06056120045758173,2,7.935010522210632
ACE-EUR,2026-09-26T15:59:47.919609+00:00,1790438387.919609,False,WAITING_STOP_GEOMETRY,0.20184,0.20213,0.1436781609195359,37070.34250161498,False,0.1803,9.997465145754127,0.20213,0.0,0.1434720229555264,1,11.33362322191357,0.20213,0.0,0.21520803443328962,1,17.000434832870326
ILV-EUR,2026-09-26T15:59:48.499101+00:00,1790438388.4991012,True,ENTRY_READY_SHADOW,3.6551,3.6698,0.40217777899373974,51322.39582846794,False,3.5235,3.809497876048358,3.669800000000024,6.439293542825908e-13,0.4005667883808406,2,4.560997670683022,3.6698333327278174,0.0009082982129093864,0.6008501825712609,2,6.842796800341944
PARTI-EUR,2026-09-26T15:59:49.325622+00:00,1790438389.3256223,False,WAITING_INSUFFICIENT_NET_RISK_REWARD,0.023815,0.02387,0.23094688221709792,56656.846808022805,False,0.023106,2.358649789029538,0.023870038023247567,0.00015929303547324025,0.23041474654377225,2,3.779929783670241,0.023870358673550113,0.0015026122752948012,0.3456221198156584,2,5.671833460446635
DOT-EUR,2026-09-26T15:59:51.071736+00:00,1790438391.071736,True,ENTRY_READY_SHADOW,1.1286,1.1294,0.07088428141059921,84076.52163671362,False,1.0704,4.39599714081488,1.1294,0.0,0.07083407118823049,1,5.791014229964304,1.1293999999999997,-2.220446049250313e-14,0.10625110678234573,1,8.686521344946414
CC-EUR,2026-09-26T15:59:49.724066+00:00,1790438389.7240663,False,WAITING_INSUFFICIENT_NET_RISK_REWARD,0.12066,0.12074,0.06630200563566557,76808.02550661139,False,0.11824,2.67938614682704,0.12074,0.0,0.06625807520290738,1,2.6564319696039007,0.12074,0.0,0.09938711280436108,1,3.984647954405858
YFI-EUR,2026-09-26T15:59:52.008499+00:00,1790438392.008499,False,WAITING_INSUFFICIENT_NET_RISK_REWARD,2189.5,2194.5,0.22836263987211503,69246.326616926,False,2167.6,1.3134491722533739,2194.5,0.0,0.22784233310548796,1,1.8167127635456808,2194.5,0.0,0.34176349965823194,1,2.725069145318514
BILL-EUR,2026-09-26T15:59:52.512278+00:00,1790438392.5122783,True,ENTRY_READY_SHADOW,0.011676,0.01169,0.11990407673860837,48172.4249300355,False,0.011208,3.7937826496531555,0.011694102472050612,0.03509385843123436,0.11976047904191933,4,4.730203301192702,0.011694734912952288,0.040503960241977666,0.179640718562879,4,7.103033111072932
TRIA-EUR,2026-09-26T16:20:54.817243+00:00,1790439654.8172429,True,ENTRY_READY_SHADOW,0.003887,0.003898,0.28299459737586297,59201.792386335495,False,0.003739,5.584905660377369,0.003898510061570405,0.01308521217047165,0.28219599794766514,2,4.66534110137593,0.0038986733606987158,0.017274517668441902,0.4232939969214977,2,7.0040014075226225
CC-EUR,2026-09-26T16:38:28.667110+00:00,1790440708.66711,True,ENTRY_READY_SHADOW,0.12299,0.12301,0.01626148467355204,53572.9280168841,False,0.11824,3.366756338142981,0.12301000000000001,2.220446049250313e-14,0.016258840744654002,1,4.4527891716931265,0.12300999999999998,-1.1102230246251565e-14,0.024388261116981003,1,6.679183757539704
LSK-EUR,2026-09-26T16:38:15.852272+00:00,1790440695.8522716,True,ENTRY_READY_SHADOW,0.3047,0.30554,0.275680997702632,32079.49138416567,False,0.29072,3.948800844522164,0.30554,0.0,0.274923086993506,1,5.419665211521178,0.30554,0.0,0.412384630490259,1,8.12949781728176
OGN-EUR,2026-09-26T16:38:18.448582+00:00,1790440698.448582,False,WAITING_VISIBLE_DEPTH,0.018761,0.018815,0.2878311390650756,60294.954902518984,False,,,0.018815000000005373,2.8554936193359026e-11,0.2870050491628917,1,,0.018815333321522843,0.0017715733342749118,0.43050757374433757,2,
ALT-EUR,2026-09-26T16:38:19.989609+00:00,1790440699.9896088,False,WAITING_INSUFFICIENT_NET_RISK_REWARD,0.0072447,0.0072635,0.2595000483111898,55479.348102880496,False,0.0071401,1.2969094922737352,0.0072635,0.0,0.2588283885179399,1,2.2869960742117854,0.007263528971727329,0.0003988673136667842,0.3882425827769098,2,3.431078726836631
PARTI-EUR,2026-09-26T16:38:18.618147+00:00,1790440698.618147,False,WAITING_VISIBLE_DEPTH,0.023628,0.023664,0.1523616048755727,30670.826006706397,False,,,0.02366400000005274,2.2286616996325392e-10,0.15212981744422427,1,,0.023664333323942868,0.0014085697382926199,0.2281947261663364,2,
NEO-EUR,2026-09-26T16:38:18.301765+00:00,1790440698.3017652,False,WAITING_INSUFFICIENT_NET_RISK_REWARD,2.3772,2.3814,0.17667844522968323,42506.80505086907,False,2.3345,1.7237754887534131,2.3814,0.0,0.17636684303350414,1,2.555901911886963,2.3814,0.0,0.2645502645502562,1,3.833852867830416
FORM-EUR,2026-09-26T16:38:19.414902+00:00,1790440699.414902,False,WAITING_INSUFFICIENT_NET_RISK_REWARD,0.28599,0.28644,0.15734815902652688,62644.08731072533,False,0.28183,1.2407815175981258,0.28644,0.0,0.15710096355255887,1,2.198038079288551,0.28644,0.0,0.2356514453288383,1,3.297057118932827
ARK-EUR,2026-09-26T16:38:22.925528+00:00,1790440702.925528,False,WAITING_INSUFFICIENT_NET_RISK_REWARD,0.23213,0.23277,0.2757075776504525,112115.6619484026,False,0.22656,4.898205139241597,0.23277907012263466,0.0038966029276332748,0.27494952098637837,2,3.2539330988503252,0.23277938008093096,0.004029763685586829,0.41242428147956756,2,4.881092882182571
SAGA-EUR,2026-09-26T16:38:21.744433+00:00,1790440701.744433,False,WAITING_INSUFFICIENT_NET_RISK_REWARD,0.028764,0.028857,0.32332081768877696,34584.93506910963,False,0.0283,2.9687500000000058,0.028857946080891733,0.003278514369942087,0.3222788231624918,2,2.520110280511915,0.02885796405390544,0.003340797399031814,0.4834182347437377,2,3.780256487867632
BILL-EUR,2026-09-26T16:53:43.012363+00:00,1790441623.0123632,True,ENTRY_READY_SHADOW,0.012168,0.01219,0.18080210387902973,23509.4281115644,False,0.011489,4.660001652482844,0.01219,0.0,0.18047579983592188,1,6.314466315752853,0.01219,0.0,0.2707136997538828,1,9.471699473629258
ZIG-EUR,2026-09-26T16:53:44.148571+00:00,1790441624.1485713,False,WAITING_INSUFFICIENT_NET_RISK_REWARD,0.045337,0.045361,0.05293689480996289,41209.2596569679,False,0.045113,1.280376273843738,0.04550549680192756,0.3185485371300478,0.05290888648838976,2,1.4556203969875412,0.04553196703697541,0.3769031480245433,0.07936332973258464,2,2.269364491834324
AGI-EUR,2026-09-26T16:53:44.999064+00:00,1790441624.9990637,False,WAITING_SPREAD,0.006152,0.006206,0.877763328998693,14452.418234491695,False,,,0.006206916672144522,0.014770740324232534,0.8701256848211325,3,,0.006207610959406437,0.025958095495282052,1.3051885272316988,3,
FLUX-EUR,2026-09-26T16:53:49.417154+00:00,1790441629.4171536,False,WAITING_INSUFFICIENT_NET_RISK_REWARD,0.065094,0.065341,0.3794512551079876,49553.40386734589,False,0.064159,1.5337140751658067,0.065341,0.0,0.3780168653678362,1,2.3964035099805017,0.065341,0.0,0.5670252980517543,1,3.5946052649707383
ZRO-EUR,2026-09-26T17:09:47.018718+00:00,1790442587.0187182,True,ENTRY_READY_SHADOW,1.4907,1.493,0.15428993090496057,66318.51719283966,False,1.4107,4.348122866894204,1.4930000000000003,2.220446049250313e-14,0.15405224380443672,1,6.077667402157701,1.493,0.0,0.23107836570665508,1,9.116501103236544
GRAM-EUR,2026-09-26T17:09:48.246716+00:00,1790442588.2467165,True,ENTRY_READY_SHADOW,1.3525,1.3543,0.13308687615527504,79900.1683023451,False,1.2892,4.250277674935218,1.3543,0.0,0.1329099904009423,1,5.376408126843799,1.3543118250691988,0.0008731499075986804,0.19936498560141347,2,8.065851488152276
TAI-EUR,2026-09-26T17:09:47.268107+00:00,1790442587.2681074,False,WAITING_SPREAD,0.003938,0.004002,1.625190452006109,25788.990009584282,False,,,0.004003824124828301,0.04558033054224975,1.5992003998001159,4,,0.004006687236194389,0.11712234368785879,2.3988005997001736,5,
DOT-EUR,2026-09-26T17:09:50.230589+00:00,1790442590.2305894,False,WAITING_INSUFFICIENT_NET_RISK_REWARD,1.131,1.1319,0.07957559681697202,90942.58013021441,False,1.0936,4.157549234135676,1.1319,0.0,0.07951232441028022,1,3.961702422977794,1.1319,0.0,0.11926848661542033,1,5.9425536344666625
FET-EUR,2026-09-26T17:09:50.707146+00:00,1790442590.707146,False,WAITING_INSUFFICIENT_NET_RISK_REWARD,0.22566,0.2261,0.19498360365151068,50988.81381182063,False,0.21911,3.432474113240798,0.2261,0.0,0.1946041574524493,1,3.6713114273140377,0.2261104579569052,0.004625367936839098,0.29190623617867395,3,5.5136501662694
EPIC-EUR,2026-09-26T17:28:26.826772+00:00,1790443706.8267722,True,ENTRY_READY_SHADOW,0.45142,0.45263,0.26804306410881384,61669.15527718161,False,0.43005,4.292672127518257,0.45263,0.0,0.26732651392969986,1,5.55703176828051,0.45263,0.0,0.4009897708945498,1,8.335547652420729
EDGE-EUR,2026-09-26T17:28:14.681310+00:00,1790443694.6813097,False,WAITING_SPREAD,0.128529,0.132003,2.7028919543449437,14384.91219349106,False,,,0.13201233107918653,0.007068838728296889,2.631758369127979,3,,0.1320128873814358,0.00749027024824489,3.947637553691968,3,
ESP-EUR,2026-09-26T17:28:15.201993+00:00,1790443695.201993,False,WAITING_INSUFFICIENT_NET_RISK_REWARD,0.092672,0.092758,0.09280041436463549,70639.7734482133,False,0.09,3.0341723115545274,0.09275815979658855,0.00017227256792207157,0.09271437504041469,2,3.553960893034642,0.09275843986270114,0.00047420459814428995,0.13907156256062203,2,5.3313781397065725
EPIC-EUR,2026-09-26T17:28:16.081699+00:00,1790443696.0816987,True,ENTRY_READY_SHADOW,0.45154,0.45269,0.2546839704123727,59340.39486128079,False,0.43005,4.292672127518257,0.45269,0.0,0.2540369789480579,1,5.569549336801799,0.45269000000000004,2.220446049250313e-14,0.3810554684220868,1,8.354324005202699
CNPY-EUR,2026-09-26T17:28:17.892197+00:00,1790443697.8921974,False,WAITING_INSUFFICIENT_NET_RISK_REWARD,0.35468,0.3557,0.28758317356492036,9760.829713544399,False,0.34638,2.247444165939107,0.35596728928694343,0.07514458446540306,0.2867585043576093,2,3.275447802137478,0.35597485920265526,0.07727275868856243,0.43013775653641395,2,4.916257019578154
LUMIA-EUR,2026-09-26T17:28:20.211453+00:00,1790443700.2114527,False,WAITING_INSUFFICIENT_NET_RISK_REWARD,0.083658,0.083874,0.25819407588036913,48794.41251769832,False,0.081227,3.2439509285748893,0.08387403014056706,3.593553075109668e-05,0.2575291508691735,2,3.735332864815959,0.08387502007034338,0.0012161937470223094,0.38629372630376024,2,5.604703533961981
KAS-EUR,2026-09-26T17:45:16.623832+00:00,1790444716.6238322,True,ENTRY_READY_SHADOW,0.043392,0.043476,0.19358407079645978,49952.66403672751,False,0.04134,4.295113646820651,0.04347684738897372,0.0019490959925372309,0.19321004692244292,2,5.483759486418236,0.04347689825919677,0.0020661035899482982,0.2898150703836644,2,8.225805112973319
GRASS-EUR,2026-09-26T17:45:18.576590+00:00,1790444718.5765903,True,ENTRY_READY_SHADOW,0.4713,0.47234,0.22066624230849818,33163.17460131922,False,0.4522,5.218488113562508,0.47234,0.0,0.22018037854087957,1,4.836623244784249,0.47234,0.0,0.33027056781131936,1,7.25493486717636
KMNO-EUR,2026-09-26T17:45:21.650402+00:00,1790444721.6504018,True,ENTRY_READY_SHADOW,0.043863,0.043908,0.10259216195882548,110784.77790903428,False,0.042063,4.804290768001816,0.04391399391406389,0.013651075120457712,0.10248701831102602,3,4.788081109966129,0.043917995213405774,0.022763991540886153,0.15373052746653904,3,7.195133576804778
TLM-EUR,2026-09-26T17:45:20.665981+00:00,1790444720.6659813,False,WAITING_INSUFFICIENT_NET_RISK_REWARD,0.0014905,0.0014929,0.16101979201608163,52584.402980121726,False,0.0014734,1.3247259767332311,0.001492904104985106,0.00027496718508768225,0.160760935092763,2,1.8968924186786325,0.001493036046664146,0.009112912060160738,0.24114140263914452,2,2.8583428908040958
SUPER-EUR,2026-09-26T17:45:20.134531+00:00,1790444720.1345305,False,WAITING_INSUFFICIENT_NET_RISK_REWARD,0.17296,0.17332,0.2081406105457928,59489.89643688774,False,0.17134,1.3343345656192274,0.17332,0.0,0.20770828525271678,1,1.733815501633643,0.17332173024251102,0.000998293625098512,0.3115624278790752,2,2.602194715344126
LUMIA-EUR,2026-09-26T17:45:19.041029+00:00,1790444719.0410295,False,WAITING_INSUFFICIENT_NET_RISK_REWARD,0.083026,0.083254,0.27461277190277134,50541.83695720742,False,0.081208,2.6039172493056175,0.08325405029427502,6.041064095629878e-05,0.27386071540105306,2,3.0411501774576664,0.08325570013079149,0.002042101029986476,0.4107910731015796,2,4.5646073436439
TREAD-EUR,2026-09-26T17:45:16.218975+00:00,1790444716.2189748,False,WAITING_SPREAD,0.7383,0.74538,0.9589597724502408,56152.954642425095,False,,,0.745408285078708,0.0037947192986109712,0.9498510826692508,2,,0.7469325968788361,0.20829602066543274,1.4247766240038762,2,
HEI-EUR,2026-09-26T17:58:15.528519+00:00,1790445495.5285187,True,ENTRY_READY_SHADOW,0.130464,0.131037,0.4392016188373704,62126.84860060954,False,0.12562,3.153564542694124,0.131037,0.0,0.4372810732846344,1,4.7074697468421505,0.131037,0.0,0.6559216099269516,1,7.061204620263226
FLUX-EUR,2026-09-26T17:58:05.018036+00:00,1790445485.0180357,False,WAITING_INSUFFICIENT_NET_RISK_REWARD,0.065099,0.065226,0.1950874821425863,52570.01538852088,False,0.064772,1.4758354716751956,0.065226,0.0,0.19470763192592777,1,1.2901317215653876,0.0652262051885068,0.00031458085241187206,0.29206144788889166,2,1.9356633644003693
CHIP-EUR,2026-09-26T17:58:05.861675+00:00,1790445485.861675,False,WAITING_INSUFFICIENT_NET_RISK_REWARD,0.044087,0.044183,0.2177512645451074,23663.5954438068,False,0.04333,5.219522249959928,0.044183,0.0,0.21727813865061174,1,2.517311219156909,0.044183,0.0,0.3259172079759176,1,3.7759668287353634
POND-EUR,2026-09-26T17:58:07.561866+00:00,1790445487.561866,False,WAITING_STOP_GEOMETRY,0.0016111,0.0016168,0.3537955434175455,11287.8785312447,False,0.0014061,23.642674700373302,0.0016168,0.0,0.35254824344383984,1,13.552205258131266,0.0016168,0.0,0.5288223651657598,1,20.32830788719687
KAS-EUR,2026-09-26T17:58:06.626993+00:00,1790445486.6269927,False,WAITING_VISIBLE_DEPTH,0.043365,0.043452,0.20062262193012437,65331.22739564874,False,,,0.0434520000000738,1.6984191830715645e-10,0.20022093344379543,1,,0.04345233332821921,0.0007671182436164159,0.30033140016569315,2,
MERL-EUR,2026-09-26T17:58:09.247711+00:00,1790445489.2477112,False,WAITING_INSUFFICIENT_NET_RISK_REWARD,0.025987,0.026039,0.20010005002502051,111860.4452803423,False,0.025636,1.1809494211793905,0.026039,0.0,0.19970044932601239,1,2.1366737923040517,0.026039249825798402,0.0009594293114201236,0.2995506739890186,2,3.206419069098814
EPIC-EUR,2026-09-26T17:58:06.283470+00:00,1790445486.2834697,False,WAITING_INSUFFICIENT_NET_RISK_REWARD,0.45017,0.45143,0.2798942621676126,57456.12890467363,False,0.44015,2.39910313901345,0.45143,0.0,0.279113040781509,1,3.0820318949872814,0.45143,0.0,0.4186695611722635,1,4.623047842480929
PTB-EUR,2026-09-26T18:21:46.042211+00:00,1790446906.0422106,True,ENTRY_READY_SHADOW,0.0009003,0.0009022,0.2110407641897183,55428.787830498404,False,0.0008657,4.909731395860854,0.0009022510026611081,0.005653143549988471,0.21059632010640428,2,4.6251088187161,0.0009022673345161305,0.0074633691122150125,0.3158944801596064,2,6.9402527857960195
SUPER-EUR,2026-09-26T18:21:48.017892+00:00,1790446908.017892,True,ENTRY_READY_SHADOW,0.17817,0.1785,0.1852163663916384,64521.86456827805,False,0.17191,2.2368197519678406,0.17865486552293414,0.08675939660176546,0.1848739495798335,2,4.351028771305977,0.1787065470969179,0.11571265933776331,0.27731092436975024,2,6.568035392106481
TLM-EUR,2026-09-26T18:21:51.586229+00:00,1790446911.5862288,False,WAITING_INSUFFICIENT_NET_RISK_REWARD,0.0015075,0.00151,0.16583747927032544,51973.59124431144,False,0.0014736,2.223549714589134,0.0015100000000000003,2.220446049250313e-14,0.16556291390729116,1,2.9944288946507953,0.00151,0.0,0.24834437086093675,1,4.4916433419761574
TREAD-EUR,2026-09-26T18:21:53.115622+00:00,1790446913.115622,False,WAITING_SPREAD,0.73648,0.74065,0.56620682163806,55240.6254596889,False,,,0.74065,0.0,0.5630189698238031,1,,0.74065,0.0,0.8445284547357046,1,
GRAM-EUR,2026-09-26T18:21:50.995371+00:00,1790446910.9953713,True,ENTRY_READY_SHADOW,1.3567,1.3584,0.1253040465836186,76522.52722591339,False,1.2987,4.263165658651724,1.3584605740442557,0.004459219983488083,0.1251472320376923,2,4.97107569854947,1.3586070177823943,0.015239824970136873,0.18772084805653844,2,7.47197824569912
RUNE-EUR,2026-09-26T18:21:54.659347+00:00,1790446914.6593466,True,ENTRY_READY_SHADOW,0.65797,0.65972,0.26596957308082647,59679.092664009295,False,0.62904,5.790270998148457,0.65972,0.0,0.2652640514157367,1,5.220890567493811,0.65972,0.0,0.3978960771236051,1,7.831335851240738
HOT-EUR,2026-09-26T18:21:53.706430+00:00,1790446913.70643,False,WAITING_INSUFFICIENT_NET_RISK_REWARD,0.00040535,0.00040592,0.14061921795978094,56434.8120197928,False,0.00040023,2.1630656539586552,0.0004061529829600382,0.05739627513752232,0.14042175798186785,3,2.0478432389730727,0.00040616532122368074,0.060435855262297444,0.21063263697280177,3,3.0762281624567436
USELESS-EUR,2026-09-26T18:21:56.656630+00:00,1790446916.6566303,False,WAITING_INSUFFICIENT_NET_RISK_REWARD,0.250735,0.251161,0.16990049255192208,34746.79572814811,False,0.247351,2.9244968308684682,0.25116219887653723,0.000477333876358621,0.1696123203841493,2,2.1066016511735484,0.25116379923063026,0.0011145164377612815,0.25441848057622396,2,3.160838105827139
STRK-EUR,2026-09-26T18:21:55.437626+00:00,1790446915.4376256,False,WAITING_VISIBLE_DEPTH,0.036667,0.036731,0.1745438677830169,65605.37566339548,False,,,0.036731000000113645,3.093969525025386e-10,0.1742397429963849,1,,0.036731333327283455,0.0009074821906818187,0.26135961449457734,2,
SUPER-EUR,2026-09-26T18:41:32.526859+00:00,1790448092.526859,False,WAITING_INSUFFICIENT_NET_RISK_REWARD,0.17502,0.17552,0.285681636384405,69683.45736001428,False,0.17185,3.569424177797735,0.17551999999999998,-1.1102230246251565e-14,0.28486782133090305,1,2.676675093828763,0.17552,0.0,0.4273017319963546,1,4.01501264074318
PEAQ-EUR,2026-09-26T18:41:35.170364+00:00,1790448095.1703641,False,WAITING_DEPTH_SLIPPAGE,0.038583,0.038642,0.15291708783662372,16799.020171867614,False,,,0.03887911297545374,0.6136146562127687,0.15268360850888563,2,,0.03888573972387391,0.6307637386105958,0.22902541276332844,2,
AERO-EUR,2026-09-26T18:41:34.802344+00:00,1790448094.8023436,False,WAITING_INSUFFICIENT_NET_RISK_REWARD,0.77358,0.77454,0.1240983479407376,34290.10223567422,False,0.76474,1.6532211519963007,0.77454,0.0,0.12394453482066359,1,1.8559519745836326,0.77454,0.0,0.18591680223099538,1,2.783927961875463
GRASS-EUR,2026-09-26T18:57:31.441402+00:00,1790449051.441402,False,WAITING_STOP_GEOMETRY,0.52033,0.52118,0.16335786904464467,26856.996748069017,False,0.45084,9.189156794981919,0.5211800000106113,2.036015800399582e-09,0.16309144633331885,1,14.013809045663024,0.5211833332906957,0.0006395661183544732,0.24463716949997827,2,21.021538468408437
SPK-EUR,2026-09-26T18:57:36.163663+00:00,1790449056.1636631,True,ENTRY_READY_SHADOW,0.022699,0.022732,0.14538085378210663,128723.9954670746,False,0.021881,3.1112298037121033,0.02274147494319011,0.04168108037176932,0.14516980468062268,3,4.359343371848709,0.02274264984071625,0.046849554444183816,0.21775470702093402,3,6.546426329436031
AMP-EUR,2026-09-26T18:57:37.113672+00:00,1790449057.1136723,True,ENTRY_READY_SHADOW,0.0006378,0.0006388,0.15678896205706394,38563.014149195704,False,0.0005837,12.612328551158775,0.0006390767598387833,0.04332495910821521,0.15654351909831776,2,9.211533615590369,0.0006390845063713861,0.044537628582652644,0.23481527864747664,2,13.81895113422533
TAI-EUR,2026-09-26T18:57:38.821483+00:00,1790449058.821483,False,WAITING_SPREAD,0.003791,0.003818,0.712213136375639,30687.568595239223,False,,,0.0038298294406531315,0.30983343774571015,0.7071765322158252,5,,0.0038345413376001036,0.4332461393426801,1.0607647983237378,5,
LAPTOP-EUR,2026-09-26T19:15:59.677734+00:00,1790450159.6777337,True,ENTRY_READY_SHADOW,0.07062,0.07077,0.21240441801189114,11456.7727013294,False,0.06575,9.342709529276695,0.07081568519470616,0.06455446475364113,0.2119542178889322,3,7.7087970328687305,0.0708371104908348,0.09482901064687965,0.3179313268333983,3,11.60506695695807
KAIA-EUR,2026-09-26T19:15:59.989733+00:00,1790450159.9897335,True,ENTRY_READY_SHADOW,0.031692,0.031773,0.25558500567968157,116878.77275398799,False,0.030452,3.7113076437144628,0.031773,0.0,0.25493343404778823,1,4.730999335765006,0.031773,0.0,0.38240015107168235,1,7.096499003647523
SPK-EUR,2026-09-26T19:16:00.632746+00:00,1790450160.6327455,False,WAITING_INSUFFICIENT_NET_RISK_REWARD,0.022583,0.022624,0.18155249523978956,107133.4789559022,False,0.021874,3.8796341301754245,0.022626208458728904,0.009761575004008094,0.18122347949079964,2,3.9028660941609274,0.022626472299665905,0.010927774336577656,0.27183521923619947,2,5.85597998376403
PTB-EUR,2026-09-26T19:16:04.295614+00:00,1790450164.2956138,False,WAITING_INSUFFICIENT_NET_RISK_REWARD,0.0008825,0.0008841,0.1813031161473022,25880.9632923419,False,0.0008578,5.906879777623356,0.0008843058819576971,0.02328717992277074,0.18097500282772128,3,3.5776882794015705,0.0008844038995715138,0.03437389113378764,0.2714625042415819,3,5.382562003975465
TRIA-EUR,2026-09-26T19:16:05.852031+00:00,1790450165.852031,False,WAITING_INSUFFICIENT_NET_RISK_REWARD,0.003823,0.003838,0.39236201935652915,58850.177895288696,False,0.003732,3.416797078768911,0.003838,0.0,0.39082855653985726,1,3.343586578109168,0.003838,0.0,0.5862428348097859,1,5.015379867163745
QNT-EUR,2026-09-26T19:16:08.908426+00:00,1790450168.908426,True,ENTRY_READY_SHADOW,107.266,107.301,0.032629164879827144,25504.25676694474,False,101.805,6.225575438006026,107.301,0.0,0.032618521728589034,1,5.689651406195253,107.301,0.0,0.04892778259288355,1,8.53447710929288
KAS-EUR,2026-09-26T19:16:09.024328+00:00,1790450169.0243282,False,WAITING_VISIBLE_DEPTH,0.043234,0.043304,0.16190960817874522,59536.115680803036,False,,,0.04330400000015153,3.4992009290135684e-10,0.16164788472197156,1,,0.04330433332820174,0.0007697399818429318,0.24247182708295734,2,
ENA-EUR,2026-09-26T19:16:08.442626+00:00,1790450168.4426262,False,WAITING_INSUFFICIENT_NET_RISK_REWARD,0.23933,0.23951,0.07520996114152023,42381.576480987365,False,0.23524,1.6158663883089706,0.23951,0.0,0.07515343826980381,1,2.3703952094212184,0.23951,0.0,0.11273015740470571,1,3.555592814131842
ETHFI-EUR,2026-09-26T19:16:02.264229+00:00,1790450162.264229,False,WAITING_INSUFFICIENT_NET_RISK_REWARD,0.6543,0.65566,0.20785572367416627,69004.61877901209,False,0.65132,0.8566646378575812,0.65566,0.0,0.20742457981270945,1,1.2562227868391176,0.65566,0.0,0.3111368697190642,1,1.8843341802586906
LAPTOP-EUR,2026-09-26T19:31:55.457698+00:00,1790451115.457698,False,WAITING_SPREAD,0.07217,0.07265,0.6650963004018351,15333.0190261225,False,,,0.07270821458907567,0.08013019831474288,0.6607019958706273,4,,0.07272213772496632,0.09929487263085068,0.9910529938059409,4,
SUPER-EUR,2026-09-26T19:31:55.776302+00:00,1790451115.7763016,True,ENTRY_READY_SHADOW,0.17843,0.1788,0.2073642324721181,72188.60956772859,False,0.17173,3.560631508229764,0.1788,0.0,0.2069351230424954,1,4.5287372592009945,0.17880324700829164,0.0018160001631128964,0.3104026845637431,2,6.795706479005418
RUNE-EUR,2026-09-26T19:31:59.746144+00:00,1790451119.7461443,False,WAITING_INSUFFICIENT_NET_RISK_REWARD,0.65633,0.65776,0.21787820151448756,40148.099089120005,False,0.6386,2.643595656622724,0.65776,0.0,0.21740452444661829,1,3.4937442789280624,0.65776,0.0,0.32610678666992743,1,5.240616418392136
RARE-EUR,2026-09-26T19:31:56.537678+00:00,1790451116.5376785,True,ENTRY_READY_SHADOW,0.020231,0.020258,0.13345855370472393,38555.97286809467,False,0.019311,7.793051737065723,0.02025887939288839,0.004340965980786926,0.13328067923784603,2,5.249097309454626,0.02025891959509937,0.004539417017324077,0.19992101885676905,2,7.8739280026018434
VVV-EUR,2026-09-26T19:31:58.363666+00:00,1790451118.3636658,False,WAITING_INSUFFICIENT_NET_RISK_REWARD,25.6283,25.653,0.09637783231817298,31638.2262675995,False,25.463,1.5057721264848605,25.653,0.0,0.096285034888699,1,1.3344774830553092,25.653,0.0,0.1444275523330485,1,2.0017162245829354
TREAD-EUR,2026-09-26T19:31:59.240263+00:00,1790451119.2402635,False,WAITING_INSUFFICIENT_NET_RISK_REWARD,0.74305,0.74353,0.06459861382142051,49558.0875053441,False,0.71939,3.0597828280789545,0.74353,0.0,0.06455691095181848,1,3.8255056379467334,0.74353,0.0,0.09683536642772772,1,5.738258456920107
HNT-EUR,2026-09-26T19:45:32.897436+00:00,1790451932.8974364,False,WAITING_INSUFFICIENT_NET_RISK_REWARD,0.47819,0.48005,0.3889667287061638,21984.16826329253,False,0.46349,3.247361518766003,0.4800549790296095,0.0010371897947170083,0.3874596396208685,2,4.028252809880016,0.48005665267473635,0.0013858295461632864,0.5811894594313027,2,6.042881101355988
PYTH-EUR,2026-09-26T19:45:33.563428+00:00,1790451933.5634284,True,ENTRY_READY_SHADOW,0.069893,0.070043,0.21461376675775412,37224.67238177194,False,0.066962,4.090362824768228,0.07004390560013546,0.0012929202567901754,0.21415416244306984,2,4.97189392507336,0.07004393706672869,0.00133784493625555,0.32123124366460476,2,7.45790492336144
CNPY-EUR,2026-09-26T19:45:34.014750+00:00,1790451934.0147502,False,WAITING_SPREAD,0.36218,0.36479,0.7206361477718248,9193.8356920462,False,,,0.3647930039698568,0.0008234792227890253,0.7154801392582066,2,,0.3647953359500893,0.0014627457137761368,1.07322020888731,2,
AAVE-EUR,2026-09-26T19:45:36.639955+00:00,1790451936.6399548,False,WAITING_INSUFFICIENT_NET_RISK_REWARD,135.98,136.08,0.07354022650392089,101568.4442564008,False,134.9,1.0727406318883232,136.08,0.0,0.0734861845973156,1,1.4602036575228539,136.08,0.0,0.1102292768959734,1,2.1903054862842737
DBR-EUR,2026-09-26T19:45:38.462841+00:00,1790451938.4628413,False,WAITING_INSUFFICIENT_NET_RISK_REWARD,0.020695,0.020699,0.019328340178770276,17648.095830896153,False,0.020351,3.2000773432590486,0.020699503211922914,0.0024310929171322826,0.019324605053372412,2,2.271812771274412,0.020699668805299113,0.0032310995657480746,0.02898690758005862,2,3.4088918670132955
PYTH-EUR,2026-09-26T19:58:58.200779+00:00,1790452738.2007794,True,ENTRY_READY_SHADOW,0.070083,0.070158,0.10701596678224234,33721.82495299235,False,0.066962,4.090362824768228,0.070158,0.0,0.10690156503889714,1,5.126433318056087,0.070158,0.0,0.1603523475583457,1,7.689649977084116
HNT-EUR,2026-09-26T19:58:40.680806+00:00,1790452720.6808057,False,WAITING_SPREAD,0.48501,0.48752,0.5175151027813962,22422.350018332065,False,,,0.4881858476810027,0.13657853647084384,0.5148506727929103,3,,0.48823388899685594,0.14643276108794456,0.7722760091893655,3,
LAPTOP-EUR,2026-09-26T19:58:41.877908+00:00,1790452721.8779082,True,ENTRY_READY_SHADOW,0.07349,0.07357,0.10885834807456973,14498.620180369298,False,0.06638,9.10831509846827,0.07367157298532134,0.1380630492338497,0.10873997553350057,5,10.436446407539123,0.07373759677123756,0.2278058600483357,0.16310996330025085,5,15.774960856491845
EIGEN-EUR,2026-09-26T19:58:42.532437+00:00,1790452722.532437,False,WAITING_INSUFFICIENT_NET_RISK_REWARD,0.2447,0.24506,0.14711892112790892,39581.005074532506,False,0.23998,2.628239243460098,0.24506000000000003,2.220446049250313e-14,0.14690279931445227,1,2.6588145037715805,0.24506144694232876,0.0005904441070514466,0.2203541989716784,2,3.989083868507322
SAGA-EUR,2026-09-26T19:58:50.272666+00:00,1790452730.2726657,True,ENTRY_READY_SHADOW,0.028504,0.028505,0.0035082795396990107,123425.0522127248,False,0.027455,5.161610082486638,0.028588591686997386,0.29325271705802347,0.0035081564637717833,2,4.539721427580901,0.02859639020105409,0.3206111245539045,0.005262234695657675,2,6.848631562595642
LAPTOP-EUR,2026-09-26T20:18:48.192921+00:00,1790453928.1929214,False,WAITING_STOP_GEOMETRY,0.07505,0.07518,0.1732178547634744,21591.4418130382,False,0.0663,10.910065674842526,0.07521984532088169,0.05299989476150735,0.17291832934289708,3,12.385678173798198,0.07522322990930816,0.057501874578558265,0.2593774940143456,3,18.58443042914277
DBR-EUR,2026-09-26T20:18:48.739563+00:00,1790453928.7395635,False,WAITING_INSUFFICIENT_NET_RISK_REWARD,0.021075,0.0211,0.11862396204034287,13940.272719874876,False,0.020519,3.187138626427873,0.021116175562431408,0.07666143332420994,0.11848341232227888,2,3.409383357656125,0.02111678367326042,0.07954347516785365,0.17772511848341832,2,5.118247390631723
AMP-EUR,2026-09-26T20:18:47.587806+00:00,1790453927.587806,False,WAITING_STOP_GEOMETRY,0.00073,0.0007316,0.21917808219178436,21796.081515594502,False,0.0005982,15.272055689728647,0.0007316,0.0,0.2186987424822373,1,18.72317627200451,0.0007316,0.0,0.32804811372335596,1,28.084764408006762
HUMA-EUR,2026-09-26T20:18:53.580089+00:00,1790453933.580089,False,WAITING_INSUFFICIENT_NET_RISK_REWARD,0.025936,0.025986,0.19278223318939247,45040.9702149281,False,0.025367,2.1682300476703,0.025986799297946072,0.0030758791121021645,0.19241129839143722,2,2.9690400639131553,0.025986866198286253,0.0033333267384527687,0.28861694758715584,2,4.453934789234722
HNT-EUR,2026-09-26T20:18:52.379134+00:00,1790453932.379134,True,ENTRY_READY_SHADOW,0.48077,0.48256,0.3723194042889455,20782.587342671224,False,0.46245,7.24187577128754,0.48256,0.0,0.37093832891247347,1,4.740680393470882,0.48256,0.0,0.5564074933687102,1,7.111020590206323
HOT-EUR,2026-09-26T20:18:52.880553+00:00,1790453932.880553,False,WAITING_INSUFFICIENT_NET_RISK_REWARD,0.00040243,0.00040305,0.15406406083045,61215.3661913366,False,0.00039967,1.278240190249699,0.000403050403889803,0.00010020836198609828,0.1538270686019083,2,1.4319417747906726,0.00040306360172882193,0.0033747001170869595,0.23074060290286247,2,2.1527539032182403
MET-EUR,2026-09-26T20:35:19.192400+00:00,1790454919.1924005,False,WAITING_INSUFFICIENT_NET_RISK_REWARD,0.31317,0.31355,0.12133984736724113,33287.282432702,False,0.31039,0.9865071283095695,0.31355,0.0,0.12119279221813883,1,1.6000388201876063,0.31355,0.0,0.18178918832720825,1,2.400058230281388
GRAM-EUR,2026-09-26T20:35:19.654875+00:00,1790454919.654875,False,WAITING_INSUFFICIENT_NET_RISK_REWARD,1.3855,1.3867,0.0866113316492223,77769.9128152649,False,1.3485,3.2951911935110147,1.3867121358625776,0.0008751613598922958,0.08653638133699904,2,3.3373614296337593,1.3867414226712815,0.0029871400650138824,0.12980457200549855,2,5.0091042944935396
RUNE-EUR,2026-09-26T20:35:24.340004+00:00,1790454924.3400037,True,ENTRY_READY_SHADOW,0.6628,0.6639,0.16596258298131605,36747.55598734637,False,0.63936,2.3876745598057103,0.6639000000000002,2.220446049250313e-14,0.16568760355476497,1,4.272480660075956,0.6639000668152857,1.0064058697523137e-05,0.24853140533214746,2,6.408735441223115
AMP-EUR,2026-09-26T20:35:18.208721+00:00,1790454918.2087214,False,WAITING_SPREAD,0.00069,0.0006946,0.6666666666666599,19313.2069820975,False,,,0.0006946000000000001,2.220446049250313e-14,0.6622516556291425,1,,0.0006946,0.0,0.9933774834437137,1,
RAY-EUR,2026-09-26T20:35:22.578850+00:00,1790454922.5788498,False,WAITING_INSUFFICIENT_NET_RISK_REWARD,1.78731,1.78971,0.13428000738540113,17196.514887755002,False,1.77607,0.6623662154168972,1.78971,0.0,0.13409993797877107,1,1.355829507813496,1.78971,0.0,0.2011499069681566,1,2.0337442617202726
HOT-EUR,2026-09-26T20:35:20.287969+00:00,1790454920.2879694,True,ENTRY_READY_SHADOW,0.0004138,0.00041494,0.27549540840985376,60214.957760923,False,0.00039981,1.0635672687789928,0.0004149400000003571,8.606448886894214e-11,0.27473851641200975,2,4.222750463539143,0.000414943333280017,0.0008033161462028815,0.4121077746180146,2,6.335279777078995
PROM-EUR,2026-09-26T20:35:21.876812+00:00,1790454921.8768125,False,WAITING_INSUFFICIENT_NET_RISK_REWARD,5.4927,5.5029,0.18570102135562205,30221.167432237744,False,5.4609,0.8756980201610022,5.502900000000039,7.105427357601002e-13,0.1853568118628357,2,1.3569222149887565,5.502933332929538,0.0006057338773679533,0.27803521779425355,2,2.036279588862868
TAO-EUR,2026-09-26T20:35:31.094108+00:00,1790454931.094108,False,WAITING_INSUFFICIENT_NET_RISK_REWARD,279.66,279.75,0.03218193520702073,124851.1689794806,False,276.45,3.1609297689815947,279.75,0.0,0.032171581769424584,1,1.77082187293162,279.75,0.0,0.048257372654136876,1,2.656232809397409
WELL-EUR,2026-09-26T20:50:58.781706+00:00,1790455858.781706,True,ENTRY_READY_SHADOW,0.0020163,0.002024,0.3818876159301876,14904.941305752904,False,0.0019242,10.380554873557577,0.002024,0.0,0.38043478260870733,1,5.499585497718158,0.002028291712313517,0.2120411222093166,0.570652173913061,3,8.549311873054393
ZIG-EUR,2026-09-26T20:50:51.453244+00:00,1790455851.453244,False,WAITING_SPREAD,0.045501,0.046152,1.4307377859827275,37532.273231653206,False,,,0.046152,0.0,1.4105564222568923,1,,0.046152,0.0,2.1158346333853384,1,
HOT-EUR,2026-09-26T20:50:51.811982+00:00,1790455851.8119817,False,WAITING_INSUFFICIENT_NET_RISK_REWARD,0.00040325,0.00040462,0.3397396156230581,61833.132461347,False,0.00039979,2.424406180147868,0.0004046200000003975,9.823253321883385e-11,0.3385892936582424,2,1.7848255455946003,0.00040462333327867804,0.000823804724925381,0.5078839404873636,2,2.678451960120782
2Z-EUR,2026-09-26T21:03:32.658607+00:00,1790456612.658607,False,WAITING_INSUFFICIENT_NET_RISK_REWARD,0.061296,0.061332,0.05873140172278912,26847.76113678138,False,0.060102,4.424131032351458,0.06133279426171763,0.0012950200835248893,0.05869692819407968,2,2.5929963223859005,0.06133286284099173,0.0014068365481900713,0.08804539229111952,2,3.8896578568822235
GRASS-EUR,2026-09-26T21:03:33.027348+00:00,1790456613.0273476,True,ENTRY_READY_SHADOW,0.51079,0.51226,0.2877895025352961,25113.25763998588,False,0.49196,4.385585727197718,0.51226,0.0,0.2869636512708551,1,4.537377927141705,0.51226,0.0,0.43044547690628265,1,6.806066890712572
TRX-EUR,2026-09-26T21:03:34.327657+00:00,1790456614.327657,False,WAITING_INSUFFICIENT_NET_RISK_REWARD,0.2941,0.29418,0.027201632097928474,70092.95136072097,False,,,0.29418,0.0,0.027194234822225383,1,,0.29418,0.0,0.040791352233338074,1,
QNT-EUR,2026-09-26T21:23:14.676486+00:00,1790457794.6764855,True,ENTRY_READY_SHADOW,107.06,107.149,0.08313095460490416,19618.17850345352,False,103.21,4.481074936171003,107.149,0.0,0.08306190445080963,1,4.252450633395611,107.149,0.0,0.12459285667621445,1,6.378675950093395
EDGE-EUR,2026-09-26T21:23:12.474236+00:00,1790457792.4742365,False,WAITING_STOP_GEOMETRY,0.134,0.134242,0.1805970149253655,8268.905429393839,False,0.111357,21.36021872863977,0.13452214541839197,0.20868686282382587,0.18027145006778156,5,17.715554161354603,0.1345956831242039,0.2634668167964538,0.27040717510167234,5,26.640766644459262
EPIC-EUR,2026-09-26T21:23:12.924732+00:00,1790457792.9247317,True,ENTRY_READY_SHADOW,0.45657,0.45789,0.28911229384323,53955.76270433218,False,0.44004,3.886355205446569,0.45789,0.0,0.2882788442639117,1,4.473248706838021,0.45788999999999996,-1.1102230246251565e-14,0.43241826639586756,1,6.709873060257024
TREAD-EUR,2026-09-26T21:23:13.315976+00:00,1790457793.3159761,True,ENTRY_READY_SHADOW,0.74999,0.75,0.0013333511113433616,26895.4175383141,False,0.70187,5.468834688346877,0.75,0.0,0.001333333333330966,1,6.977195720698248,0.75,0.0,0.001999999999996449,1,10.465793581047393
WMTX-EUR,2026-09-26T21:23:14.244542+00:00,1790457794.2445416,False,WAITING_SPREAD,0.021083,0.022213,5.359768533889864,4457.4469388717,False,,,0.022511158348263404,1.342269609073088,5.08711115112771,4,,0.022557249382301272,1.5497653729855232,7.630666726691565,4,
FORM-EUR,2026-09-26T21:23:15.193179+00:00,1790457795.1931794,False,WAITING_INSUFFICIENT_NET_RISK_REWARD,0.28386,0.28428,0.1479602621010212,67118.96106627396,False,0.27979,1.389670700816215,0.28428,0.0,0.1477416631490036,1,2.168234095007307,0.28428,0.0,0.22161249472350542,1,3.252351142510946
GALA-EUR,2026-09-26T21:23:15.680887+00:00,1790457795.6808872,False,WAITING_INSUFFICIENT_NET_RISK_REWARD,0.0019764,0.0019801,0.18720906699047912,55485.78015447713,False,0.0019303,4.500330906684303,0.0019801,0.0,0.18685924953283362,1,3.0982326140106267,0.0019801,0.0,0.2802888742992504,1,4.647348921015947
IMX-EUR,2026-09-26T21:23:17.689690+00:00,1790457797.6896899,False,WAITING_INSUFFICIENT_NET_RISK_REWARD,0.14422,0.14434,0.08320621273054662,52753.15827336371,False,0.14195,2.5555323445442566,0.14434,0.0,0.08313703755022939,1,2.244161057105046,0.14434,0.0,0.12470555632534408,1,3.366241585657548
ICX-EUR,2026-09-26T21:23:17.392421+00:00,1790457797.392421,False,WAITING_INSUFFICIENT_NET_RISK_REWARD,0.0116,0.011649,0.42241379310345994,25967.974000353042,False,0.011243,4.230769230769221,0.011649503007550872,0.004318032027406105,0.42063696454631705,2,4.066823669631248,0.011649668666988994,0.005740123521280616,0.6309554468194756,2,6.102281773299126
UNI-EUR,2026-09-26T21:39:16.503759+00:00,1790458756.5037587,True,ENTRY_READY_SHADOW,8.5701,8.5775,0.08634671707448138,26392.611964237803,False,8.2381,3.523848444159029,8.5775,0.0,0.08627222384145483,1,4.531446141277513,8.5775,0.0,0.12940833576218225,1,6.797169211916298
NEAR-EUR,2026-09-26T21:39:17.002898+00:00,1790458757.002898,True,ENTRY_READY_SHADOW,4.3103,4.3178,0.17400180961881784,69908.09268199299,False,4.1392,3.44715220073087,4.3183287741434535,0.012246378791358481,0.17369956922507201,2,4.721542278176813,4.318419178976868,0.01434014954067031,0.260549353837608,2,7.085305356933816
ZEN-EUR,2026-09-26T21:39:17.533256+00:00,1790458757.5332556,True,ENTRY_READY_SHADOW,6.9864,6.9985,0.17319363334478144,46775.40291009473,False,6.6492,3.872073265558856,6.9985,0.0,0.17289419161249375,1,5.559464587798203,6.9985,0.0,0.25934128741874063,1,8.33919688169729
MERL-EUR,2026-09-26T21:39:19.868757+00:00,1790458759.8687565,False,WAITING_INSUFFICIENT_NET_RISK_REWARD,0.02577,0.025811,0.1590997283663187,113795.74978208414,False,0.02531,1.5759645990218156,0.025811,0.0,0.15884700321567857,1,2.527674943051892,0.025811163554819955,0.0006336632441872325,0.23827050482351786,2,3.7924388781528364
SAGA-EUR,2026-09-26T21:39:22.593733+00:00,1790458762.5937326,False,WAITING_INSUFFICIENT_NET_RISK_REWARD,0.02797,0.02806,0.3217733285663327,145324.76809407774,False,0.027264,4.629828710671533,0.02806,0.0,0.32074126870992314,1,3.418061546063555,0.028059999999999998,-1.1102230246251565e-14,0.4811119030648847,1,5.12709231909534
HEI-EUR,2026-09-26T21:39:23.198321+00:00,1790458763.1983209,False,WAITING_VISIBLE_DEPTH,0.129381,0.129709,0.25351481283959476,62083.25767048316,False,,,0.12970900000025445,1.9617640845126516e-10,0.2528737404497772,1,,0.1297093333316201,0.00025698418777420073,0.37931061067466576,2,
ZEN-EUR,2026-09-26T21:53:19.460087+00:00,1790459599.4600866,True,ENTRY_READY_SHADOW,7.1243,7.1394,0.2119506477829436,71177.72350816466,False,6.6461,5.070887191957116,7.139844144411575,0.006221032741904331,0.21150236714569948,2,7.472218117266948,7.140929099772508,0.021417763012410163,0.3172535507185492,2,11.229414455633844
ICX-EUR,2026-09-26T21:53:05.800600+00:00,1790459585.8006,False,WAITING_SPREAD,0.011845,0.011989,1.2157028281975624,27059.96585394795,False,,,0.011989,0.0,1.2011010092584873,1,,0.01198965512504732,0.005464384413378376,1.801651513887731,3,
SPK-EUR,2026-09-26T21:53:10.572167+00:00,1790459590.5721672,True,ENTRY_READY_SHADOW,0.022403,0.022419,0.07141900638307774,129210.1299813585,False,0.021347,4.284240276344702,0.02242489837675002,0.026309722779860323,0.07136803604086417,2,5.376201557739151,0.02242693188230036,0.03538017886772771,0.10705205406129625,2,8.077171998428923
RAY-EUR,2026-09-26T21:53:09.482435+00:00,1790459589.4824347,True,ENTRY_READY_SHADOW,1.82605,1.82769,0.08981134142000968,21782.734289014,False,1.75967,3.5483160906889655,1.82769,0.0,0.0897307530270508,1,4.297627199830316,1.8276899999999998,-1.1102230246251565e-14,0.1345961295405762,1,6.446440799745432
PTB-EUR,2026-09-26T21:53:08.936311+00:00,1790459588.9363105,True,ENTRY_READY_SHADOW,0.0008807,0.0008837,0.340638128761217,50018.0763884849,False,0.0008518,2.8603859250851262,0.0008837,0.0,0.33948172456715886,1,4.186480782314874,0.0008837,0.0,0.5092225868507383,1,6.279721173472325
TRB-EUR,2026-09-26T21:53:14.010697+00:00,1790459594.0106971,False,WAITING_INSUFFICIENT_NET_RISK_REWARD,17.474,17.501,0.1545152798443361,121246.27726211854,False,17.281,1.957446808510652,17.501,0.0,0.15427689846294612,1,1.8478049063388085,17.501,0.0,0.23141534769441918,1,2.7717073595082127
ZRO-EUR,2026-09-26T21:53:13.341609+00:00,1790459593.341609,False,WAITING_INSUFFICIENT_NET_RISK_REWARD,1.4007,1.4035,0.19990004997501032,67570.4655779613,False,1.3824,2.2510822510822597,1.4035041116687719,0.00029295823098518525,0.1995012468827828,2,2.0929315242990327,1.4036360496352325,0.009693597095306039,0.2992518703241742,2,3.153201783191321
TREE-EUR,2026-09-26T21:53:15.301646+00:00,1790459595.3016458,False,WAITING_INSUFFICIENT_NET_RISK_REWARD,0.042518,0.042581,0.14817253868950608,6316.98821124267,False,0.041914,2.4106283595051994,0.04258669527244686,0.013375149589855972,0.14795331251027388,3,2.1683946141012314,0.04259311870450203,0.02846035673664815,0.22192996876541082,5,3.274722773123699
ARB-EUR,2026-09-26T22:08:53.315622+00:00,1790460533.3156223,False,WAITING_INSUFFICIENT_NET_RISK_REWARD,0.19733,0.1976,0.13682663558505226,65567.0409149521,False,0.19067,3.3060357901122184,0.1976,0.0,0.13663967611335925,1,4.08435809514674,0.1976,0.0,0.20495951417003888,1,6.126537142720082
RUNE-EUR,2026-09-26T22:08:55.646233+00:00,1790460535.6462326,True,ENTRY_READY_SHADOW,0.67209,0.67334,0.1859869957892668,37353.47765142753,False,0.64527,2.9748626353060863,0.67334,0.0,0.185641726319552,1,4.742085118240723,0.67334,0.0,0.278462589479328,1,7.113127677361092
MON-EUR,2026-09-26T22:08:56.122638+00:00,1790460536.1226375,True,ENTRY_READY_SHADOW,0.023508,0.023532,0.10209290454312736,33933.3827047749,False,0.022529,3.0635043396064208,0.02354849343807431,0.07008940198158786,0.10198878123406363,2,4.901690066905957,0.02354932889943044,0.07363972220992832,0.15298317185109545,2,7.357595815463952
ZAMA-EUR,2026-09-26T22:09:01.953961+00:00,1790460541.953961,True,ENTRY_READY_SHADOW,0.079561,0.079727,0.2086449391033307,123697.8836334636,False,0.076799,2.878715183960007,0.079727,0.0,0.20821051839401417,1,4.248815795247907,0.079727,0.0,0.31231577759102125,1,6.373223692871846
CNPY-EUR,2026-09-26T22:09:02.655741+00:00,1790460542.6557407,False,WAITING_SPREAD,0.36764,0.36957,0.524970079425513,7470.917717043701,False,,,0.36957310012898276,0.0008388475749576685,0.5222285358659984,2,,0.3695754000573623,0.0014611730828395508,0.7833428037989976,2,
EDGE-EUR,2026-09-26T22:26:52.034160+00:00,1790461612.0341597,False,WAITING_SPREAD,0.128843,0.130333,1.156446217489493,11278.96843479581,False,,,0.130333,0.0,1.1432254302440659,1,,0.130333,0.0,1.7148381453660988,1,
PEAQ-EUR,2026-09-26T22:26:52.454543+00:00,1790461612.4545426,True,ENTRY_READY_SHADOW,0.038595,0.038621,0.06736623915015727,21192.439122590487,False,0.03661,3.769534828931172,0.038621,0.0,0.06732088760001975,1,5.7741149185501826,0.038621,0.0,0.10098133140002963,1,8.661172377825267
2Z-EUR,2026-09-26T22:26:53.432045+00:00,1790461613.432045,True,ENTRY_READY_SHADOW,0.063998,0.064169,0.2671958498703164,19843.51266910944,False,0.060196,3.931672869548624,0.06418946072815436,0.0318856895920927,0.2664838161729244,2,6.782399907672527,0.06419658317669505,0.042985205777013036,0.3997257242593866,3,10.189113246962279
GLMR-EUR,2026-09-26T22:26:54.266452+00:00,1790461614.266452,True,ENTRY_READY_SHADOW,0.006372,0.006397,0.39234149403639673,13694.730572149754,False,0.005984,12.28235294117647,0.006397,0.0,0.3908081913396866,1,7.015781477991737,0.006397382246725935,0.005975406064329114,0.5862122870095299,2,10.532005995959139
CNPY-EUR,2026-09-26T22:26:53.024505+00:00,1790461613.0245047,True,ENTRY_READY_SHADOW,0.36897,0.37078,0.4905547876520977,10018.3748568417,False,0.35578,3.809011432414258,0.37078343922063656,0.000927563686436983,0.48816009493499735,2,4.620462184936116,0.3710050896328907,0.06070705887337713,0.732240142402496,3,7.016167497845089
CPOOL-EUR,2026-09-26T22:27:00.035580+00:00,1790461620.0355804,False,WAITING_INSUFFICIENT_NET_RISK_REWARD,0.03328,0.033328,0.14423076923077982,19485.699051209987,False,0.032249,3.223554408863258,0.033328990469414344,0.002971883744429249,0.1440230436870138,3,3.8192621539431286,0.03332932697281447,0.003981555492260647,0.2160345655305207,3,5.730349837524415
HEI-EUR,2026-09-26T22:26:55.516742+00:00,1790461615.516742,False,WAITING_VISIBLE_DEPTH,0.130307,0.130515,0.15962304404213423,55319.0657335514,False,,,0.13051500000016067,1.2310152897043736e-10,0.15936865494386998,1,,0.13051533333163068,0.0002553971809371447,0.23905298241580497,2,
QNT-EUR,2026-09-26T22:44:22.537145+00:00,1790462662.5371451,False,WAITING_STOP_GEOMETRY,124.239,124.519,0.22537206513253416,82992.63758861736,False,104.341,9.5020069156053,124.5908924173874,0.05773610243207106,0.22486528160361452,2,16.754127527630743,124.60225953704203,0.06686492586835957,0.3372979224054218,2,25.14258272764475
CRO-EUR,2026-09-26T22:44:22.893771+00:00,1790462662.8937707,False,WAITING_SPREAD,0.059606,0.059982,0.6308089789618609,5737.19491938237,False,,,0.059982,0.0,0.6268547230835919,1,,0.059982,0.0,0.9402820846253879,1,
TREE-EUR,2026-09-26T22:44:25.398376+00:00,1790462665.3983765,False,WAITING_INSUFFICIENT_NET_RISK_REWARD,0.042967,0.04315,0.42590825517259123,8660.46067586867,False,0.041921,2.05904299972018,0.04315,0.0,0.4241019698725479,1,3.4294187994671574,0.04315,0.0,0.6361529548088218,1,5.144128199200736
AGI-EUR,2026-09-26T22:44:28.956561+00:00,1790462668.956561,True,ENTRY_READY_SHADOW,0.005983,0.006011,0.4679926458298622,5797.251079847688,False,0.005777,8.85311871227364,0.006016320176407811,0.08850734333407662,0.46581267675928073,3,4.552306442985952,0.006021764578474957,0.17908132548589695,0.6987190151389211,4,6.957904019202715
SKL-EUR,2026-09-26T22:58:17.420558+00:00,1790463497.4205585,False,WAITING_INSUFFICIENT_NET_RISK_REWARD,0.0041573,0.00417,0.3054867341784284,52490.980557727766,False,0.0040327,2.566883586406359,0.00417,0.0,0.3045563549160635,1,3.8711223918620448,0.00417,0.0,0.4568345323740952,1,5.8066835877930885
KMNO-EUR,2026-09-26T22:58:17.949485+00:00,1790463497.9494848,False,WAITING_INSUFFICIENT_NET_RISK_REWARD,0.044415,0.04445,0.07880220646179215,98385.69379880403,False,0.043354,1.4110471335260306,0.044456193958260795,0.013934664253745233,0.07874015748031704,3,3.062702930769589,0.04446179456068765,0.026534444741610486,0.11811023622047556,3,4.612370366075879
KAIA-EUR,2026-09-26T22:58:19.806284+00:00,1790463499.8062842,False,WAITING_INSUFFICIENT_NET_RISK_REWARD,0.03161,0.031676,0.20879468522621014,75003.03933865127,False,0.030724,2.0326367019753815,0.031676,0.0,0.20835964136887153,1,3.585704226616187,0.031676,0.0,0.3125394620533073,1,5.378556339924273
CNPY-EUR,2026-09-26T22:58:20.522332+00:00,1790463500.522332,False,WAITING_INSUFFICIENT_NET_RISK_REWARD,0.3705,0.37082,0.08636977058029682,9170.8803139149,False,0.36022,3.0733052221861796,0.3708244020974235,0.001187125134438638,0.08629523758156843,2,3.440829108219134,0.37087958496971957,0.016068434744509474,0.12944285637235264,2,5.182794103276137
CPOOL-EUR,2026-09-26T22:58:20.966972+00:00,1790463500.9669716,False,WAITING_INSUFFICIENT_NET_RISK_REWARD,0.033106,0.03322,0.3443484564731536,19450.168915846076,False,0.032246,3.1747929807778554,0.033276643490568136,0.17051020640619363,0.3431667670078409,2,3.676923104216712,0.03329471015657427,0.22489511310739285,0.5147501505117613,3,5.5937861584304756
BILL-EUR,2026-09-26T22:58:25.619561+00:00,1790463505.6195607,False,WAITING_INSUFFICIENT_NET_RISK_REWARD,0.011607,0.011626,0.16369432239164983,15622.6602174139,False,0.011317,4.954682779456192,0.011627142926451816,0.009830779733510653,0.1634268019955254,4,3.2497009387942484,0.011628080144626154,0.017892178102130174,0.2451402029932881,5,4.886248455880036
SOON-EUR,2026-09-26T23:17:52.119675+00:00,1790464672.1196754,True,ENTRY_READY_SHADOW,0.20471,0.20537,0.3224073078989864,37288.6981866588,False,0.19811,4.1374339259971205,0.2053700000001219,5.935252289646087e-11,0.32137118371718953,2,4.112188596589135,0.20537333322521234,0.001623034139530688,0.4820567755757843,2,6.170617294782346
KITE-EUR,2026-09-26T23:17:52.527665+00:00,1790464672.527665,True,ENTRY_READY_SHADOW,0.13388,0.13406,0.1344487600836608,30042.67656541,False,0.12778,4.836903784429339,0.13406,0.0,0.134268238102353,1,5.254698960490757,0.13406,0.0,0.2014023571535295,1,7.882048440736128
AVAX-EUR,2026-09-26T23:17:53.052216+00:00,1790464673.0522163,False,WAITING_INSUFFICIENT_NET_RISK_REWARD,9.5186,9.5231,0.0472758598953682,96530.18147382971,False,9.3596,1.729839469222883,9.5231,0.0,0.047253520387269266,1,2.304860974486715,9.5231,0.0,0.0708802805809039,1,3.4572914617300796
FIL-EUR,2026-09-26T23:17:54.750038+00:00,1790464674.7500377,False,WAITING_INSUFFICIENT_NET_RISK_REWARD,0.99554,0.99767,0.21395423589207763,41240.56023946305,False,0.97847,1.1618299072954494,0.9976700000000001,2.220446049250313e-14,0.21349744905629908,1,2.511225102118871,0.9976700000000001,2.220446049250313e-14,0.3202461735844486,1,3.766837653178328
HUMA-EUR,2026-09-26T23:18:01.303879+00:00,1790464681.3038785,False,WAITING_INSUFFICIENT_NET_RISK_REWARD,0.025295,0.025341,0.18185412136784151,45698.7604123629,False,0.024844,2.00031625553447,0.025341000000021315,8.411049634560186e-11,0.18152401246990246,2,2.5477696785258246,0.0253413333245785,0.0013153568466206522,0.2722860187048537,2,3.82357725925047
KAS-EUR,2026-09-26T23:18:01.586843+00:00,1790464681.5868425,False,WAITING_INSUFFICIENT_NET_RISK_REWARD,0.041317,0.041399,0.19846552266620243,57992.01489193164,False,0.040731,3.6701229804677973,0.04140065791956203,0.004004733355955636,0.1980724172081394,3,2.2060830684718837,0.04140110527004022,0.005085316167585674,0.2971086258122091,3,3.3107096384895556
ZIG-EUR,2026-09-26T23:33:15.395448+00:00,1790465595.3954482,False,WAITING_INSUFFICIENT_NET_RISK_REWARD,0.045439,0.045531,0.20246924448161785,35217.6866417943,False,0.044843,2.4779795269115072,0.045643542234229006,0.2471771633151043,0.20206013485317698,2,2.3416619008948203,0.04567376946291176,0.3135654014007061,0.30309020227976546,3,3.609439335720907
LAPTOP-EUR,2026-09-26T23:33:21.908634+00:00,1790465601.9086337,True,ENTRY_READY_SHADOW,0.07114,0.07124,0.14056789429295335,30246.1767204905,False,0.06802,5.799773114010205,0.07124,0.0,0.14037057832678723,1,5.091146292046417,0.07124288499943138,0.0040496903865427925,0.21055586749018085,2,7.642484476690271
STX-EUR,2026-09-26T23:33:17.942220+00:00,1790465597.9422197,False,WAITING_INSUFFICIENT_NET_RISK_REWARD,0.29888,0.29936,0.1605995717344877,41189.42786639936,False,0.29518,1.589999999999999,0.29936,0.0,0.16034206306788645,1,1.986212998369922,0.29936,0.0,0.24051309460182968,1,2.9793194975548545
EGLD-EUR,2026-09-26T23:33:21.327200+00:00,1790465601.3272002,False,WAITING_INSUFFICIENT_NET_RISK_REWARD,4.1033,4.1102,0.16815733677770783,58701.60733257425,False,4.044,1.6136479622834259,4.1102,0.0,0.1678750425770037,1,2.1992459365429937,4.1102,0.0,0.25181256386550555,1,3.2988689048144977
ZAMA-EUR,2026-09-26T23:33:18.760421+00:00,1790465598.760421,False,WAITING_INSUFFICIENT_NET_RISK_REWARD,0.079881,0.080094,0.26664663687234746,102160.5520833544,False,0.078328,1.897321428571429,0.080094,0.0,0.2659375234099981,1,2.7899726300399834,0.080094,0.0,0.39890628511499715,1,4.184958945059975
EDGE-EUR,2026-09-26T23:33:22.913300+00:00,1790465602.9133,False,WAITING_SPREAD,0.126146,0.126808,0.5247887368604598,19205.84687903159,False,,,0.126808,0.0,0.5220490820768364,1,,0.126808,0.0,0.7830736231152546,1,
ARK-EUR,2026-09-26T23:33:19.884197+00:00,1790465599.8841975,False,WAITING_INSUFFICIENT_NET_RISK_REWARD,0.22828,0.2289,0.2715962852636977,98353.24924168673,False,0.22562,1.6665208643163243,0.2289204016778509,0.00891292173477165,0.27086063783310355,2,2.0313537544173244,0.2289269340790662,0.011766744895669312,0.4062909567496553,2,3.051223916088361
NIL-EUR,2026-09-26T23:47:00.719837+00:00,1790466420.719837,True,ENTRY_READY_SHADOW,0.089699,0.089936,0.26421699238565743,40270.014497435644,False,0.083817,5.680243215451338,0.089936,0.0,0.2635207258494976,1,7.361277864647207,0.089936,0.0,0.3952810887742464,1,11.04191679697081
KAS-EUR,2026-09-26T23:47:13.983220+00:00,1790466433.9832196,False,WAITING_VISIBLE_DEPTH,0.041813,0.041842,0.06935642025205357,60185.92304498737,False,,,0.04184200000006582,1.5731860258938468e-10,0.06930835046125017,1,,0.04184233332802243,0.0007966350137111888,0.10396252569187525,2,
WELL-EUR,2026-09-26T23:47:14.676439+00:00,1790466434.6764386,False,WAITING_INSUFFICIENT_NET_RISK_REWARD,0.0020339,0.0020417,0.38349968041693216,13966.349989556094,False,0.0019889,2.3449356244186625,0.0020417,0.0,0.38203457902729054,1,3.168863253532919,0.002042990930734334,0.06322822815956197,0.5730518685409358,2,4.8450737682420595
AGI-EUR,2026-09-26T23:47:15.837348+00:00,1790466435.8373477,False,WAITING_SPREAD,0.006028,0.006071,0.713337757133381,5678.528631831651,False,,,0.0060723163228697434,0.021682142476420196,0.7082852907263959,3,,0.006075478032162489,0.0737610305137526,1.0624279360895938,4,
GRAM-EUR,2026-09-27T00:00:10.103206+00:00,1790467210.1032057,True,ENTRY_READY_SHADOW,1.4179,1.4191,0.08463220255308102,46129.1629957774,False,1.3641,3.5691613176271413,1.4191,0.0,0.0845606370234675,1,4.450763708022578,1.4191,0.0,0.12684095553520125,1,6.676145562033838
NEAR-EUR,2026-09-27T00:00:10.544044+00:00,1790467210.5440435,False,WAITING_INSUFFICIENT_NET_RISK_REWARD,4.4204,4.4237,0.0746538774771599,63657.167572412916,False,4.2925,2.429982594543275,4.423766564287465,0.001504719747380534,0.0745981870380108,2,3.5478054862349637,4.423777709468819,0.0017566622695586176,0.1118972805570162,2,5.322072729086756
2Z-EUR,2026-09-27T00:00:14.545609+00:00,1790467214.5456088,False,WAITING_SPREAD,0.063414,0.063827,0.6512757435266581,14277.11794969957,False,,,0.06382781394058835,0.0012752292734452553,0.6470615883560238,2,,0.06386018577219539,0.051993313480802605,0.9705923825340357,3,
SUPER-EUR,2026-09-27T00:00:13.068197+00:00,1790467213.0681975,False,WAITING_INSUFFICIENT_NET_RISK_REWARD,0.17943,0.17992,0.27308699771497746,57693.77101746408,False,0.17543,2.6140155728587375,0.17992000000000002,2.220446049250313e-14,0.2723432636727363,1,3.0788781852616154,0.17992,0.0,0.40851489550910447,1,4.618317277892402
TREAD-EUR,2026-09-27T00:00:13.360328+00:00,1790467213.3603282,False,WAITING_SPREAD,0.78506,0.795,1.266145262782481,12268.3660442115,False,,,0.7968509751636387,0.23282706460863167,1.2503144654088083,3,,0.797423160535846,0.30480006740201127,1.8754716981132125,3,
PYTH-EUR,2026-09-27T00:00:11.309042+00:00,1790467211.309042,False,WAITING_INSUFFICIENT_NET_RISK_REWARD,0.071124,0.071246,0.17153140993193539,35045.0424841616,False,0.069364,2.1080572447790153,0.071246,0.0,0.17123768351906543,1,3.2240029715453744,0.071246,0.0,0.25685652527859815,1,4.836004457318069
CRO-EUR,2026-09-27T00:00:18.952907+00:00,1790467218.952907,False,WAITING_SPREAD,0.059958,0.060338,0.633776977217404,5134.264686045443,False,,,0.06033849979383671,0.000828323505430717,0.6297855414498454,2,,0.060338666528302984,0.0011046576004813957,0.9446783121747682,2,
GLMR-EUR,2026-09-27T00:29:47.441238+00:00,1790468987.441238,True,ENTRY_READY_SHADOW,0.006262,0.006286,0.38326413286489114,11375.278443230321,False,0.006059,2.437866075668838,0.0062867509211204,0.011945929373213815,0.38180082723512365,2,4.199293981151541,0.006286833945220676,0.013266707296799574,0.5727012408526855,2,6.300838691825959
PYTH-EUR,2026-09-27T00:29:37.880266+00:00,1790468977.880266,True,ENTRY_READY_SHADOW,0.073902,0.073998,0.12990176179263901,32926.961393973055,False,0.06937,3.255206524306373,0.073998,0.0,0.12973323603340248,1,6.815061288641658,0.07399908771931703,0.0014699306968291026,0.19459985405010372,3,10.224646533789695
COW-EUR,2026-09-27T00:29:38.107294+00:00,1790468978.1072938,False,WAITING_SPREAD,0.14844,0.14982,0.929668552950691,40740.89982500015,False,,,0.14982,0.0,0.9211053263916802,1,,0.14982,0.0,1.3816579895875203,1,
PTB-EUR,2026-09-27T00:29:38.555397+00:00,1790468978.5553973,False,WAITING_INSUFFICIENT_NET_RISK_REWARD,0.0008765,0.00088,0.3993154592127901,55140.3692590597,False,0.0008719,3.7506894649751867,0.00088,0.0,0.39772727272727737,1,1.5132022500566649,0.00088,0.0,0.596590909090916,1,2.26980337508499
ESP-EUR,2026-09-27T00:29:38.931871+00:00,1790468978.931871,True,ENTRY_READY_SHADOW,0.096125,0.096452,0.3401820546163892,63428.85770411355,False,0.091366,3.695647515161898,0.09645200000000001,2.220446049250313e-14,0.3390287396839775,1,5.839797082791705,0.096452,0.0,0.5085431095259663,1,8.759695624187543
LAPTOP-EUR,2026-09-27T00:29:40.910728+00:00,1790468980.9107277,False,WAITING_SPREAD,0.0725,0.07287,0.5103448275862288,28603.09786084,False,,,0.0728800351662404,0.013771327350631246,0.5077535336901473,2,,0.07290869272910024,0.053098297104758885,0.761630300535221,3,
NEAR-EUR,2026-09-27T00:29:39.359921+00:00,1790468979.3599207,True,ENTRY_READY_SHADOW,4.4994,4.5013,0.042227852602572113,71620.38989914607,False,4.2944,2.464876642683675,4.503533723318258,0.049623960150579904,0.0422100282140736,2,5.21424226300023,4.503589147514613,0.050855253251569366,0.0633150423211104,2,7.823113140406235
GRAM-EUR,2026-09-27T00:29:39.679329+00:00,1790468979.6793287,False,WAITING_INSUFFICIENT_NET_RISK_REWARD,1.4092,1.4104,0.08515469770082884,81365.6986951257,False,1.3642,3.59604861061758,1.4104,0.0,0.08508224617130855,1,3.8543240240295233,1.4104,0.0,0.12762336925696283,1,5.781486036044328
CNPY-EUR,2026-09-27T00:29:43.752909+00:00,1790468983.7529094,False,WAITING_INSUFFICIENT_NET_RISK_REWARD,0.36979,0.37082,0.27853646664321996,9642.689088167,False,0.36054,3.0880968392737027,0.37124159876699747,0.11369364300670703,0.27776279596568587,2,3.463659539769708,0.37141091126665093,0.159352587953987,0.4166441939485288,2,5.2615003312006365
